display_id,frozen_feature,source_column_order
F01,alpha1|BZD_GAMMA2_056|ASP|any_contact_frequency,1
F02,alpha1|BZD_GAMMA2_058|TYR|any_contact_frequency,2
F03,alpha1|BZD_GAMMA2_060|ASN|any_contact_frequency,3
F04,alpha1|BZD_GAMMA2_077|PHE|any_contact_frequency,4
F05,alpha1|BZD_GAMMA2_079|ALA|any_contact_frequency,5
F06,alpha1|BZD_GAMMA2_142|THR|any_contact_frequency,6
F07,alpha1|BZD_GAMMA2_189|GLU|any_contact_frequency,7
F08,alpha1|BZD_GAMMA2_192|ASP|any_contact_frequency,8
F09,alpha1|BZD_GAMMA2_195|SER|any_contact_frequency,9
F10,alpha1|BZD_SITE_100|PHE|any_contact_frequency,10
F11,alpha1|BZD_SITE_102|HIS|any_contact_frequency,11
F12,alpha1|BZD_SITE_103|ASN|any_contact_frequency,12
F13,alpha1|BZD_SITE_138|GLU|any_contact_frequency,13
F14,alpha1|BZD_SITE_156|LYS|any_contact_frequency,14
F15,alpha1|BZD_SITE_160|TYR|any_contact_frequency,15
F16,alpha1|BZD_SITE_203|VAL|any_contact_frequency,16
F17,alpha1|BZD_SITE_204|GLN|any_contact_frequency,17
F18,alpha1|BZD_SITE_205|SER|any_contact_frequency,18
F19,alpha1|BZD_SITE_206|SER|any_contact_frequency,19
F20,alpha1|BZD_SITE_207|THR|any_contact_frequency,20
F21,alpha1|BZD_SITE_210|TYR|any_contact_frequency,21
F22,alpha2|BZD_GAMMA2_056|ASP|any_contact_frequency,22
F23,alpha2|BZD_GAMMA2_058|TYR|any_contact_frequency,23
F24,alpha2|BZD_GAMMA2_059|VAL|any_contact_frequency,24
F25,alpha2|BZD_GAMMA2_060|ASN|any_contact_frequency,25
F26,alpha2|BZD_GAMMA2_061|SER|any_contact_frequency,26
F27,alpha2|BZD_GAMMA2_075|ASP|any_contact_frequency,27
F28,alpha2|BZD_GAMMA2_077|PHE|any_contact_frequency,28
F29,alpha2|BZD_GAMMA2_079|ALA|any_contact_frequency,29
F30,alpha2|BZD_GAMMA2_142|THR|any_contact_frequency,30
F31,alpha2|BZD_GAMMA2_144|ARG|any_contact_frequency,31
F32,alpha2|BZD_GAMMA2_192|ASP|any_contact_frequency,32
F33,alpha2|BZD_GAMMA2_195|SER|any_contact_frequency,33
F34,alpha2|BZD_GAMMA2_196|TRP|any_contact_frequency,34
F35,alpha2|BZD_SITE_100|PHE|any_contact_frequency,35
F36,alpha2|BZD_SITE_102|HIS|any_contact_frequency,36
F37,alpha2|BZD_SITE_103|ASN|any_contact_frequency,37
F38,alpha2|BZD_SITE_138|GLU|any_contact_frequency,38
F39,alpha2|BZD_SITE_154|PRO|any_contact_frequency,39
F40,alpha2|BZD_SITE_156|LYS|any_contact_frequency,40
F41,alpha2|BZD_SITE_160|TYR|any_contact_frequency,41
F42,alpha2|BZD_SITE_201|GLU|any_contact_frequency,42
F43,alpha2|BZD_SITE_203|ILE|any_contact_frequency,43
F44,alpha2|BZD_SITE_204|LYS|any_contact_frequency,44
F45,alpha2|BZD_SITE_206|SER|any_contact_frequency,45
F46,alpha2|BZD_SITE_207|THR|any_contact_frequency,46
F47,alpha2|BZD_SITE_210|TYR|any_contact_frequency,47
F48,alpha2|BZD_SITE_212|VAL|any_contact_frequency,48
