drug_id,receptor_id,feature,pose_frequency,n_interacting_poses,n_poses,interaction_data_status,unresolved_mapping_count
diazepam,alpha1_beta3_gamma2,BZD_SITE_058|hydrophobic_interaction,0.7777777777777778,7,9,observed,0
diazepam,alpha1_beta3_gamma2,BZD_SITE_058|pi_stack,0.4444444444444444,4,9,observed,0
diazepam,alpha1_beta3_gamma2,BZD_SITE_060|halogen_bond,0.1111111111111111,1,9,observed,0
diazepam,alpha1_beta3_gamma2,BZD_SITE_060|hydrogen_bond,0.0,0,9,no_interaction_observed,0
diazepam,alpha1_beta3_gamma2,BZD_SITE_077|hydrophobic_interaction,0.7777777777777778,7,9,observed,0
diazepam,alpha1_beta3_gamma2,BZD_SITE_077|pi_stack,0.2222222222222222,2,9,observed,0
diazepam,alpha1_beta3_gamma2,BZD_SITE_100|hydrophobic_interaction,0.4444444444444444,4,9,observed,0
diazepam,alpha1_beta3_gamma2,BZD_SITE_102|hydrophobic_interaction,0.0,0,9,no_interaction_observed,0
diazepam,alpha1_beta3_gamma2,BZD_SITE_102|pi_stack,0.1111111111111111,1,9,observed,0
diazepam,alpha1_beta3_gamma2,BZD_SITE_103|hydrophobic_interaction,0.0,0,9,no_interaction_observed,0
diazepam,alpha1_beta3_gamma2,BZD_SITE_154|hydrophobic_interaction,0.0,0,9,no_interaction_observed,0
diazepam,alpha1_beta3_gamma2,BZD_SITE_156|hydrogen_bond,0.1111111111111111,1,9,observed,0
diazepam,alpha1_beta3_gamma2,BZD_SITE_156|hydrophobic_interaction,0.0,0,9,no_interaction_observed,0
diazepam,alpha1_beta3_gamma2,BZD_SITE_160|hydrophobic_interaction,0.2222222222222222,2,9,observed,0
diazepam,alpha1_beta3_gamma2,BZD_SITE_189|hydrogen_bond,0.0,0,9,no_interaction_observed,0
diazepam,alpha1_beta3_gamma2,BZD_SITE_193|halogen_bond,0.0,0,9,no_interaction_observed,0
diazepam,alpha1_beta3_gamma2,BZD_SITE_193|hydrophobic_interaction,0.0,0,9,no_interaction_observed,0
diazepam,alpha1_beta3_gamma2,BZD_SITE_196|halogen_bond,0.0,0,9,no_interaction_observed,0
diazepam,alpha1_beta3_gamma2,BZD_SITE_196|hydrogen_bond,0.0,0,9,no_interaction_observed,0
diazepam,alpha1_beta3_gamma2,BZD_SITE_203|hydrophobic_interaction,0.6666666666666666,6,9,observed,0
diazepam,alpha1_beta3_gamma2,BZD_SITE_205|hydrogen_bond,0.2222222222222222,2,9,observed,0
diazepam,alpha1_beta3_gamma2,BZD_SITE_210|hydrophobic_interaction,0.2222222222222222,2,9,observed,0
diazepam,alpha1_beta3_gamma2,BZD_SITE_210|pi_stack,0.1111111111111111,1,9,observed,0
diazepam,alpha2_beta3_gamma2_local_9CTJ,BZD_SITE_058|hydrophobic_interaction,,0,9,unresolved_mapping,14
diazepam,alpha2_beta3_gamma2_local_9CTJ,BZD_SITE_058|pi_stack,,0,9,unresolved_mapping,14
diazepam,alpha2_beta3_gamma2_local_9CTJ,BZD_SITE_060|halogen_bond,,0,9,unresolved_mapping,14
diazepam,alpha2_beta3_gamma2_local_9CTJ,BZD_SITE_060|hydrogen_bond,,0,9,unresolved_mapping,14
diazepam,alpha2_beta3_gamma2_local_9CTJ,BZD_SITE_077|hydrophobic_interaction,,0,9,unresolved_mapping,14
diazepam,alpha2_beta3_gamma2_local_9CTJ,BZD_SITE_077|pi_stack,,0,9,unresolved_mapping,14
diazepam,alpha2_beta3_gamma2_local_9CTJ,BZD_SITE_100|hydrophobic_interaction,0.1111111111111111,1,9,observed,14
diazepam,alpha2_beta3_gamma2_local_9CTJ,BZD_SITE_102|hydrophobic_interaction,,0,9,unresolved_mapping,14
diazepam,alpha2_beta3_gamma2_local_9CTJ,BZD_SITE_102|pi_stack,0.2222222222222222,2,9,observed,14
diazepam,alpha2_beta3_gamma2_local_9CTJ,BZD_SITE_103|hydrophobic_interaction,0.2222222222222222,2,9,observed,14
diazepam,alpha2_beta3_gamma2_local_9CTJ,BZD_SITE_154|hydrophobic_interaction,0.1111111111111111,1,9,observed,14
diazepam,alpha2_beta3_gamma2_local_9CTJ,BZD_SITE_156|hydrogen_bond,,0,9,unresolved_mapping,14
diazepam,alpha2_beta3_gamma2_local_9CTJ,BZD_SITE_156|hydrophobic_interaction,0.2222222222222222,2,9,observed,14
diazepam,alpha2_beta3_gamma2_local_9CTJ,BZD_SITE_160|hydrophobic_interaction,,0,9,unresolved_mapping,14
diazepam,alpha2_beta3_gamma2_local_9CTJ,BZD_SITE_189|hydrogen_bond,,0,9,unresolved_mapping,14
diazepam,alpha2_beta3_gamma2_local_9CTJ,BZD_SITE_193|halogen_bond,,0,9,unresolved_mapping,14
diazepam,alpha2_beta3_gamma2_local_9CTJ,BZD_SITE_193|hydrophobic_interaction,,0,9,unresolved_mapping,14
diazepam,alpha2_beta3_gamma2_local_9CTJ,BZD_SITE_196|halogen_bond,0.2222222222222222,2,9,observed,14
diazepam,alpha2_beta3_gamma2_local_9CTJ,BZD_SITE_196|hydrogen_bond,,0,9,unresolved_mapping,14
diazepam,alpha2_beta3_gamma2_local_9CTJ,BZD_SITE_203|hydrophobic_interaction,0.6666666666666666,6,9,observed,14
diazepam,alpha2_beta3_gamma2_local_9CTJ,BZD_SITE_205|hydrogen_bond,0.1111111111111111,1,9,observed,14
diazepam,alpha2_beta3_gamma2_local_9CTJ,BZD_SITE_210|hydrophobic_interaction,0.1111111111111111,1,9,observed,14
diazepam,alpha2_beta3_gamma2_local_9CTJ,BZD_SITE_210|pi_stack,,0,9,unresolved_mapping,14
alprazolam,alpha1_beta3_gamma2,BZD_SITE_058|hydrophobic_interaction,1.0,9,9,observed,0
alprazolam,alpha1_beta3_gamma2,BZD_SITE_058|pi_stack,0.4444444444444444,4,9,observed,0
alprazolam,alpha1_beta3_gamma2,BZD_SITE_060|halogen_bond,0.0,0,9,no_interaction_observed,0
alprazolam,alpha1_beta3_gamma2,BZD_SITE_060|hydrogen_bond,0.0,0,9,no_interaction_observed,0
alprazolam,alpha1_beta3_gamma2,BZD_SITE_077|hydrophobic_interaction,0.7777777777777778,7,9,observed,0
alprazolam,alpha1_beta3_gamma2,BZD_SITE_077|pi_stack,0.4444444444444444,4,9,observed,0
alprazolam,alpha1_beta3_gamma2,BZD_SITE_100|hydrophobic_interaction,0.3333333333333333,3,9,observed,0
alprazolam,alpha1_beta3_gamma2,BZD_SITE_102|hydrophobic_interaction,0.2222222222222222,2,9,observed,0
alprazolam,alpha1_beta3_gamma2,BZD_SITE_102|pi_stack,0.1111111111111111,1,9,observed,0
alprazolam,alpha1_beta3_gamma2,BZD_SITE_103|hydrophobic_interaction,0.1111111111111111,1,9,observed,0
alprazolam,alpha1_beta3_gamma2,BZD_SITE_154|hydrophobic_interaction,0.0,0,9,no_interaction_observed,0
alprazolam,alpha1_beta3_gamma2,BZD_SITE_156|hydrogen_bond,0.1111111111111111,1,9,observed,0
alprazolam,alpha1_beta3_gamma2,BZD_SITE_156|hydrophobic_interaction,0.1111111111111111,1,9,observed,0
alprazolam,alpha1_beta3_gamma2,BZD_SITE_160|hydrophobic_interaction,0.1111111111111111,1,9,observed,0
alprazolam,alpha1_beta3_gamma2,BZD_SITE_189|hydrogen_bond,0.0,0,9,no_interaction_observed,0
alprazolam,alpha1_beta3_gamma2,BZD_SITE_193|halogen_bond,0.0,0,9,no_interaction_observed,0
alprazolam,alpha1_beta3_gamma2,BZD_SITE_193|hydrophobic_interaction,0.0,0,9,no_interaction_observed,0
alprazolam,alpha1_beta3_gamma2,BZD_SITE_196|halogen_bond,0.0,0,9,no_interaction_observed,0
alprazolam,alpha1_beta3_gamma2,BZD_SITE_196|hydrogen_bond,0.0,0,9,no_interaction_observed,0
alprazolam,alpha1_beta3_gamma2,BZD_SITE_203|hydrophobic_interaction,0.6666666666666666,6,9,observed,0
alprazolam,alpha1_beta3_gamma2,BZD_SITE_205|hydrogen_bond,0.2222222222222222,2,9,observed,0
alprazolam,alpha1_beta3_gamma2,BZD_SITE_210|hydrophobic_interaction,0.4444444444444444,4,9,observed,0
alprazolam,alpha1_beta3_gamma2,BZD_SITE_210|pi_stack,0.0,0,9,no_interaction_observed,0
alprazolam,alpha2_beta3_gamma2_local_9CTJ,BZD_SITE_058|hydrophobic_interaction,,0,9,unresolved_mapping,15
alprazolam,alpha2_beta3_gamma2_local_9CTJ,BZD_SITE_058|pi_stack,,0,9,unresolved_mapping,15
alprazolam,alpha2_beta3_gamma2_local_9CTJ,BZD_SITE_060|halogen_bond,,0,9,unresolved_mapping,15
alprazolam,alpha2_beta3_gamma2_local_9CTJ,BZD_SITE_060|hydrogen_bond,,0,9,unresolved_mapping,15
alprazolam,alpha2_beta3_gamma2_local_9CTJ,BZD_SITE_077|hydrophobic_interaction,,0,9,unresolved_mapping,15
alprazolam,alpha2_beta3_gamma2_local_9CTJ,BZD_SITE_077|pi_stack,,0,9,unresolved_mapping,15
alprazolam,alpha2_beta3_gamma2_local_9CTJ,BZD_SITE_100|hydrophobic_interaction,0.2222222222222222,2,9,observed,15
alprazolam,alpha2_beta3_gamma2_local_9CTJ,BZD_SITE_102|hydrophobic_interaction,0.1111111111111111,1,9,observed,15
alprazolam,alpha2_beta3_gamma2_local_9CTJ,BZD_SITE_102|pi_stack,0.3333333333333333,3,9,observed,15
alprazolam,alpha2_beta3_gamma2_local_9CTJ,BZD_SITE_103|hydrophobic_interaction,0.3333333333333333,3,9,observed,15
alprazolam,alpha2_beta3_gamma2_local_9CTJ,BZD_SITE_154|hydrophobic_interaction,0.2222222222222222,2,9,observed,15
alprazolam,alpha2_beta3_gamma2_local_9CTJ,BZD_SITE_156|hydrogen_bond,,0,9,unresolved_mapping,15
alprazolam,alpha2_beta3_gamma2_local_9CTJ,BZD_SITE_156|hydrophobic_interaction,0.5555555555555556,5,9,observed,15
alprazolam,alpha2_beta3_gamma2_local_9CTJ,BZD_SITE_160|hydrophobic_interaction,,0,9,unresolved_mapping,15
alprazolam,alpha2_beta3_gamma2_local_9CTJ,BZD_SITE_189|hydrogen_bond,,0,9,unresolved_mapping,15
alprazolam,alpha2_beta3_gamma2_local_9CTJ,BZD_SITE_193|halogen_bond,,0,9,unresolved_mapping,15
alprazolam,alpha2_beta3_gamma2_local_9CTJ,BZD_SITE_193|hydrophobic_interaction,,0,9,unresolved_mapping,15
alprazolam,alpha2_beta3_gamma2_local_9CTJ,BZD_SITE_196|halogen_bond,,0,9,unresolved_mapping,15
alprazolam,alpha2_beta3_gamma2_local_9CTJ,BZD_SITE_196|hydrogen_bond,0.1111111111111111,1,9,observed,15
alprazolam,alpha2_beta3_gamma2_local_9CTJ,BZD_SITE_203|hydrophobic_interaction,0.7777777777777778,7,9,observed,15
alprazolam,alpha2_beta3_gamma2_local_9CTJ,BZD_SITE_205|hydrogen_bond,,0,9,unresolved_mapping,15
alprazolam,alpha2_beta3_gamma2_local_9CTJ,BZD_SITE_210|hydrophobic_interaction,0.2222222222222222,2,9,observed,15
alprazolam,alpha2_beta3_gamma2_local_9CTJ,BZD_SITE_210|pi_stack,,0,9,unresolved_mapping,15
triazolam,alpha1_beta3_gamma2,BZD_SITE_058|hydrophobic_interaction,0.8888888888888888,8,9,observed,0
triazolam,alpha1_beta3_gamma2,BZD_SITE_058|pi_stack,0.5555555555555556,5,9,observed,0
triazolam,alpha1_beta3_gamma2,BZD_SITE_060|halogen_bond,0.1111111111111111,1,9,observed,0
triazolam,alpha1_beta3_gamma2,BZD_SITE_060|hydrogen_bond,0.1111111111111111,1,9,observed,0
triazolam,alpha1_beta3_gamma2,BZD_SITE_077|hydrophobic_interaction,0.4444444444444444,4,9,observed,0
triazolam,alpha1_beta3_gamma2,BZD_SITE_077|pi_stack,0.1111111111111111,1,9,observed,0
triazolam,alpha1_beta3_gamma2,BZD_SITE_100|hydrophobic_interaction,0.0,0,9,no_interaction_observed,0
triazolam,alpha1_beta3_gamma2,BZD_SITE_102|hydrophobic_interaction,0.1111111111111111,1,9,observed,0
triazolam,alpha1_beta3_gamma2,BZD_SITE_102|pi_stack,0.0,0,9,no_interaction_observed,0
triazolam,alpha1_beta3_gamma2,BZD_SITE_103|hydrophobic_interaction,0.0,0,9,no_interaction_observed,0
triazolam,alpha1_beta3_gamma2,BZD_SITE_154|hydrophobic_interaction,0.0,0,9,no_interaction_observed,0
triazolam,alpha1_beta3_gamma2,BZD_SITE_156|hydrogen_bond,0.3333333333333333,3,9,observed,0
triazolam,alpha1_beta3_gamma2,BZD_SITE_156|hydrophobic_interaction,0.0,0,9,no_interaction_observed,0
triazolam,alpha1_beta3_gamma2,BZD_SITE_160|hydrophobic_interaction,0.0,0,9,no_interaction_observed,0
triazolam,alpha1_beta3_gamma2,BZD_SITE_189|hydrogen_bond,0.1111111111111111,1,9,observed,0
triazolam,alpha1_beta3_gamma2,BZD_SITE_193|halogen_bond,0.0,0,9,no_interaction_observed,0
triazolam,alpha1_beta3_gamma2,BZD_SITE_193|hydrophobic_interaction,0.0,0,9,no_interaction_observed,0
triazolam,alpha1_beta3_gamma2,BZD_SITE_196|halogen_bond,0.0,0,9,no_interaction_observed,0
triazolam,alpha1_beta3_gamma2,BZD_SITE_196|hydrogen_bond,0.0,0,9,no_interaction_observed,0
triazolam,alpha1_beta3_gamma2,BZD_SITE_203|hydrophobic_interaction,0.8888888888888888,8,9,observed,0
triazolam,alpha1_beta3_gamma2,BZD_SITE_205|hydrogen_bond,0.0,0,9,no_interaction_observed,0
triazolam,alpha1_beta3_gamma2,BZD_SITE_210|hydrophobic_interaction,0.1111111111111111,1,9,observed,0
triazolam,alpha1_beta3_gamma2,BZD_SITE_210|pi_stack,0.0,0,9,no_interaction_observed,0
triazolam,alpha2_beta3_gamma2_local_9CTJ,BZD_SITE_058|hydrophobic_interaction,,0,9,unresolved_mapping,15
triazolam,alpha2_beta3_gamma2_local_9CTJ,BZD_SITE_058|pi_stack,,0,9,unresolved_mapping,15
triazolam,alpha2_beta3_gamma2_local_9CTJ,BZD_SITE_060|halogen_bond,,0,9,unresolved_mapping,15
triazolam,alpha2_beta3_gamma2_local_9CTJ,BZD_SITE_060|hydrogen_bond,,0,9,unresolved_mapping,15
triazolam,alpha2_beta3_gamma2_local_9CTJ,BZD_SITE_077|hydrophobic_interaction,,0,9,unresolved_mapping,15
triazolam,alpha2_beta3_gamma2_local_9CTJ,BZD_SITE_077|pi_stack,,0,9,unresolved_mapping,15
triazolam,alpha2_beta3_gamma2_local_9CTJ,BZD_SITE_100|hydrophobic_interaction,,0,9,unresolved_mapping,15
triazolam,alpha2_beta3_gamma2_local_9CTJ,BZD_SITE_102|hydrophobic_interaction,0.5555555555555556,5,9,observed,15
triazolam,alpha2_beta3_gamma2_local_9CTJ,BZD_SITE_102|pi_stack,,0,9,unresolved_mapping,15
triazolam,alpha2_beta3_gamma2_local_9CTJ,BZD_SITE_103|hydrophobic_interaction,0.3333333333333333,3,9,observed,15
triazolam,alpha2_beta3_gamma2_local_9CTJ,BZD_SITE_154|hydrophobic_interaction,0.1111111111111111,1,9,observed,15
triazolam,alpha2_beta3_gamma2_local_9CTJ,BZD_SITE_156|hydrogen_bond,,0,9,unresolved_mapping,15
triazolam,alpha2_beta3_gamma2_local_9CTJ,BZD_SITE_156|hydrophobic_interaction,0.5555555555555556,5,9,observed,15
triazolam,alpha2_beta3_gamma2_local_9CTJ,BZD_SITE_160|hydrophobic_interaction,,0,9,unresolved_mapping,15
triazolam,alpha2_beta3_gamma2_local_9CTJ,BZD_SITE_189|hydrogen_bond,,0,9,unresolved_mapping,15
triazolam,alpha2_beta3_gamma2_local_9CTJ,BZD_SITE_193|halogen_bond,0.1111111111111111,1,9,observed,15
triazolam,alpha2_beta3_gamma2_local_9CTJ,BZD_SITE_193|hydrophobic_interaction,0.1111111111111111,1,9,observed,15
triazolam,alpha2_beta3_gamma2_local_9CTJ,BZD_SITE_196|halogen_bond,0.1111111111111111,1,9,observed,15
triazolam,alpha2_beta3_gamma2_local_9CTJ,BZD_SITE_196|hydrogen_bond,0.2222222222222222,2,9,observed,15
triazolam,alpha2_beta3_gamma2_local_9CTJ,BZD_SITE_203|hydrophobic_interaction,0.4444444444444444,4,9,observed,15
triazolam,alpha2_beta3_gamma2_local_9CTJ,BZD_SITE_205|hydrogen_bond,,0,9,unresolved_mapping,15
triazolam,alpha2_beta3_gamma2_local_9CTJ,BZD_SITE_210|hydrophobic_interaction,,0,9,unresolved_mapping,15
triazolam,alpha2_beta3_gamma2_local_9CTJ,BZD_SITE_210|pi_stack,,0,9,unresolved_mapping,15
zolpidem,alpha1_beta3_gamma2,BZD_SITE_058|hydrophobic_interaction,0.6666666666666666,6,9,observed,0
zolpidem,alpha1_beta3_gamma2,BZD_SITE_058|pi_stack,0.2222222222222222,2,9,observed,0
zolpidem,alpha1_beta3_gamma2,BZD_SITE_060|halogen_bond,0.0,0,9,no_interaction_observed,0
zolpidem,alpha1_beta3_gamma2,BZD_SITE_060|hydrogen_bond,0.3333333333333333,3,9,observed,0
zolpidem,alpha1_beta3_gamma2,BZD_SITE_077|hydrophobic_interaction,0.8888888888888888,8,9,observed,0
zolpidem,alpha1_beta3_gamma2,BZD_SITE_077|pi_stack,0.1111111111111111,1,9,observed,0
zolpidem,alpha1_beta3_gamma2,BZD_SITE_100|hydrophobic_interaction,0.0,0,9,no_interaction_observed,0
zolpidem,alpha1_beta3_gamma2,BZD_SITE_102|hydrophobic_interaction,0.1111111111111111,1,9,observed,0
zolpidem,alpha1_beta3_gamma2,BZD_SITE_102|pi_stack,0.0,0,9,no_interaction_observed,0
zolpidem,alpha1_beta3_gamma2,BZD_SITE_103|hydrophobic_interaction,0.3333333333333333,3,9,observed,0
zolpidem,alpha1_beta3_gamma2,BZD_SITE_154|hydrophobic_interaction,0.0,0,9,no_interaction_observed,0
zolpidem,alpha1_beta3_gamma2,BZD_SITE_156|hydrogen_bond,0.1111111111111111,1,9,observed,0
zolpidem,alpha1_beta3_gamma2,BZD_SITE_156|hydrophobic_interaction,0.2222222222222222,2,9,observed,0
zolpidem,alpha1_beta3_gamma2,BZD_SITE_160|hydrophobic_interaction,0.1111111111111111,1,9,observed,0
zolpidem,alpha1_beta3_gamma2,BZD_SITE_189|hydrogen_bond,0.0,0,9,no_interaction_observed,0
zolpidem,alpha1_beta3_gamma2,BZD_SITE_193|halogen_bond,0.0,0,9,no_interaction_observed,0
zolpidem,alpha1_beta3_gamma2,BZD_SITE_193|hydrophobic_interaction,0.0,0,9,no_interaction_observed,0
zolpidem,alpha1_beta3_gamma2,BZD_SITE_196|halogen_bond,0.0,0,9,no_interaction_observed,0
zolpidem,alpha1_beta3_gamma2,BZD_SITE_196|hydrogen_bond,0.0,0,9,no_interaction_observed,0
zolpidem,alpha1_beta3_gamma2,BZD_SITE_203|hydrophobic_interaction,0.8888888888888888,8,9,observed,0
zolpidem,alpha1_beta3_gamma2,BZD_SITE_205|hydrogen_bond,0.0,0,9,no_interaction_observed,0
zolpidem,alpha1_beta3_gamma2,BZD_SITE_210|hydrophobic_interaction,0.0,0,9,no_interaction_observed,0
zolpidem,alpha1_beta3_gamma2,BZD_SITE_210|pi_stack,0.0,0,9,no_interaction_observed,0
zolpidem,alpha2_beta3_gamma2_local_9CTJ,BZD_SITE_058|hydrophobic_interaction,,0,9,unresolved_mapping,16
zolpidem,alpha2_beta3_gamma2_local_9CTJ,BZD_SITE_058|pi_stack,,0,9,unresolved_mapping,16
zolpidem,alpha2_beta3_gamma2_local_9CTJ,BZD_SITE_060|halogen_bond,,0,9,unresolved_mapping,16
zolpidem,alpha2_beta3_gamma2_local_9CTJ,BZD_SITE_060|hydrogen_bond,,0,9,unresolved_mapping,16
zolpidem,alpha2_beta3_gamma2_local_9CTJ,BZD_SITE_077|hydrophobic_interaction,,0,9,unresolved_mapping,16
zolpidem,alpha2_beta3_gamma2_local_9CTJ,BZD_SITE_077|pi_stack,,0,9,unresolved_mapping,16
zolpidem,alpha2_beta3_gamma2_local_9CTJ,BZD_SITE_100|hydrophobic_interaction,0.3333333333333333,3,9,observed,16
zolpidem,alpha2_beta3_gamma2_local_9CTJ,BZD_SITE_102|hydrophobic_interaction,0.2222222222222222,2,9,observed,16
zolpidem,alpha2_beta3_gamma2_local_9CTJ,BZD_SITE_102|pi_stack,,0,9,unresolved_mapping,16
zolpidem,alpha2_beta3_gamma2_local_9CTJ,BZD_SITE_103|hydrophobic_interaction,0.2222222222222222,2,9,observed,16
zolpidem,alpha2_beta3_gamma2_local_9CTJ,BZD_SITE_154|hydrophobic_interaction,,0,9,unresolved_mapping,16
zolpidem,alpha2_beta3_gamma2_local_9CTJ,BZD_SITE_156|hydrogen_bond,,0,9,unresolved_mapping,16
zolpidem,alpha2_beta3_gamma2_local_9CTJ,BZD_SITE_156|hydrophobic_interaction,0.2222222222222222,2,9,observed,16
zolpidem,alpha2_beta3_gamma2_local_9CTJ,BZD_SITE_160|hydrophobic_interaction,,0,9,unresolved_mapping,16
zolpidem,alpha2_beta3_gamma2_local_9CTJ,BZD_SITE_189|hydrogen_bond,,0,9,unresolved_mapping,16
zolpidem,alpha2_beta3_gamma2_local_9CTJ,BZD_SITE_193|halogen_bond,,0,9,unresolved_mapping,16
zolpidem,alpha2_beta3_gamma2_local_9CTJ,BZD_SITE_193|hydrophobic_interaction,0.2222222222222222,2,9,observed,16
zolpidem,alpha2_beta3_gamma2_local_9CTJ,BZD_SITE_196|halogen_bond,,0,9,unresolved_mapping,16
zolpidem,alpha2_beta3_gamma2_local_9CTJ,BZD_SITE_196|hydrogen_bond,,0,9,unresolved_mapping,16
zolpidem,alpha2_beta3_gamma2_local_9CTJ,BZD_SITE_203|hydrophobic_interaction,0.6666666666666666,6,9,observed,16
zolpidem,alpha2_beta3_gamma2_local_9CTJ,BZD_SITE_205|hydrogen_bond,,0,9,unresolved_mapping,16
zolpidem,alpha2_beta3_gamma2_local_9CTJ,BZD_SITE_210|hydrophobic_interaction,0.1111111111111111,1,9,observed,16
zolpidem,alpha2_beta3_gamma2_local_9CTJ,BZD_SITE_210|pi_stack,,0,9,unresolved_mapping,16
