drug_id,receptor,receptor_id,common_position,residue_name,interaction_type,interaction_count,n_interacting_poses,n_poses,frequency,data_status,distance_mean,distance_median,distance_std,distance_n_observed,centdist_mean,centdist_median,centdist_std,centdist_n_observed,angle_mean,angle_median,angle_std,angle_n_observed,offset_mean,offset_median,offset_std,offset_n_observed,type_P_frequency,type_T_frequency,type_P_n_interacting_poses,type_T_n_interacting_poses
diazepam,alpha1,alpha1_beta3_gamma2,BZD_GAMMA2_058,TYR,hydrophobic_interaction,10,7,9,0.7777777777777778,observed,3.5159999999999996,3.495,0.2678390893386883,10,,,,0,,,,0,,,,0,,,,
alprazolam,alpha1,alpha1_beta3_gamma2,BZD_GAMMA2_058,TYR,hydrophobic_interaction,15,9,9,1.0,observed,3.5253333333333337,3.57,0.28952835209468986,15,,,,0,,,,0,,,,0,,,,
triazolam,alpha1,alpha1_beta3_gamma2,BZD_GAMMA2_058,TYR,hydrophobic_interaction,9,8,9,0.8888888888888888,observed,3.716666666666667,3.75,0.1288409872672512,9,,,,0,,,,0,,,,0,,,,
zolpidem,alpha1,alpha1_beta3_gamma2,BZD_GAMMA2_058,TYR,hydrophobic_interaction,7,6,9,0.6666666666666666,observed,3.734285714285715,3.74,0.18954833533579615,7,,,,0,,,,0,,,,0,,,,
diazepam,alpha1,alpha1_beta3_gamma2,BZD_GAMMA2_058,TYR,pi_stack,4,4,9,0.4444444444444444,observed,,,,0,3.9675000000000002,4.005,0.17708284313657646,4,18.6875,17.91,6.537911873577578,4,1.5375,1.62,0.31805397864723106,4,0.4444444444444444,0.0,4.0,0.0
alprazolam,alpha1,alpha1_beta3_gamma2,BZD_GAMMA2_058,TYR,pi_stack,4,4,9,0.4444444444444444,observed,,,,0,4.1775,4.09,0.2956771888394501,4,16.5225,17.325000000000003,5.6463579707040665,4,1.5325,1.63,0.28651643350193134,4,0.4444444444444444,0.0,4.0,0.0
triazolam,alpha1,alpha1_beta3_gamma2,BZD_GAMMA2_058,TYR,pi_stack,5,5,9,0.5555555555555556,observed,,,,0,4.1419999999999995,4.2,0.2358389280844025,5,15.280000000000001,15.51,4.817146458226073,5,1.614,1.6,0.2088779547965749,5,0.5555555555555556,0.0,5.0,0.0
zolpidem,alpha1,alpha1_beta3_gamma2,BZD_GAMMA2_058,TYR,pi_stack,2,2,9,0.2222222222222222,observed,,,,0,3.96,3.96,0.09899494936611673,2,15.030000000000001,15.030000000000001,2.828427124746191,2,1.205,1.205,0.06363961030678934,2,0.2222222222222222,0.0,2.0,0.0
diazepam,alpha1,alpha1_beta3_gamma2,BZD_GAMMA2_060,ASN,halogen_bond,1,1,9,0.1111111111111111,observed,3.15,3.15,0.0,1,,,,0,,,,0,,,,0,,,,
alprazolam,alpha1,alpha1_beta3_gamma2,BZD_GAMMA2_060,ASN,halogen_bond,0,0,9,0.0,no_interaction_observed,,,,0,,,,0,,,,0,,,,0,,,,
triazolam,alpha1,alpha1_beta3_gamma2,BZD_GAMMA2_060,ASN,halogen_bond,1,1,9,0.1111111111111111,observed,3.21,3.21,0.0,1,,,,0,,,,0,,,,0,,,,
zolpidem,alpha1,alpha1_beta3_gamma2,BZD_GAMMA2_060,ASN,halogen_bond,0,0,9,0.0,no_interaction_observed,,,,0,,,,0,,,,0,,,,0,,,,
diazepam,alpha1,alpha1_beta3_gamma2,BZD_GAMMA2_060,ASN,hydrogen_bond,0,0,9,0.0,no_interaction_observed,,,,0,,,,0,,,,0,,,,0,,,,
alprazolam,alpha1,alpha1_beta3_gamma2,BZD_GAMMA2_060,ASN,hydrogen_bond,0,0,9,0.0,no_interaction_observed,,,,0,,,,0,,,,0,,,,0,,,,
triazolam,alpha1,alpha1_beta3_gamma2,BZD_GAMMA2_060,ASN,hydrogen_bond,1,1,9,0.1111111111111111,observed,3.9,3.9,0.0,1,,,,0,,,,0,,,,0,,,,
zolpidem,alpha1,alpha1_beta3_gamma2,BZD_GAMMA2_060,ASN,hydrogen_bond,3,3,9,0.3333333333333333,observed,3.3000000000000003,3.35,0.2882707061079914,3,,,,0,,,,0,,,,0,,,,
diazepam,alpha1,alpha1_beta3_gamma2,BZD_GAMMA2_077,PHE,hydrophobic_interaction,12,7,9,0.7777777777777778,observed,3.49,3.4400000000000004,0.212517378968489,12,,,,0,,,,0,,,,0,,,,
alprazolam,alpha1,alpha1_beta3_gamma2,BZD_GAMMA2_077,PHE,hydrophobic_interaction,8,7,9,0.7777777777777778,observed,3.5025000000000004,3.425,0.23735145730691065,8,,,,0,,,,0,,,,0,,,,
triazolam,alpha1,alpha1_beta3_gamma2,BZD_GAMMA2_077,PHE,hydrophobic_interaction,6,4,9,0.4444444444444444,observed,3.6933333333333334,3.7,0.1721239863199393,6,,,,0,,,,0,,,,0,,,,
zolpidem,alpha1,alpha1_beta3_gamma2,BZD_GAMMA2_077,PHE,hydrophobic_interaction,10,8,9,0.8888888888888888,observed,3.562,3.52,0.18677377879253934,10,,,,0,,,,0,,,,0,,,,
diazepam,alpha1,alpha1_beta3_gamma2,BZD_GAMMA2_077,PHE,pi_stack,2,2,9,0.2222222222222222,observed,,,,0,4.525,4.525,0.28991378028648457,2,17.185,17.185,0.40305086527633227,2,1.4,1.4,0.43840620433565936,2,0.2222222222222222,0.0,2.0,0.0
alprazolam,alpha1,alpha1_beta3_gamma2,BZD_GAMMA2_077,PHE,pi_stack,4,4,9,0.4444444444444444,observed,,,,0,4.569999999999999,4.744999999999999,0.4743416490252567,4,34.455,23.479999999999997,33.713157174412885,4,1.365,1.4449999999999998,0.5992495306631453,4,0.3333333333333333,0.1111111111111111,3.0,1.0
triazolam,alpha1,alpha1_beta3_gamma2,BZD_GAMMA2_077,PHE,pi_stack,1,1,9,0.1111111111111111,observed,,,,0,4.19,4.19,0.0,1,29.78,29.78,0.0,1,1.33,1.33,0.0,1,0.1111111111111111,0.0,1.0,0.0
zolpidem,alpha1,alpha1_beta3_gamma2,BZD_GAMMA2_077,PHE,pi_stack,1,1,9,0.1111111111111111,observed,,,,0,4.7,4.7,0.0,1,70.6,70.6,0.0,1,0.47,0.47,0.0,1,0.0,0.1111111111111111,0.0,1.0
diazepam,alpha1,alpha1_beta3_gamma2,BZD_SITE_100,PHE,hydrophobic_interaction,4,4,9,0.4444444444444444,observed,3.4475000000000002,3.51,0.42279821822393415,4,,,,0,,,,0,,,,0,,,,
alprazolam,alpha1,alpha1_beta3_gamma2,BZD_SITE_100,PHE,hydrophobic_interaction,3,3,9,0.3333333333333333,observed,3.7433333333333336,3.91,0.34195516275285764,3,,,,0,,,,0,,,,0,,,,
triazolam,alpha1,alpha1_beta3_gamma2,BZD_SITE_100,PHE,hydrophobic_interaction,0,0,9,0.0,no_interaction_observed,,,,0,,,,0,,,,0,,,,0,,,,
zolpidem,alpha1,alpha1_beta3_gamma2,BZD_SITE_100,PHE,hydrophobic_interaction,0,0,9,0.0,no_interaction_observed,,,,0,,,,0,,,,0,,,,0,,,,
diazepam,alpha1,alpha1_beta3_gamma2,BZD_SITE_102,HIS,hydrophobic_interaction,0,0,9,0.0,no_interaction_observed,,,,0,,,,0,,,,0,,,,0,,,,
alprazolam,alpha1,alpha1_beta3_gamma2,BZD_SITE_102,HIS,hydrophobic_interaction,2,2,9,0.2222222222222222,observed,3.49,3.49,0.33941125496954283,2,,,,0,,,,0,,,,0,,,,
triazolam,alpha1,alpha1_beta3_gamma2,BZD_SITE_102,HIS,hydrophobic_interaction,1,1,9,0.1111111111111111,observed,3.51,3.51,0.0,1,,,,0,,,,0,,,,0,,,,
zolpidem,alpha1,alpha1_beta3_gamma2,BZD_SITE_102,HIS,hydrophobic_interaction,1,1,9,0.1111111111111111,observed,3.93,3.93,0.0,1,,,,0,,,,0,,,,0,,,,
diazepam,alpha1,alpha1_beta3_gamma2,BZD_SITE_102,HIS,pi_stack,1,1,9,0.1111111111111111,observed,,,,0,4.81,4.81,0.0,1,75.69,75.69,0.0,1,1.34,1.34,0.0,1,0.0,0.1111111111111111,0.0,1.0
alprazolam,alpha1,alpha1_beta3_gamma2,BZD_SITE_102,HIS,pi_stack,2,1,9,0.1111111111111111,observed,,,,0,5.0,5.0,0.2969848480983499,2,66.82,66.82,9.475230867899736,2,1.44,1.44,0.014142135623730963,2,0.0,0.1111111111111111,0.0,1.0
triazolam,alpha1,alpha1_beta3_gamma2,BZD_SITE_102,HIS,pi_stack,0,0,9,0.0,no_interaction_observed,,,,0,,,,0,,,,0,,,,0,0.0,0.0,0.0,0.0
zolpidem,alpha1,alpha1_beta3_gamma2,BZD_SITE_102,HIS,pi_stack,0,0,9,0.0,no_interaction_observed,,,,0,,,,0,,,,0,,,,0,0.0,0.0,0.0,0.0
diazepam,alpha1,alpha1_beta3_gamma2,BZD_SITE_156,LYS,hydrogen_bond,1,1,9,0.1111111111111111,observed,3.68,3.68,0.0,1,,,,0,,,,0,,,,0,,,,
alprazolam,alpha1,alpha1_beta3_gamma2,BZD_SITE_156,LYS,hydrogen_bond,1,1,9,0.1111111111111111,observed,3.31,3.31,0.0,1,,,,0,,,,0,,,,0,,,,
triazolam,alpha1,alpha1_beta3_gamma2,BZD_SITE_156,LYS,hydrogen_bond,3,3,9,0.3333333333333333,observed,3.676666666666667,3.61,0.17953644012660303,3,,,,0,,,,0,,,,0,,,,
zolpidem,alpha1,alpha1_beta3_gamma2,BZD_SITE_156,LYS,hydrogen_bond,1,1,9,0.1111111111111111,observed,4.08,4.08,0.0,1,,,,0,,,,0,,,,0,,,,
diazepam,alpha1,alpha1_beta3_gamma2,BZD_SITE_156,LYS,hydrophobic_interaction,0,0,9,0.0,no_interaction_observed,,,,0,,,,0,,,,0,,,,0,,,,
alprazolam,alpha1,alpha1_beta3_gamma2,BZD_SITE_156,LYS,hydrophobic_interaction,1,1,9,0.1111111111111111,observed,3.43,3.43,0.0,1,,,,0,,,,0,,,,0,,,,
triazolam,alpha1,alpha1_beta3_gamma2,BZD_SITE_156,LYS,hydrophobic_interaction,0,0,9,0.0,no_interaction_observed,,,,0,,,,0,,,,0,,,,0,,,,
zolpidem,alpha1,alpha1_beta3_gamma2,BZD_SITE_156,LYS,hydrophobic_interaction,2,2,9,0.2222222222222222,observed,3.725,3.725,0.26162950903902266,2,,,,0,,,,0,,,,0,,,,
diazepam,alpha1,alpha1_beta3_gamma2,BZD_SITE_205,SER,hydrogen_bond,2,2,9,0.2222222222222222,observed,3.275,3.275,0.03535533905932725,2,,,,0,,,,0,,,,0,,,,
alprazolam,alpha1,alpha1_beta3_gamma2,BZD_SITE_205,SER,hydrogen_bond,2,2,9,0.2222222222222222,observed,3.125,3.125,0.1767766952966369,2,,,,0,,,,0,,,,0,,,,
triazolam,alpha1,alpha1_beta3_gamma2,BZD_SITE_205,SER,hydrogen_bond,0,0,9,0.0,no_interaction_observed,,,,0,,,,0,,,,0,,,,0,,,,
zolpidem,alpha1,alpha1_beta3_gamma2,BZD_SITE_205,SER,hydrogen_bond,0,0,9,0.0,no_interaction_observed,,,,0,,,,0,,,,0,,,,0,,,,
diazepam,alpha1,alpha1_beta3_gamma2,BZD_SITE_210,TYR,hydrophobic_interaction,3,2,9,0.2222222222222222,observed,3.56,3.4,0.3764306044943744,3,,,,0,,,,0,,,,0,,,,
alprazolam,alpha1,alpha1_beta3_gamma2,BZD_SITE_210,TYR,hydrophobic_interaction,4,4,9,0.4444444444444444,observed,3.4775,3.415,0.19568256607747828,4,,,,0,,,,0,,,,0,,,,
triazolam,alpha1,alpha1_beta3_gamma2,BZD_SITE_210,TYR,hydrophobic_interaction,2,1,9,0.1111111111111111,observed,3.59,3.59,0.014142135623730963,2,,,,0,,,,0,,,,0,,,,
zolpidem,alpha1,alpha1_beta3_gamma2,BZD_SITE_210,TYR,hydrophobic_interaction,0,0,9,0.0,no_interaction_observed,,,,0,,,,0,,,,0,,,,0,,,,
diazepam,alpha1,alpha1_beta3_gamma2,BZD_SITE_210,TYR,pi_stack,1,1,9,0.1111111111111111,observed,,,,0,4.58,4.58,0.0,1,63.89,63.89,0.0,1,1.19,1.19,0.0,1,0.0,0.1111111111111111,0.0,1.0
alprazolam,alpha1,alpha1_beta3_gamma2,BZD_SITE_210,TYR,pi_stack,0,0,9,0.0,no_interaction_observed,,,,0,,,,0,,,,0,,,,0,0.0,0.0,0.0,0.0
triazolam,alpha1,alpha1_beta3_gamma2,BZD_SITE_210,TYR,pi_stack,0,0,9,0.0,no_interaction_observed,,,,0,,,,0,,,,0,,,,0,0.0,0.0,0.0,0.0
zolpidem,alpha1,alpha1_beta3_gamma2,BZD_SITE_210,TYR,pi_stack,0,0,9,0.0,no_interaction_observed,,,,0,,,,0,,,,0,,,,0,0.0,0.0,0.0,0.0
diazepam,alpha2,alpha2_beta3_gamma2_local_9CTJ,BZD_GAMMA2_058,TYR,hydrophobic_interaction,3,3,9,0.3333333333333333,observed,3.69,3.68,0.1852025917745214,3,,,,0,,,,0,,,,0,,,,
alprazolam,alpha2,alpha2_beta3_gamma2_local_9CTJ,BZD_GAMMA2_058,TYR,hydrophobic_interaction,4,4,9,0.4444444444444444,observed,3.7425,3.795,0.2665051594247286,4,,,,0,,,,0,,,,0,,,,
triazolam,alpha2,alpha2_beta3_gamma2_local_9CTJ,BZD_GAMMA2_058,TYR,hydrophobic_interaction,2,2,9,0.2222222222222222,observed,3.8600000000000003,3.8600000000000003,0.07071067811865482,2,,,,0,,,,0,,,,0,,,,
zolpidem,alpha2,alpha2_beta3_gamma2_local_9CTJ,BZD_GAMMA2_058,TYR,hydrophobic_interaction,4,4,9,0.4444444444444444,observed,3.7125,3.67,0.18209429791548482,4,,,,0,,,,0,,,,0,,,,
diazepam,alpha2,alpha2_beta3_gamma2_local_9CTJ,BZD_GAMMA2_058,TYR,pi_stack,0,0,9,0.0,no_interaction_observed,,,,0,,,,0,,,,0,,,,0,0.0,0.0,0.0,0.0
alprazolam,alpha2,alpha2_beta3_gamma2_local_9CTJ,BZD_GAMMA2_058,TYR,pi_stack,0,0,9,0.0,no_interaction_observed,,,,0,,,,0,,,,0,,,,0,0.0,0.0,0.0,0.0
triazolam,alpha2,alpha2_beta3_gamma2_local_9CTJ,BZD_GAMMA2_058,TYR,pi_stack,1,1,9,0.1111111111111111,observed,,,,0,5.39,5.39,0.0,1,88.08,88.08,0.0,1,1.11,1.11,0.0,1,0.0,0.1111111111111111,0.0,1.0
zolpidem,alpha2,alpha2_beta3_gamma2_local_9CTJ,BZD_GAMMA2_058,TYR,pi_stack,1,1,9,0.1111111111111111,observed,,,,0,5.35,5.35,0.0,1,77.53,77.53,0.0,1,1.53,1.53,0.0,1,0.0,0.1111111111111111,0.0,1.0
diazepam,alpha2,alpha2_beta3_gamma2_local_9CTJ,BZD_GAMMA2_060,ASN,halogen_bond,0,0,9,0.0,no_interaction_observed,,,,0,,,,0,,,,0,,,,0,,,,
alprazolam,alpha2,alpha2_beta3_gamma2_local_9CTJ,BZD_GAMMA2_060,ASN,halogen_bond,0,0,9,0.0,no_interaction_observed,,,,0,,,,0,,,,0,,,,0,,,,
triazolam,alpha2,alpha2_beta3_gamma2_local_9CTJ,BZD_GAMMA2_060,ASN,halogen_bond,2,2,9,0.2222222222222222,observed,3.495,3.495,0.12020815280171303,2,,,,0,,,,0,,,,0,,,,
zolpidem,alpha2,alpha2_beta3_gamma2_local_9CTJ,BZD_GAMMA2_060,ASN,halogen_bond,0,0,9,0.0,no_interaction_observed,,,,0,,,,0,,,,0,,,,0,,,,
diazepam,alpha2,alpha2_beta3_gamma2_local_9CTJ,BZD_GAMMA2_060,ASN,hydrophobic_interaction,3,3,9,0.3333333333333333,observed,3.566666666666667,3.56,0.09018499505645795,3,,,,0,,,,0,,,,0,,,,
alprazolam,alpha2,alpha2_beta3_gamma2_local_9CTJ,BZD_GAMMA2_060,ASN,hydrophobic_interaction,4,4,9,0.4444444444444444,observed,3.5900000000000003,3.56,0.3045214825481667,4,,,,0,,,,0,,,,0,,,,
triazolam,alpha2,alpha2_beta3_gamma2_local_9CTJ,BZD_GAMMA2_060,ASN,hydrophobic_interaction,5,5,9,0.5555555555555556,observed,3.554,3.56,0.11970797801316335,5,,,,0,,,,0,,,,0,,,,
zolpidem,alpha2,alpha2_beta3_gamma2_local_9CTJ,BZD_GAMMA2_060,ASN,hydrophobic_interaction,3,3,9,0.3333333333333333,observed,3.6566666666666663,3.54,0.20207259421636906,3,,,,0,,,,0,,,,0,,,,
diazepam,alpha2,alpha2_beta3_gamma2_local_9CTJ,BZD_GAMMA2_077,PHE,hydrophobic_interaction,8,6,9,0.6666666666666666,observed,3.5775,3.57,0.24117273003862957,8,,,,0,,,,0,,,,0,,,,
alprazolam,alpha2,alpha2_beta3_gamma2_local_9CTJ,BZD_GAMMA2_077,PHE,hydrophobic_interaction,7,6,9,0.6666666666666666,observed,3.5471428571428567,3.49,0.2318558665575293,7,,,,0,,,,0,,,,0,,,,
triazolam,alpha2,alpha2_beta3_gamma2_local_9CTJ,BZD_GAMMA2_077,PHE,hydrophobic_interaction,4,4,9,0.4444444444444444,observed,3.7475,3.745,0.23599081903045863,4,,,,0,,,,0,,,,0,,,,
zolpidem,alpha2,alpha2_beta3_gamma2_local_9CTJ,BZD_GAMMA2_077,PHE,hydrophobic_interaction,8,6,9,0.6666666666666666,observed,3.4225,3.4050000000000002,0.15599908424639644,8,,,,0,,,,0,,,,0,,,,
diazepam,alpha2,alpha2_beta3_gamma2_local_9CTJ,BZD_SITE_100,PHE,hydrophobic_interaction,1,1,9,0.1111111111111111,observed,3.53,3.53,0.0,1,,,,0,,,,0,,,,0,,,,
alprazolam,alpha2,alpha2_beta3_gamma2_local_9CTJ,BZD_SITE_100,PHE,hydrophobic_interaction,2,2,9,0.2222222222222222,observed,3.7199999999999998,3.7199999999999998,0.07071067811865482,2,,,,0,,,,0,,,,0,,,,
triazolam,alpha2,alpha2_beta3_gamma2_local_9CTJ,BZD_SITE_100,PHE,hydrophobic_interaction,0,0,9,0.0,no_interaction_observed,,,,0,,,,0,,,,0,,,,0,,,,
zolpidem,alpha2,alpha2_beta3_gamma2_local_9CTJ,BZD_SITE_100,PHE,hydrophobic_interaction,3,3,9,0.3333333333333333,observed,3.6366666666666667,3.6,0.08144527815247073,3,,,,0,,,,0,,,,0,,,,
diazepam,alpha2,alpha2_beta3_gamma2_local_9CTJ,BZD_SITE_102,HIS,hydrophobic_interaction,0,0,9,0.0,no_interaction_observed,,,,0,,,,0,,,,0,,,,0,,,,
alprazolam,alpha2,alpha2_beta3_gamma2_local_9CTJ,BZD_SITE_102,HIS,hydrophobic_interaction,1,1,9,0.1111111111111111,observed,3.98,3.98,0.0,1,,,,0,,,,0,,,,0,,,,
triazolam,alpha2,alpha2_beta3_gamma2_local_9CTJ,BZD_SITE_102,HIS,hydrophobic_interaction,5,5,9,0.5555555555555556,observed,3.7019999999999995,3.67,0.09679876032264055,5,,,,0,,,,0,,,,0,,,,
zolpidem,alpha2,alpha2_beta3_gamma2_local_9CTJ,BZD_SITE_102,HIS,hydrophobic_interaction,2,2,9,0.2222222222222222,observed,3.8200000000000003,3.8200000000000003,0.09899494936611673,2,,,,0,,,,0,,,,0,,,,
diazepam,alpha2,alpha2_beta3_gamma2_local_9CTJ,BZD_SITE_102,HIS,pi_stack,2,2,9,0.2222222222222222,observed,,,,0,4.390000000000001,4.390000000000001,0.014142135623731277,2,63.53,63.53,0.11313708498984519,2,1.1099999999999999,1.1099999999999999,0.43840620433565936,2,0.0,0.2222222222222222,0.0,2.0
alprazolam,alpha2,alpha2_beta3_gamma2_local_9CTJ,BZD_SITE_102,HIS,pi_stack,4,3,9,0.3333333333333333,observed,,,,0,4.8374999999999995,4.8,0.42279821822393376,4,73.055,73.345,7.8054190577230775,4,1.47,1.5150000000000001,0.4097966975627468,4,0.0,0.3333333333333333,0.0,3.0
triazolam,alpha2,alpha2_beta3_gamma2_local_9CTJ,BZD_SITE_102,HIS,pi_stack,0,0,9,0.0,no_interaction_observed,,,,0,,,,0,,,,0,,,,0,0.0,0.0,0.0,0.0
zolpidem,alpha2,alpha2_beta3_gamma2_local_9CTJ,BZD_SITE_102,HIS,pi_stack,0,0,9,0.0,no_interaction_observed,,,,0,,,,0,,,,0,,,,0,0.0,0.0,0.0,0.0
diazepam,alpha2,alpha2_beta3_gamma2_local_9CTJ,BZD_SITE_156,LYS,hydrophobic_interaction,2,2,9,0.2222222222222222,observed,3.7199999999999998,3.7199999999999998,0.05656854249492354,2,,,,0,,,,0,,,,0,,,,
alprazolam,alpha2,alpha2_beta3_gamma2_local_9CTJ,BZD_SITE_156,LYS,hydrophobic_interaction,5,5,9,0.5555555555555556,observed,3.6,3.6,0.08999999999999993,5,,,,0,,,,0,,,,0,,,,
triazolam,alpha2,alpha2_beta3_gamma2_local_9CTJ,BZD_SITE_156,LYS,hydrophobic_interaction,5,5,9,0.5555555555555556,observed,3.718,3.86,0.3543585754571209,5,,,,0,,,,0,,,,0,,,,
zolpidem,alpha2,alpha2_beta3_gamma2_local_9CTJ,BZD_SITE_156,LYS,hydrophobic_interaction,2,2,9,0.2222222222222222,observed,3.67,3.67,0.1131370849898477,2,,,,0,,,,0,,,,0,,,,
diazepam,alpha2,alpha2_beta3_gamma2_local_9CTJ,BZD_SITE_205,SER,hydrogen_bond,1,1,9,0.1111111111111111,observed,3.89,3.89,0.0,1,,,,0,,,,0,,,,0,,,,
alprazolam,alpha2,alpha2_beta3_gamma2_local_9CTJ,BZD_SITE_205,SER,hydrogen_bond,0,0,9,0.0,no_interaction_observed,,,,0,,,,0,,,,0,,,,0,,,,
triazolam,alpha2,alpha2_beta3_gamma2_local_9CTJ,BZD_SITE_205,SER,hydrogen_bond,0,0,9,0.0,no_interaction_observed,,,,0,,,,0,,,,0,,,,0,,,,
zolpidem,alpha2,alpha2_beta3_gamma2_local_9CTJ,BZD_SITE_205,SER,hydrogen_bond,0,0,9,0.0,no_interaction_observed,,,,0,,,,0,,,,0,,,,0,,,,
diazepam,alpha2,alpha2_beta3_gamma2_local_9CTJ,BZD_SITE_210,TYR,hydrophobic_interaction,1,1,9,0.1111111111111111,observed,3.27,3.27,0.0,1,,,,0,,,,0,,,,0,,,,
alprazolam,alpha2,alpha2_beta3_gamma2_local_9CTJ,BZD_SITE_210,TYR,hydrophobic_interaction,2,2,9,0.2222222222222222,observed,3.325,3.325,0.09192388155425142,2,,,,0,,,,0,,,,0,,,,
triazolam,alpha2,alpha2_beta3_gamma2_local_9CTJ,BZD_SITE_210,TYR,hydrophobic_interaction,0,0,9,0.0,no_interaction_observed,,,,0,,,,0,,,,0,,,,0,,,,
zolpidem,alpha2,alpha2_beta3_gamma2_local_9CTJ,BZD_SITE_210,TYR,hydrophobic_interaction,1,1,9,0.1111111111111111,observed,3.55,3.55,0.0,1,,,,0,,,,0,,,,0,,,,
