drug,feature_label,n_contact_poses,n_evaluable_poses,contact_frequency
brotizolam,alpha1|BZD_GAMMA2_056|ASP|any_contact_frequency,0,45,0.0
brotizolam,alpha1|BZD_GAMMA2_058|TYR|any_contact_frequency,25,45,0.5555555555555556
brotizolam,alpha1|BZD_GAMMA2_060|ASN|any_contact_frequency,6,45,0.13333333333333333
brotizolam,alpha1|BZD_GAMMA2_077|PHE|any_contact_frequency,29,45,0.6444444444444445
brotizolam,alpha1|BZD_GAMMA2_079|ALA|any_contact_frequency,0,45,0.0
brotizolam,alpha1|BZD_GAMMA2_142|THR|any_contact_frequency,3,45,0.06666666666666667
brotizolam,alpha1|BZD_GAMMA2_189|GLU|any_contact_frequency,0,45,0.0
brotizolam,alpha1|BZD_GAMMA2_192|ASP|any_contact_frequency,2,45,0.044444444444444446
brotizolam,alpha1|BZD_GAMMA2_195|SER|any_contact_frequency,0,45,0.0
brotizolam,alpha1|BZD_SITE_100|PHE|any_contact_frequency,7,45,0.15555555555555556
brotizolam,alpha1|BZD_SITE_102|HIS|any_contact_frequency,17,45,0.37777777777777777
brotizolam,alpha1|BZD_SITE_103|ASN|any_contact_frequency,0,45,0.0
brotizolam,alpha1|BZD_SITE_138|GLU|any_contact_frequency,0,45,0.0
brotizolam,alpha1|BZD_SITE_156|LYS|any_contact_frequency,13,45,0.28888888888888886
brotizolam,alpha1|BZD_SITE_160|TYR|any_contact_frequency,9,45,0.2
brotizolam,alpha1|BZD_SITE_203|VAL|any_contact_frequency,30,45,0.6666666666666666
brotizolam,alpha1|BZD_SITE_204|GLN|any_contact_frequency,1,45,0.022222222222222223
brotizolam,alpha1|BZD_SITE_205|SER|any_contact_frequency,14,45,0.3111111111111111
brotizolam,alpha1|BZD_SITE_206|SER|any_contact_frequency,5,45,0.1111111111111111
brotizolam,alpha1|BZD_SITE_207|THR|any_contact_frequency,0,45,0.0
brotizolam,alpha1|BZD_SITE_210|TYR|any_contact_frequency,14,45,0.3111111111111111
brotizolam,alpha2|BZD_GAMMA2_056|ASP|any_contact_frequency,0,44,0.0
brotizolam,alpha2|BZD_GAMMA2_058|TYR|any_contact_frequency,9,44,0.20454545454545456
brotizolam,alpha2|BZD_GAMMA2_059|VAL|any_contact_frequency,0,44,0.0
brotizolam,alpha2|BZD_GAMMA2_060|ASN|any_contact_frequency,11,44,0.25
brotizolam,alpha2|BZD_GAMMA2_061|SER|any_contact_frequency,1,44,0.022727272727272728
brotizolam,alpha2|BZD_GAMMA2_075|ASP|any_contact_frequency,2,44,0.045454545454545456
brotizolam,alpha2|BZD_GAMMA2_077|PHE|any_contact_frequency,12,44,0.2727272727272727
brotizolam,alpha2|BZD_GAMMA2_079|ALA|any_contact_frequency,0,44,0.0
brotizolam,alpha2|BZD_GAMMA2_142|THR|any_contact_frequency,1,44,0.022727272727272728
brotizolam,alpha2|BZD_GAMMA2_144|ARG|any_contact_frequency,0,44,0.0
brotizolam,alpha2|BZD_GAMMA2_192|ASP|any_contact_frequency,2,44,0.045454545454545456
brotizolam,alpha2|BZD_GAMMA2_195|SER|any_contact_frequency,0,44,0.0
brotizolam,alpha2|BZD_GAMMA2_196|TRP|any_contact_frequency,0,44,0.0
brotizolam,alpha2|BZD_SITE_100|PHE|any_contact_frequency,1,44,0.022727272727272728
brotizolam,alpha2|BZD_SITE_102|HIS|any_contact_frequency,7,44,0.1590909090909091
brotizolam,alpha2|BZD_SITE_103|ASN|any_contact_frequency,10,44,0.22727272727272727
brotizolam,alpha2|BZD_SITE_138|GLU|any_contact_frequency,0,44,0.0
brotizolam,alpha2|BZD_SITE_154|PRO|any_contact_frequency,2,44,0.045454545454545456
brotizolam,alpha2|BZD_SITE_156|LYS|any_contact_frequency,9,44,0.20454545454545456
brotizolam,alpha2|BZD_SITE_160|TYR|any_contact_frequency,1,44,0.022727272727272728
brotizolam,alpha2|BZD_SITE_201|GLU|any_contact_frequency,0,44,0.0
brotizolam,alpha2|BZD_SITE_203|ILE|any_contact_frequency,29,44,0.6590909090909091
brotizolam,alpha2|BZD_SITE_204|LYS|any_contact_frequency,4,44,0.09090909090909091
brotizolam,alpha2|BZD_SITE_206|SER|any_contact_frequency,0,44,0.0
brotizolam,alpha2|BZD_SITE_207|THR|any_contact_frequency,0,44,0.0
brotizolam,alpha2|BZD_SITE_210|TYR|any_contact_frequency,2,44,0.045454545454545456
brotizolam,alpha2|BZD_SITE_212|VAL|any_contact_frequency,0,44,0.0
lormetazepam,alpha1|BZD_GAMMA2_056|ASP|any_contact_frequency,0,45,0.0
lormetazepam,alpha1|BZD_GAMMA2_058|TYR|any_contact_frequency,38,45,0.8444444444444444
lormetazepam,alpha1|BZD_GAMMA2_060|ASN|any_contact_frequency,6,45,0.13333333333333333
lormetazepam,alpha1|BZD_GAMMA2_077|PHE|any_contact_frequency,38,45,0.8444444444444444
lormetazepam,alpha1|BZD_GAMMA2_079|ALA|any_contact_frequency,0,45,0.0
lormetazepam,alpha1|BZD_GAMMA2_142|THR|any_contact_frequency,4,45,0.08888888888888889
lormetazepam,alpha1|BZD_GAMMA2_189|GLU|any_contact_frequency,0,45,0.0
lormetazepam,alpha1|BZD_GAMMA2_192|ASP|any_contact_frequency,6,45,0.13333333333333333
lormetazepam,alpha1|BZD_GAMMA2_195|SER|any_contact_frequency,0,45,0.0
lormetazepam,alpha1|BZD_SITE_100|PHE|any_contact_frequency,5,45,0.1111111111111111
lormetazepam,alpha1|BZD_SITE_102|HIS|any_contact_frequency,12,45,0.26666666666666666
lormetazepam,alpha1|BZD_SITE_103|ASN|any_contact_frequency,0,45,0.0
lormetazepam,alpha1|BZD_SITE_138|GLU|any_contact_frequency,1,45,0.022222222222222223
lormetazepam,alpha1|BZD_SITE_156|LYS|any_contact_frequency,8,45,0.17777777777777778
lormetazepam,alpha1|BZD_SITE_160|TYR|any_contact_frequency,8,45,0.17777777777777778
lormetazepam,alpha1|BZD_SITE_203|VAL|any_contact_frequency,29,45,0.6444444444444445
lormetazepam,alpha1|BZD_SITE_204|GLN|any_contact_frequency,4,45,0.08888888888888889
lormetazepam,alpha1|BZD_SITE_205|SER|any_contact_frequency,7,45,0.15555555555555556
lormetazepam,alpha1|BZD_SITE_206|SER|any_contact_frequency,5,45,0.1111111111111111
lormetazepam,alpha1|BZD_SITE_207|THR|any_contact_frequency,3,45,0.06666666666666667
lormetazepam,alpha1|BZD_SITE_210|TYR|any_contact_frequency,10,45,0.2222222222222222
lormetazepam,alpha2|BZD_GAMMA2_056|ASP|any_contact_frequency,0,45,0.0
lormetazepam,alpha2|BZD_GAMMA2_058|TYR|any_contact_frequency,16,45,0.35555555555555557
lormetazepam,alpha2|BZD_GAMMA2_059|VAL|any_contact_frequency,3,45,0.06666666666666667
lormetazepam,alpha2|BZD_GAMMA2_060|ASN|any_contact_frequency,22,45,0.4888888888888889
lormetazepam,alpha2|BZD_GAMMA2_061|SER|any_contact_frequency,4,45,0.08888888888888889
lormetazepam,alpha2|BZD_GAMMA2_075|ASP|any_contact_frequency,5,45,0.1111111111111111
lormetazepam,alpha2|BZD_GAMMA2_077|PHE|any_contact_frequency,20,45,0.4444444444444444
lormetazepam,alpha2|BZD_GAMMA2_079|ALA|any_contact_frequency,0,45,0.0
lormetazepam,alpha2|BZD_GAMMA2_142|THR|any_contact_frequency,0,45,0.0
lormetazepam,alpha2|BZD_GAMMA2_144|ARG|any_contact_frequency,0,45,0.0
lormetazepam,alpha2|BZD_GAMMA2_192|ASP|any_contact_frequency,12,45,0.26666666666666666
lormetazepam,alpha2|BZD_GAMMA2_195|SER|any_contact_frequency,8,45,0.17777777777777778
lormetazepam,alpha2|BZD_GAMMA2_196|TRP|any_contact_frequency,0,45,0.0
lormetazepam,alpha2|BZD_SITE_100|PHE|any_contact_frequency,0,45,0.0
lormetazepam,alpha2|BZD_SITE_102|HIS|any_contact_frequency,4,45,0.08888888888888889
lormetazepam,alpha2|BZD_SITE_103|ASN|any_contact_frequency,11,45,0.24444444444444444
lormetazepam,alpha2|BZD_SITE_138|GLU|any_contact_frequency,0,45,0.0
lormetazepam,alpha2|BZD_SITE_154|PRO|any_contact_frequency,5,45,0.1111111111111111
lormetazepam,alpha2|BZD_SITE_156|LYS|any_contact_frequency,12,45,0.26666666666666666
lormetazepam,alpha2|BZD_SITE_160|TYR|any_contact_frequency,0,45,0.0
lormetazepam,alpha2|BZD_SITE_201|GLU|any_contact_frequency,0,45,0.0
lormetazepam,alpha2|BZD_SITE_203|ILE|any_contact_frequency,17,45,0.37777777777777777
lormetazepam,alpha2|BZD_SITE_204|LYS|any_contact_frequency,4,45,0.08888888888888889
lormetazepam,alpha2|BZD_SITE_206|SER|any_contact_frequency,0,45,0.0
lormetazepam,alpha2|BZD_SITE_207|THR|any_contact_frequency,0,45,0.0
lormetazepam,alpha2|BZD_SITE_210|TYR|any_contact_frequency,0,45,0.0
lormetazepam,alpha2|BZD_SITE_212|VAL|any_contact_frequency,0,45,0.0
