drug,adverse_event_term,phenotype_axis,report_count,total_drug_reports,background_event_reports,background_total,generic_only_total,role_cod,suspect_status,sex,age,country,report_date_quarter,seriousness,source_dataset,query,retrieval_date
diazepam,Ataxia,C1,375,118049,11464,20018532,118049,NA,all roles; target-specific suspect not inferred,ALL; marginal table only,ALL; marginal table only,ALL; marginal table only,2004-01-01 through 2025-12-31 receivedate,ALL; marginal table only,openFDA FAERS report documents,https://api.fda.gov/drug/event.json?search=receivedate%3A%5B20040101+TO+20251231%5D+AND+%28patient.drug.openfda.generic_name.exact%3A%22DIAZEPAM%22+OR+patient.drug.medicinalproduct.exact%3A%22DIAZEPAM%22%29+AND+patient.reaction.reactionmeddrapt.exact%3A%22ATAXIA%22&limit=1,2026-09-20T01:52:43.274976+00:00
diazepam,Balance disorder,C1,1355,118049,83538,20018532,118049,NA,all roles; target-specific suspect not inferred,ALL; marginal table only,ALL; marginal table only,ALL; marginal table only,2004-01-01 through 2025-12-31 receivedate,ALL; marginal table only,openFDA FAERS report documents,https://api.fda.gov/drug/event.json?search=receivedate%3A%5B20040101+TO+20251231%5D+AND+%28patient.drug.openfda.generic_name.exact%3A%22DIAZEPAM%22+OR+patient.drug.medicinalproduct.exact%3A%22DIAZEPAM%22%29+AND+patient.reaction.reactionmeddrapt.exact%3A%22BALANCE+DISORDER%22&limit=1,2026-09-20T01:52:44.226411+00:00
diazepam,Coordination abnormal,C1,335,118049,13648,20018532,118049,NA,all roles; target-specific suspect not inferred,ALL; marginal table only,ALL; marginal table only,ALL; marginal table only,2004-01-01 through 2025-12-31 receivedate,ALL; marginal table only,openFDA FAERS report documents,https://api.fda.gov/drug/event.json?search=receivedate%3A%5B20040101+TO+20251231%5D+AND+%28patient.drug.openfda.generic_name.exact%3A%22DIAZEPAM%22+OR+patient.drug.medicinalproduct.exact%3A%22DIAZEPAM%22%29+AND+patient.reaction.reactionmeddrapt.exact%3A%22COORDINATION+ABNORMAL%22&limit=1,2026-09-20T01:52:45.248484+00:00
diazepam,Gait disturbance,C1,2287,118049,185496,20018532,118049,NA,all roles; target-specific suspect not inferred,ALL; marginal table only,ALL; marginal table only,ALL; marginal table only,2004-01-01 through 2025-12-31 receivedate,ALL; marginal table only,openFDA FAERS report documents,https://api.fda.gov/drug/event.json?search=receivedate%3A%5B20040101+TO+20251231%5D+AND+%28patient.drug.openfda.generic_name.exact%3A%22DIAZEPAM%22+OR+patient.drug.medicinalproduct.exact%3A%22DIAZEPAM%22%29+AND+patient.reaction.reactionmeddrapt.exact%3A%22GAIT+DISTURBANCE%22&limit=1,2026-09-20T01:52:47.578638+00:00
diazepam,Fall,C2,4226,118049,319310,20018532,118049,NA,all roles; target-specific suspect not inferred,ALL; marginal table only,ALL; marginal table only,ALL; marginal table only,2004-01-01 through 2025-12-31 receivedate,ALL; marginal table only,openFDA FAERS report documents,https://api.fda.gov/drug/event.json?search=receivedate%3A%5B20040101+TO+20251231%5D+AND+%28patient.drug.openfda.generic_name.exact%3A%22DIAZEPAM%22+OR+patient.drug.medicinalproduct.exact%3A%22DIAZEPAM%22%29+AND+patient.reaction.reactionmeddrapt.exact%3A%22FALL%22&limit=1,2026-09-20T01:52:50.701964+00:00
diazepam,Somnolence,C3,4917,118049,193065,20018532,118049,NA,all roles; target-specific suspect not inferred,ALL; marginal table only,ALL; marginal table only,ALL; marginal table only,2004-01-01 through 2025-12-31 receivedate,ALL; marginal table only,openFDA FAERS report documents,https://api.fda.gov/drug/event.json?search=receivedate%3A%5B20040101+TO+20251231%5D+AND+%28patient.drug.openfda.generic_name.exact%3A%22DIAZEPAM%22+OR+patient.drug.medicinalproduct.exact%3A%22DIAZEPAM%22%29+AND+patient.reaction.reactionmeddrapt.exact%3A%22SOMNOLENCE%22&limit=1,2026-09-20T01:52:51.578077+00:00
diazepam,Sedation,C3,1087,118049,24810,20018532,118049,NA,all roles; target-specific suspect not inferred,ALL; marginal table only,ALL; marginal table only,ALL; marginal table only,2004-01-01 through 2025-12-31 receivedate,ALL; marginal table only,openFDA FAERS report documents,https://api.fda.gov/drug/event.json?search=receivedate%3A%5B20040101+TO+20251231%5D+AND+%28patient.drug.openfda.generic_name.exact%3A%22DIAZEPAM%22+OR+patient.drug.medicinalproduct.exact%3A%22DIAZEPAM%22%29+AND+patient.reaction.reactionmeddrapt.exact%3A%22SEDATION%22&limit=1,2026-09-20T01:52:59.918841+00:00
diazepam,Dizziness,C4,4490,118049,477766,20018532,118049,NA,all roles; target-specific suspect not inferred,ALL; marginal table only,ALL; marginal table only,ALL; marginal table only,2004-01-01 through 2025-12-31 receivedate,ALL; marginal table only,openFDA FAERS report documents,https://api.fda.gov/drug/event.json?search=receivedate%3A%5B20040101+TO+20251231%5D+AND+%28patient.drug.openfda.generic_name.exact%3A%22DIAZEPAM%22+OR+patient.drug.medicinalproduct.exact%3A%22DIAZEPAM%22%29+AND+patient.reaction.reactionmeddrapt.exact%3A%22DIZZINESS%22&limit=1,2026-09-20T01:53:00.949704+00:00
diazepam,Vertigo,C4,791,118049,58684,20018532,118049,NA,all roles; target-specific suspect not inferred,ALL; marginal table only,ALL; marginal table only,ALL; marginal table only,2004-01-01 through 2025-12-31 receivedate,ALL; marginal table only,openFDA FAERS report documents,https://api.fda.gov/drug/event.json?search=receivedate%3A%5B20040101+TO+20251231%5D+AND+%28patient.drug.openfda.generic_name.exact%3A%22DIAZEPAM%22+OR+patient.drug.medicinalproduct.exact%3A%22DIAZEPAM%22%29+AND+patient.reaction.reactionmeddrapt.exact%3A%22VERTIGO%22&limit=1,2026-09-20T01:53:03.080371+00:00
diazepam,Muscular weakness,C5,1185,118049,109349,20018532,118049,NA,all roles; target-specific suspect not inferred,ALL; marginal table only,ALL; marginal table only,ALL; marginal table only,2004-01-01 through 2025-12-31 receivedate,ALL; marginal table only,openFDA FAERS report documents,https://api.fda.gov/drug/event.json?search=receivedate%3A%5B20040101+TO+20251231%5D+AND+%28patient.drug.openfda.generic_name.exact%3A%22DIAZEPAM%22+OR+patient.drug.medicinalproduct.exact%3A%22DIAZEPAM%22%29+AND+patient.reaction.reactionmeddrapt.exact%3A%22MUSCULAR+WEAKNESS%22&limit=1,2026-09-20T01:53:07.482013+00:00
diazepam,Hypotonia,C5,290,118049,9684,20018532,118049,NA,all roles; target-specific suspect not inferred,ALL; marginal table only,ALL; marginal table only,ALL; marginal table only,2004-01-01 through 2025-12-31 receivedate,ALL; marginal table only,openFDA FAERS report documents,https://api.fda.gov/drug/event.json?search=receivedate%3A%5B20040101+TO+20251231%5D+AND+%28patient.drug.openfda.generic_name.exact%3A%22DIAZEPAM%22+OR+patient.drug.medicinalproduct.exact%3A%22DIAZEPAM%22%29+AND+patient.reaction.reactionmeddrapt.exact%3A%22HYPOTONIA%22&limit=1,2026-09-20T01:53:08.529670+00:00
diazepam,Amnesia,C6,1203,118049,63053,20018532,118049,NA,all roles; target-specific suspect not inferred,ALL; marginal table only,ALL; marginal table only,ALL; marginal table only,2004-01-01 through 2025-12-31 receivedate,ALL; marginal table only,openFDA FAERS report documents,https://api.fda.gov/drug/event.json?search=receivedate%3A%5B20040101+TO+20251231%5D+AND+%28patient.drug.openfda.generic_name.exact%3A%22DIAZEPAM%22+OR+patient.drug.medicinalproduct.exact%3A%22DIAZEPAM%22%29+AND+patient.reaction.reactionmeddrapt.exact%3A%22AMNESIA%22&limit=1,2026-09-20T01:53:12.036589+00:00
diazepam,Memory impairment,C6,1812,118049,132715,20018532,118049,NA,all roles; target-specific suspect not inferred,ALL; marginal table only,ALL; marginal table only,ALL; marginal table only,2004-01-01 through 2025-12-31 receivedate,ALL; marginal table only,openFDA FAERS report documents,https://api.fda.gov/drug/event.json?search=receivedate%3A%5B20040101+TO+20251231%5D+AND+%28patient.drug.openfda.generic_name.exact%3A%22DIAZEPAM%22+OR+patient.drug.medicinalproduct.exact%3A%22DIAZEPAM%22%29+AND+patient.reaction.reactionmeddrapt.exact%3A%22MEMORY+IMPAIRMENT%22&limit=1,2026-09-20T01:53:16.919365+00:00
diazepam,Cognitive disorder,C6,787,118049,44588,20018532,118049,NA,all roles; target-specific suspect not inferred,ALL; marginal table only,ALL; marginal table only,ALL; marginal table only,2004-01-01 through 2025-12-31 receivedate,ALL; marginal table only,openFDA FAERS report documents,https://api.fda.gov/drug/event.json?search=receivedate%3A%5B20040101+TO+20251231%5D+AND+%28patient.drug.openfda.generic_name.exact%3A%22DIAZEPAM%22+OR+patient.drug.medicinalproduct.exact%3A%22DIAZEPAM%22%29+AND+patient.reaction.reactionmeddrapt.exact%3A%22COGNITIVE+DISORDER%22&limit=1,2026-09-20T01:53:24.615872+00:00
alprazolam,Ataxia,C1,272,200932,11464,20018532,200932,NA,all roles; target-specific suspect not inferred,ALL; marginal table only,ALL; marginal table only,ALL; marginal table only,2004-01-01 through 2025-12-31 receivedate,ALL; marginal table only,openFDA FAERS report documents,https://api.fda.gov/drug/event.json?search=receivedate%3A%5B20040101+TO+20251231%5D+AND+%28patient.drug.openfda.generic_name.exact%3A%22ALPRAZOLAM%22+OR+patient.drug.medicinalproduct.exact%3A%22ALPRAZOLAM%22%29+AND+patient.reaction.reactionmeddrapt.exact%3A%22ATAXIA%22&limit=1,2026-09-20T01:52:46.268620+00:00
alprazolam,Balance disorder,C1,1833,200932,83538,20018532,200932,NA,all roles; target-specific suspect not inferred,ALL; marginal table only,ALL; marginal table only,ALL; marginal table only,2004-01-01 through 2025-12-31 receivedate,ALL; marginal table only,openFDA FAERS report documents,https://api.fda.gov/drug/event.json?search=receivedate%3A%5B20040101+TO+20251231%5D+AND+%28patient.drug.openfda.generic_name.exact%3A%22ALPRAZOLAM%22+OR+patient.drug.medicinalproduct.exact%3A%22ALPRAZOLAM%22%29+AND+patient.reaction.reactionmeddrapt.exact%3A%22BALANCE+DISORDER%22&limit=1,2026-09-20T01:52:47.560973+00:00
alprazolam,Coordination abnormal,C1,293,200932,13648,20018532,200932,NA,all roles; target-specific suspect not inferred,ALL; marginal table only,ALL; marginal table only,ALL; marginal table only,2004-01-01 through 2025-12-31 receivedate,ALL; marginal table only,openFDA FAERS report documents,https://api.fda.gov/drug/event.json?search=receivedate%3A%5B20040101+TO+20251231%5D+AND+%28patient.drug.openfda.generic_name.exact%3A%22ALPRAZOLAM%22+OR+patient.drug.medicinalproduct.exact%3A%22ALPRAZOLAM%22%29+AND+patient.reaction.reactionmeddrapt.exact%3A%22COORDINATION+ABNORMAL%22&limit=1,2026-09-20T01:52:48.433367+00:00
alprazolam,Gait disturbance,C1,3327,200932,185496,20018532,200932,NA,all roles; target-specific suspect not inferred,ALL; marginal table only,ALL; marginal table only,ALL; marginal table only,2004-01-01 through 2025-12-31 receivedate,ALL; marginal table only,openFDA FAERS report documents,https://api.fda.gov/drug/event.json?search=receivedate%3A%5B20040101+TO+20251231%5D+AND+%28patient.drug.openfda.generic_name.exact%3A%22ALPRAZOLAM%22+OR+patient.drug.medicinalproduct.exact%3A%22ALPRAZOLAM%22%29+AND+patient.reaction.reactionmeddrapt.exact%3A%22GAIT+DISTURBANCE%22&limit=1,2026-09-20T01:52:49.698351+00:00
alprazolam,Fall,C2,6934,200932,319310,20018532,200932,NA,all roles; target-specific suspect not inferred,ALL; marginal table only,ALL; marginal table only,ALL; marginal table only,2004-01-01 through 2025-12-31 receivedate,ALL; marginal table only,openFDA FAERS report documents,https://api.fda.gov/drug/event.json?search=receivedate%3A%5B20040101+TO+20251231%5D+AND+%28patient.drug.openfda.generic_name.exact%3A%22ALPRAZOLAM%22+OR+patient.drug.medicinalproduct.exact%3A%22ALPRAZOLAM%22%29+AND+patient.reaction.reactionmeddrapt.exact%3A%22FALL%22&limit=1,2026-09-20T01:52:51.949858+00:00
alprazolam,Somnolence,C3,5867,200932,193065,20018532,200932,NA,all roles; target-specific suspect not inferred,ALL; marginal table only,ALL; marginal table only,ALL; marginal table only,2004-01-01 through 2025-12-31 receivedate,ALL; marginal table only,openFDA FAERS report documents,https://api.fda.gov/drug/event.json?search=receivedate%3A%5B20040101+TO+20251231%5D+AND+%28patient.drug.openfda.generic_name.exact%3A%22ALPRAZOLAM%22+OR+patient.drug.medicinalproduct.exact%3A%22ALPRAZOLAM%22%29+AND+patient.reaction.reactionmeddrapt.exact%3A%22SOMNOLENCE%22&limit=1,2026-09-20T01:52:56.381524+00:00
alprazolam,Sedation,C3,929,200932,24810,20018532,200932,NA,all roles; target-specific suspect not inferred,ALL; marginal table only,ALL; marginal table only,ALL; marginal table only,2004-01-01 through 2025-12-31 receivedate,ALL; marginal table only,openFDA FAERS report documents,https://api.fda.gov/drug/event.json?search=receivedate%3A%5B20040101+TO+20251231%5D+AND+%28patient.drug.openfda.generic_name.exact%3A%22ALPRAZOLAM%22+OR+patient.drug.medicinalproduct.exact%3A%22ALPRAZOLAM%22%29+AND+patient.reaction.reactionmeddrapt.exact%3A%22SEDATION%22&limit=1,2026-09-20T01:52:57.361706+00:00
alprazolam,Dizziness,C4,7879,200932,477766,20018532,200932,NA,all roles; target-specific suspect not inferred,ALL; marginal table only,ALL; marginal table only,ALL; marginal table only,2004-01-01 through 2025-12-31 receivedate,ALL; marginal table only,openFDA FAERS report documents,https://api.fda.gov/drug/event.json?search=receivedate%3A%5B20040101+TO+20251231%5D+AND+%28patient.drug.openfda.generic_name.exact%3A%22ALPRAZOLAM%22+OR+patient.drug.medicinalproduct.exact%3A%22ALPRAZOLAM%22%29+AND+patient.reaction.reactionmeddrapt.exact%3A%22DIZZINESS%22&limit=1,2026-09-20T01:53:00.952840+00:00
alprazolam,Vertigo,C4,1262,200932,58684,20018532,200932,NA,all roles; target-specific suspect not inferred,ALL; marginal table only,ALL; marginal table only,ALL; marginal table only,2004-01-01 through 2025-12-31 receivedate,ALL; marginal table only,openFDA FAERS report documents,https://api.fda.gov/drug/event.json?search=receivedate%3A%5B20040101+TO+20251231%5D+AND+%28patient.drug.openfda.generic_name.exact%3A%22ALPRAZOLAM%22+OR+patient.drug.medicinalproduct.exact%3A%22ALPRAZOLAM%22%29+AND+patient.reaction.reactionmeddrapt.exact%3A%22VERTIGO%22&limit=1,2026-09-20T01:53:03.450492+00:00
alprazolam,Muscular weakness,C5,1746,200932,109349,20018532,200932,NA,all roles; target-specific suspect not inferred,ALL; marginal table only,ALL; marginal table only,ALL; marginal table only,2004-01-01 through 2025-12-31 receivedate,ALL; marginal table only,openFDA FAERS report documents,https://api.fda.gov/drug/event.json?search=receivedate%3A%5B20040101+TO+20251231%5D+AND+%28patient.drug.openfda.generic_name.exact%3A%22ALPRAZOLAM%22+OR+patient.drug.medicinalproduct.exact%3A%22ALPRAZOLAM%22%29+AND+patient.reaction.reactionmeddrapt.exact%3A%22MUSCULAR+WEAKNESS%22&limit=1,2026-09-20T01:53:05.909738+00:00
alprazolam,Hypotonia,C5,201,200932,9684,20018532,200932,NA,all roles; target-specific suspect not inferred,ALL; marginal table only,ALL; marginal table only,ALL; marginal table only,2004-01-01 through 2025-12-31 receivedate,ALL; marginal table only,openFDA FAERS report documents,https://api.fda.gov/drug/event.json?search=receivedate%3A%5B20040101+TO+20251231%5D+AND+%28patient.drug.openfda.generic_name.exact%3A%22ALPRAZOLAM%22+OR+patient.drug.medicinalproduct.exact%3A%22ALPRAZOLAM%22%29+AND+patient.reaction.reactionmeddrapt.exact%3A%22HYPOTONIA%22&limit=1,2026-09-20T01:53:10.109897+00:00
alprazolam,Amnesia,C6,1824,200932,63053,20018532,200932,NA,all roles; target-specific suspect not inferred,ALL; marginal table only,ALL; marginal table only,ALL; marginal table only,2004-01-01 through 2025-12-31 receivedate,ALL; marginal table only,openFDA FAERS report documents,https://api.fda.gov/drug/event.json?search=receivedate%3A%5B20040101+TO+20251231%5D+AND+%28patient.drug.openfda.generic_name.exact%3A%22ALPRAZOLAM%22+OR+patient.drug.medicinalproduct.exact%3A%22ALPRAZOLAM%22%29+AND+patient.reaction.reactionmeddrapt.exact%3A%22AMNESIA%22&limit=1,2026-09-20T01:53:11.671970+00:00
alprazolam,Memory impairment,C6,3044,200932,132715,20018532,200932,NA,all roles; target-specific suspect not inferred,ALL; marginal table only,ALL; marginal table only,ALL; marginal table only,2004-01-01 through 2025-12-31 receivedate,ALL; marginal table only,openFDA FAERS report documents,https://api.fda.gov/drug/event.json?search=receivedate%3A%5B20040101+TO+20251231%5D+AND+%28patient.drug.openfda.generic_name.exact%3A%22ALPRAZOLAM%22+OR+patient.drug.medicinalproduct.exact%3A%22ALPRAZOLAM%22%29+AND+patient.reaction.reactionmeddrapt.exact%3A%22MEMORY+IMPAIRMENT%22&limit=1,2026-09-20T01:53:15.345966+00:00
alprazolam,Cognitive disorder,C6,1011,200932,44588,20018532,200932,NA,all roles; target-specific suspect not inferred,ALL; marginal table only,ALL; marginal table only,ALL; marginal table only,2004-01-01 through 2025-12-31 receivedate,ALL; marginal table only,openFDA FAERS report documents,https://api.fda.gov/drug/event.json?search=receivedate%3A%5B20040101+TO+20251231%5D+AND+%28patient.drug.openfda.generic_name.exact%3A%22ALPRAZOLAM%22+OR+patient.drug.medicinalproduct.exact%3A%22ALPRAZOLAM%22%29+AND+patient.reaction.reactionmeddrapt.exact%3A%22COGNITIVE+DISORDER%22&limit=1,2026-09-20T01:53:17.965981+00:00
triazolam,Ataxia,C1,12,3893,11464,20018532,3893,NA,all roles; target-specific suspect not inferred,ALL; marginal table only,ALL; marginal table only,ALL; marginal table only,2004-01-01 through 2025-12-31 receivedate,ALL; marginal table only,openFDA FAERS report documents,https://api.fda.gov/drug/event.json?search=receivedate%3A%5B20040101+TO+20251231%5D+AND+%28patient.drug.openfda.generic_name.exact%3A%22TRIAZOLAM%22+OR+patient.drug.medicinalproduct.exact%3A%22TRIAZOLAM%22%29+AND+patient.reaction.reactionmeddrapt.exact%3A%22ATAXIA%22&limit=1,2026-09-20T01:52:51.027472+00:00
triazolam,Balance disorder,C1,29,3893,83538,20018532,3893,NA,all roles; target-specific suspect not inferred,ALL; marginal table only,ALL; marginal table only,ALL; marginal table only,2004-01-01 through 2025-12-31 receivedate,ALL; marginal table only,openFDA FAERS report documents,https://api.fda.gov/drug/event.json?search=receivedate%3A%5B20040101+TO+20251231%5D+AND+%28patient.drug.openfda.generic_name.exact%3A%22TRIAZOLAM%22+OR+patient.drug.medicinalproduct.exact%3A%22TRIAZOLAM%22%29+AND+patient.reaction.reactionmeddrapt.exact%3A%22BALANCE+DISORDER%22&limit=1,2026-09-20T01:52:51.883879+00:00
triazolam,Coordination abnormal,C1,4,3893,13648,20018532,3893,NA,all roles; target-specific suspect not inferred,ALL; marginal table only,ALL; marginal table only,ALL; marginal table only,2004-01-01 through 2025-12-31 receivedate,ALL; marginal table only,openFDA FAERS report documents,https://api.fda.gov/drug/event.json?search=receivedate%3A%5B20040101+TO+20251231%5D+AND+%28patient.drug.openfda.generic_name.exact%3A%22TRIAZOLAM%22+OR+patient.drug.medicinalproduct.exact%3A%22TRIAZOLAM%22%29+AND+patient.reaction.reactionmeddrapt.exact%3A%22COORDINATION+ABNORMAL%22&limit=1,2026-09-20T01:52:55.148155+00:00
triazolam,Gait disturbance,C1,62,3893,185496,20018532,3893,NA,all roles; target-specific suspect not inferred,ALL; marginal table only,ALL; marginal table only,ALL; marginal table only,2004-01-01 through 2025-12-31 receivedate,ALL; marginal table only,openFDA FAERS report documents,https://api.fda.gov/drug/event.json?search=receivedate%3A%5B20040101+TO+20251231%5D+AND+%28patient.drug.openfda.generic_name.exact%3A%22TRIAZOLAM%22+OR+patient.drug.medicinalproduct.exact%3A%22TRIAZOLAM%22%29+AND+patient.reaction.reactionmeddrapt.exact%3A%22GAIT+DISTURBANCE%22&limit=1,2026-09-20T01:53:04.861128+00:00
triazolam,Fall,C2,141,3893,319310,20018532,3893,NA,all roles; target-specific suspect not inferred,ALL; marginal table only,ALL; marginal table only,ALL; marginal table only,2004-01-01 through 2025-12-31 receivedate,ALL; marginal table only,openFDA FAERS report documents,https://api.fda.gov/drug/event.json?search=receivedate%3A%5B20040101+TO+20251231%5D+AND+%28patient.drug.openfda.generic_name.exact%3A%22TRIAZOLAM%22+OR+patient.drug.medicinalproduct.exact%3A%22TRIAZOLAM%22%29+AND+patient.reaction.reactionmeddrapt.exact%3A%22FALL%22&limit=1,2026-09-20T01:53:30.730768+00:00
triazolam,Somnolence,C3,114,3893,193065,20018532,3893,NA,all roles; target-specific suspect not inferred,ALL; marginal table only,ALL; marginal table only,ALL; marginal table only,2004-01-01 through 2025-12-31 receivedate,ALL; marginal table only,openFDA FAERS report documents,https://api.fda.gov/drug/event.json?search=receivedate%3A%5B20040101+TO+20251231%5D+AND+%28patient.drug.openfda.generic_name.exact%3A%22TRIAZOLAM%22+OR+patient.drug.medicinalproduct.exact%3A%22TRIAZOLAM%22%29+AND+patient.reaction.reactionmeddrapt.exact%3A%22SOMNOLENCE%22&limit=1,2026-09-20T01:53:31.600542+00:00
triazolam,Sedation,C3,13,3893,24810,20018532,3893,NA,all roles; target-specific suspect not inferred,ALL; marginal table only,ALL; marginal table only,ALL; marginal table only,2004-01-01 through 2025-12-31 receivedate,ALL; marginal table only,openFDA FAERS report documents,https://api.fda.gov/drug/event.json?search=receivedate%3A%5B20040101+TO+20251231%5D+AND+%28patient.drug.openfda.generic_name.exact%3A%22TRIAZOLAM%22+OR+patient.drug.medicinalproduct.exact%3A%22TRIAZOLAM%22%29+AND+patient.reaction.reactionmeddrapt.exact%3A%22SEDATION%22&limit=1,2026-09-20T01:53:34.748492+00:00
triazolam,Dizziness,C4,131,3893,477766,20018532,3893,NA,all roles; target-specific suspect not inferred,ALL; marginal table only,ALL; marginal table only,ALL; marginal table only,2004-01-01 through 2025-12-31 receivedate,ALL; marginal table only,openFDA FAERS report documents,https://api.fda.gov/drug/event.json?search=receivedate%3A%5B20040101+TO+20251231%5D+AND+%28patient.drug.openfda.generic_name.exact%3A%22TRIAZOLAM%22+OR+patient.drug.medicinalproduct.exact%3A%22TRIAZOLAM%22%29+AND+patient.reaction.reactionmeddrapt.exact%3A%22DIZZINESS%22&limit=1,2026-09-20T01:53:41.187815+00:00
triazolam,Vertigo,C4,20,3893,58684,20018532,3893,NA,all roles; target-specific suspect not inferred,ALL; marginal table only,ALL; marginal table only,ALL; marginal table only,2004-01-01 through 2025-12-31 receivedate,ALL; marginal table only,openFDA FAERS report documents,https://api.fda.gov/drug/event.json?search=receivedate%3A%5B20040101+TO+20251231%5D+AND+%28patient.drug.openfda.generic_name.exact%3A%22TRIAZOLAM%22+OR+patient.drug.medicinalproduct.exact%3A%22TRIAZOLAM%22%29+AND+patient.reaction.reactionmeddrapt.exact%3A%22VERTIGO%22&limit=1,2026-09-20T01:53:46.399138+00:00
triazolam,Muscular weakness,C5,35,3893,109349,20018532,3893,NA,all roles; target-specific suspect not inferred,ALL; marginal table only,ALL; marginal table only,ALL; marginal table only,2004-01-01 through 2025-12-31 receivedate,ALL; marginal table only,openFDA FAERS report documents,https://api.fda.gov/drug/event.json?search=receivedate%3A%5B20040101+TO+20251231%5D+AND+%28patient.drug.openfda.generic_name.exact%3A%22TRIAZOLAM%22+OR+patient.drug.medicinalproduct.exact%3A%22TRIAZOLAM%22%29+AND+patient.reaction.reactionmeddrapt.exact%3A%22MUSCULAR+WEAKNESS%22&limit=1,2026-09-20T01:53:48.678243+00:00
triazolam,Hypotonia,C5,2,3893,9684,20018532,3893,NA,all roles; target-specific suspect not inferred,ALL; marginal table only,ALL; marginal table only,ALL; marginal table only,2004-01-01 through 2025-12-31 receivedate,ALL; marginal table only,openFDA FAERS report documents,https://api.fda.gov/drug/event.json?search=receivedate%3A%5B20040101+TO+20251231%5D+AND+%28patient.drug.openfda.generic_name.exact%3A%22TRIAZOLAM%22+OR+patient.drug.medicinalproduct.exact%3A%22TRIAZOLAM%22%29+AND+patient.reaction.reactionmeddrapt.exact%3A%22HYPOTONIA%22&limit=1,2026-09-20T01:53:49.818127+00:00
triazolam,Amnesia,C6,32,3893,63053,20018532,3893,NA,all roles; target-specific suspect not inferred,ALL; marginal table only,ALL; marginal table only,ALL; marginal table only,2004-01-01 through 2025-12-31 receivedate,ALL; marginal table only,openFDA FAERS report documents,https://api.fda.gov/drug/event.json?search=receivedate%3A%5B20040101+TO+20251231%5D+AND+%28patient.drug.openfda.generic_name.exact%3A%22TRIAZOLAM%22+OR+patient.drug.medicinalproduct.exact%3A%22TRIAZOLAM%22%29+AND+patient.reaction.reactionmeddrapt.exact%3A%22AMNESIA%22&limit=1,2026-09-20T01:53:50.622162+00:00
triazolam,Memory impairment,C6,32,3893,132715,20018532,3893,NA,all roles; target-specific suspect not inferred,ALL; marginal table only,ALL; marginal table only,ALL; marginal table only,2004-01-01 through 2025-12-31 receivedate,ALL; marginal table only,openFDA FAERS report documents,https://api.fda.gov/drug/event.json?search=receivedate%3A%5B20040101+TO+20251231%5D+AND+%28patient.drug.openfda.generic_name.exact%3A%22TRIAZOLAM%22+OR+patient.drug.medicinalproduct.exact%3A%22TRIAZOLAM%22%29+AND+patient.reaction.reactionmeddrapt.exact%3A%22MEMORY+IMPAIRMENT%22&limit=1,2026-09-20T01:54:00.279057+00:00
triazolam,Cognitive disorder,C6,19,3893,44588,20018532,3893,NA,all roles; target-specific suspect not inferred,ALL; marginal table only,ALL; marginal table only,ALL; marginal table only,2004-01-01 through 2025-12-31 receivedate,ALL; marginal table only,openFDA FAERS report documents,https://api.fda.gov/drug/event.json?search=receivedate%3A%5B20040101+TO+20251231%5D+AND+%28patient.drug.openfda.generic_name.exact%3A%22TRIAZOLAM%22+OR+patient.drug.medicinalproduct.exact%3A%22TRIAZOLAM%22%29+AND+patient.reaction.reactionmeddrapt.exact%3A%22COGNITIVE+DISORDER%22&limit=1,2026-09-20T01:54:02.099625+00:00
zolpidem,Ataxia,C1,101,49105,11464,20018532,0,NA,all roles; target-specific suspect not inferred,ALL; marginal table only,ALL; marginal table only,ALL; marginal table only,2004-01-01 through 2025-12-31 receivedate,ALL; marginal table only,openFDA FAERS report documents,https://api.fda.gov/drug/event.json?search=receivedate%3A%5B20040101+TO+20251231%5D+AND+%28patient.drug.openfda.generic_name.exact%3A%22ZOLPIDEM%22+OR+patient.drug.medicinalproduct.exact%3A%22ZOLPIDEM%22%29+AND+patient.reaction.reactionmeddrapt.exact%3A%22ATAXIA%22&limit=1,2026-09-20T01:53:35.270146+00:00
zolpidem,Balance disorder,C1,392,49105,83538,20018532,0,NA,all roles; target-specific suspect not inferred,ALL; marginal table only,ALL; marginal table only,ALL; marginal table only,2004-01-01 through 2025-12-31 receivedate,ALL; marginal table only,openFDA FAERS report documents,https://api.fda.gov/drug/event.json?search=receivedate%3A%5B20040101+TO+20251231%5D+AND+%28patient.drug.openfda.generic_name.exact%3A%22ZOLPIDEM%22+OR+patient.drug.medicinalproduct.exact%3A%22ZOLPIDEM%22%29+AND+patient.reaction.reactionmeddrapt.exact%3A%22BALANCE+DISORDER%22&limit=1,2026-09-20T01:53:37.145933+00:00
zolpidem,Coordination abnormal,C1,232,49105,13648,20018532,0,NA,all roles; target-specific suspect not inferred,ALL; marginal table only,ALL; marginal table only,ALL; marginal table only,2004-01-01 through 2025-12-31 receivedate,ALL; marginal table only,openFDA FAERS report documents,https://api.fda.gov/drug/event.json?search=receivedate%3A%5B20040101+TO+20251231%5D+AND+%28patient.drug.openfda.generic_name.exact%3A%22ZOLPIDEM%22+OR+patient.drug.medicinalproduct.exact%3A%22ZOLPIDEM%22%29+AND+patient.reaction.reactionmeddrapt.exact%3A%22COORDINATION+ABNORMAL%22&limit=1,2026-09-20T01:53:40.859386+00:00
zolpidem,Gait disturbance,C1,695,49105,185496,20018532,0,NA,all roles; target-specific suspect not inferred,ALL; marginal table only,ALL; marginal table only,ALL; marginal table only,2004-01-01 through 2025-12-31 receivedate,ALL; marginal table only,openFDA FAERS report documents,https://api.fda.gov/drug/event.json?search=receivedate%3A%5B20040101+TO+20251231%5D+AND+%28patient.drug.openfda.generic_name.exact%3A%22ZOLPIDEM%22+OR+patient.drug.medicinalproduct.exact%3A%22ZOLPIDEM%22%29+AND+patient.reaction.reactionmeddrapt.exact%3A%22GAIT+DISTURBANCE%22&limit=1,2026-09-20T01:53:42.110223+00:00
zolpidem,Fall,C2,2056,49105,319310,20018532,0,NA,all roles; target-specific suspect not inferred,ALL; marginal table only,ALL; marginal table only,ALL; marginal table only,2004-01-01 through 2025-12-31 receivedate,ALL; marginal table only,openFDA FAERS report documents,https://api.fda.gov/drug/event.json?search=receivedate%3A%5B20040101+TO+20251231%5D+AND+%28patient.drug.openfda.generic_name.exact%3A%22ZOLPIDEM%22+OR+patient.drug.medicinalproduct.exact%3A%22ZOLPIDEM%22%29+AND+patient.reaction.reactionmeddrapt.exact%3A%22FALL%22&limit=1,2026-09-20T01:53:45.759108+00:00
zolpidem,Somnolence,C3,1456,49105,193065,20018532,0,NA,all roles; target-specific suspect not inferred,ALL; marginal table only,ALL; marginal table only,ALL; marginal table only,2004-01-01 through 2025-12-31 receivedate,ALL; marginal table only,openFDA FAERS report documents,https://api.fda.gov/drug/event.json?search=receivedate%3A%5B20040101+TO+20251231%5D+AND+%28patient.drug.openfda.generic_name.exact%3A%22ZOLPIDEM%22+OR+patient.drug.medicinalproduct.exact%3A%22ZOLPIDEM%22%29+AND+patient.reaction.reactionmeddrapt.exact%3A%22SOMNOLENCE%22&limit=1,2026-09-20T01:53:48.739874+00:00
zolpidem,Sedation,C3,278,49105,24810,20018532,0,NA,all roles; target-specific suspect not inferred,ALL; marginal table only,ALL; marginal table only,ALL; marginal table only,2004-01-01 through 2025-12-31 receivedate,ALL; marginal table only,openFDA FAERS report documents,https://api.fda.gov/drug/event.json?search=receivedate%3A%5B20040101+TO+20251231%5D+AND+%28patient.drug.openfda.generic_name.exact%3A%22ZOLPIDEM%22+OR+patient.drug.medicinalproduct.exact%3A%22ZOLPIDEM%22%29+AND+patient.reaction.reactionmeddrapt.exact%3A%22SEDATION%22&limit=1,2026-09-20T01:53:49.751758+00:00
zolpidem,Dizziness,C4,1545,49105,477766,20018532,0,NA,all roles; target-specific suspect not inferred,ALL; marginal table only,ALL; marginal table only,ALL; marginal table only,2004-01-01 through 2025-12-31 receivedate,ALL; marginal table only,openFDA FAERS report documents,https://api.fda.gov/drug/event.json?search=receivedate%3A%5B20040101+TO+20251231%5D+AND+%28patient.drug.openfda.generic_name.exact%3A%22ZOLPIDEM%22+OR+patient.drug.medicinalproduct.exact%3A%22ZOLPIDEM%22%29+AND+patient.reaction.reactionmeddrapt.exact%3A%22DIZZINESS%22&limit=1,2026-09-20T01:53:52.227009+00:00
zolpidem,Vertigo,C4,270,49105,58684,20018532,0,NA,all roles; target-specific suspect not inferred,ALL; marginal table only,ALL; marginal table only,ALL; marginal table only,2004-01-01 through 2025-12-31 receivedate,ALL; marginal table only,openFDA FAERS report documents,https://api.fda.gov/drug/event.json?search=receivedate%3A%5B20040101+TO+20251231%5D+AND+%28patient.drug.openfda.generic_name.exact%3A%22ZOLPIDEM%22+OR+patient.drug.medicinalproduct.exact%3A%22ZOLPIDEM%22%29+AND+patient.reaction.reactionmeddrapt.exact%3A%22VERTIGO%22&limit=1,2026-09-20T01:53:54.333166+00:00
zolpidem,Muscular weakness,C5,545,49105,109349,20018532,0,NA,all roles; target-specific suspect not inferred,ALL; marginal table only,ALL; marginal table only,ALL; marginal table only,2004-01-01 through 2025-12-31 receivedate,ALL; marginal table only,openFDA FAERS report documents,https://api.fda.gov/drug/event.json?search=receivedate%3A%5B20040101+TO+20251231%5D+AND+%28patient.drug.openfda.generic_name.exact%3A%22ZOLPIDEM%22+OR+patient.drug.medicinalproduct.exact%3A%22ZOLPIDEM%22%29+AND+patient.reaction.reactionmeddrapt.exact%3A%22MUSCULAR+WEAKNESS%22&limit=1,2026-09-20T01:53:58.192914+00:00
zolpidem,Hypotonia,C5,72,49105,9684,20018532,0,NA,all roles; target-specific suspect not inferred,ALL; marginal table only,ALL; marginal table only,ALL; marginal table only,2004-01-01 through 2025-12-31 receivedate,ALL; marginal table only,openFDA FAERS report documents,https://api.fda.gov/drug/event.json?search=receivedate%3A%5B20040101+TO+20251231%5D+AND+%28patient.drug.openfda.generic_name.exact%3A%22ZOLPIDEM%22+OR+patient.drug.medicinalproduct.exact%3A%22ZOLPIDEM%22%29+AND+patient.reaction.reactionmeddrapt.exact%3A%22HYPOTONIA%22&limit=1,2026-09-20T01:53:59.452391+00:00
zolpidem,Amnesia,C6,684,49105,63053,20018532,0,NA,all roles; target-specific suspect not inferred,ALL; marginal table only,ALL; marginal table only,ALL; marginal table only,2004-01-01 through 2025-12-31 receivedate,ALL; marginal table only,openFDA FAERS report documents,https://api.fda.gov/drug/event.json?search=receivedate%3A%5B20040101+TO+20251231%5D+AND+%28patient.drug.openfda.generic_name.exact%3A%22ZOLPIDEM%22+OR+patient.drug.medicinalproduct.exact%3A%22ZOLPIDEM%22%29+AND+patient.reaction.reactionmeddrapt.exact%3A%22AMNESIA%22&limit=1,2026-09-20T01:54:01.833068+00:00
zolpidem,Memory impairment,C6,618,49105,132715,20018532,0,NA,all roles; target-specific suspect not inferred,ALL; marginal table only,ALL; marginal table only,ALL; marginal table only,2004-01-01 through 2025-12-31 receivedate,ALL; marginal table only,openFDA FAERS report documents,https://api.fda.gov/drug/event.json?search=receivedate%3A%5B20040101+TO+20251231%5D+AND+%28patient.drug.openfda.generic_name.exact%3A%22ZOLPIDEM%22+OR+patient.drug.medicinalproduct.exact%3A%22ZOLPIDEM%22%29+AND+patient.reaction.reactionmeddrapt.exact%3A%22MEMORY+IMPAIRMENT%22&limit=1,2026-09-20T01:54:05.392335+00:00
zolpidem,Cognitive disorder,C6,307,49105,44588,20018532,0,NA,all roles; target-specific suspect not inferred,ALL; marginal table only,ALL; marginal table only,ALL; marginal table only,2004-01-01 through 2025-12-31 receivedate,ALL; marginal table only,openFDA FAERS report documents,https://api.fda.gov/drug/event.json?search=receivedate%3A%5B20040101+TO+20251231%5D+AND+%28patient.drug.openfda.generic_name.exact%3A%22ZOLPIDEM%22+OR+patient.drug.medicinalproduct.exact%3A%22ZOLPIDEM%22%29+AND+patient.reaction.reactionmeddrapt.exact%3A%22COGNITIVE+DISORDER%22&limit=1,2026-09-20T01:54:08.823666+00:00
lorazepam,Ataxia,C1,501,174733,11464,20018532,174733,NA,all roles; target-specific suspect not inferred,ALL; marginal table only,ALL; marginal table only,ALL; marginal table only,2004-01-01 through 2025-12-31 receivedate,ALL; marginal table only,openFDA FAERS report documents,https://api.fda.gov/drug/event.json?search=receivedate%3A%5B20040101+TO+20251231%5D+AND+%28patient.drug.openfda.generic_name.exact%3A%22LORAZEPAM%22+OR+patient.drug.medicinalproduct.exact%3A%22LORAZEPAM%22%29+AND+patient.reaction.reactionmeddrapt.exact%3A%22ATAXIA%22&limit=1,2026-09-20T01:53:34.221641+00:00
lorazepam,Balance disorder,C1,1754,174733,83538,20018532,174733,NA,all roles; target-specific suspect not inferred,ALL; marginal table only,ALL; marginal table only,ALL; marginal table only,2004-01-01 through 2025-12-31 receivedate,ALL; marginal table only,openFDA FAERS report documents,https://api.fda.gov/drug/event.json?search=receivedate%3A%5B20040101+TO+20251231%5D+AND+%28patient.drug.openfda.generic_name.exact%3A%22LORAZEPAM%22+OR+patient.drug.medicinalproduct.exact%3A%22LORAZEPAM%22%29+AND+patient.reaction.reactionmeddrapt.exact%3A%22BALANCE+DISORDER%22&limit=1,2026-09-20T01:53:36.110159+00:00
lorazepam,Coordination abnormal,C1,358,174733,13648,20018532,174733,NA,all roles; target-specific suspect not inferred,ALL; marginal table only,ALL; marginal table only,ALL; marginal table only,2004-01-01 through 2025-12-31 receivedate,ALL; marginal table only,openFDA FAERS report documents,https://api.fda.gov/drug/event.json?search=receivedate%3A%5B20040101+TO+20251231%5D+AND+%28patient.drug.openfda.generic_name.exact%3A%22LORAZEPAM%22+OR+patient.drug.medicinalproduct.exact%3A%22LORAZEPAM%22%29+AND+patient.reaction.reactionmeddrapt.exact%3A%22COORDINATION+ABNORMAL%22&limit=1,2026-09-20T01:53:39.989979+00:00
lorazepam,Gait disturbance,C1,3565,174733,185496,20018532,174733,NA,all roles; target-specific suspect not inferred,ALL; marginal table only,ALL; marginal table only,ALL; marginal table only,2004-01-01 through 2025-12-31 receivedate,ALL; marginal table only,openFDA FAERS report documents,https://api.fda.gov/drug/event.json?search=receivedate%3A%5B20040101+TO+20251231%5D+AND+%28patient.drug.openfda.generic_name.exact%3A%22LORAZEPAM%22+OR+patient.drug.medicinalproduct.exact%3A%22LORAZEPAM%22%29+AND+patient.reaction.reactionmeddrapt.exact%3A%22GAIT+DISTURBANCE%22&limit=1,2026-09-20T01:53:43.666593+00:00
lorazepam,Fall,C2,6437,174733,319310,20018532,174733,NA,all roles; target-specific suspect not inferred,ALL; marginal table only,ALL; marginal table only,ALL; marginal table only,2004-01-01 through 2025-12-31 receivedate,ALL; marginal table only,openFDA FAERS report documents,https://api.fda.gov/drug/event.json?search=receivedate%3A%5B20040101+TO+20251231%5D+AND+%28patient.drug.openfda.generic_name.exact%3A%22LORAZEPAM%22+OR+patient.drug.medicinalproduct.exact%3A%22LORAZEPAM%22%29+AND+patient.reaction.reactionmeddrapt.exact%3A%22FALL%22&limit=1,2026-09-20T01:53:44.773973+00:00
lorazepam,Somnolence,C3,5356,174733,193065,20018532,174733,NA,all roles; target-specific suspect not inferred,ALL; marginal table only,ALL; marginal table only,ALL; marginal table only,2004-01-01 through 2025-12-31 receivedate,ALL; marginal table only,openFDA FAERS report documents,https://api.fda.gov/drug/event.json?search=receivedate%3A%5B20040101+TO+20251231%5D+AND+%28patient.drug.openfda.generic_name.exact%3A%22LORAZEPAM%22+OR+patient.drug.medicinalproduct.exact%3A%22LORAZEPAM%22%29+AND+patient.reaction.reactionmeddrapt.exact%3A%22SOMNOLENCE%22&limit=1,2026-09-20T01:53:46.965877+00:00
lorazepam,Sedation,C3,1387,174733,24810,20018532,174733,NA,all roles; target-specific suspect not inferred,ALL; marginal table only,ALL; marginal table only,ALL; marginal table only,2004-01-01 through 2025-12-31 receivedate,ALL; marginal table only,openFDA FAERS report documents,https://api.fda.gov/drug/event.json?search=receivedate%3A%5B20040101+TO+20251231%5D+AND+%28patient.drug.openfda.generic_name.exact%3A%22LORAZEPAM%22+OR+patient.drug.medicinalproduct.exact%3A%22LORAZEPAM%22%29+AND+patient.reaction.reactionmeddrapt.exact%3A%22SEDATION%22&limit=1,2026-09-20T01:53:49.073442+00:00
lorazepam,Dizziness,C4,8149,174733,477766,20018532,174733,NA,all roles; target-specific suspect not inferred,ALL; marginal table only,ALL; marginal table only,ALL; marginal table only,2004-01-01 through 2025-12-31 receivedate,ALL; marginal table only,openFDA FAERS report documents,https://api.fda.gov/drug/event.json?search=receivedate%3A%5B20040101+TO+20251231%5D+AND+%28patient.drug.openfda.generic_name.exact%3A%22LORAZEPAM%22+OR+patient.drug.medicinalproduct.exact%3A%22LORAZEPAM%22%29+AND+patient.reaction.reactionmeddrapt.exact%3A%22DIZZINESS%22&limit=1,2026-09-20T01:53:49.955773+00:00
lorazepam,Vertigo,C4,859,174733,58684,20018532,174733,NA,all roles; target-specific suspect not inferred,ALL; marginal table only,ALL; marginal table only,ALL; marginal table only,2004-01-01 through 2025-12-31 receivedate,ALL; marginal table only,openFDA FAERS report documents,https://api.fda.gov/drug/event.json?search=receivedate%3A%5B20040101+TO+20251231%5D+AND+%28patient.drug.openfda.generic_name.exact%3A%22LORAZEPAM%22+OR+patient.drug.medicinalproduct.exact%3A%22LORAZEPAM%22%29+AND+patient.reaction.reactionmeddrapt.exact%3A%22VERTIGO%22&limit=1,2026-09-20T01:53:52.044808+00:00
lorazepam,Muscular weakness,C5,2107,174733,109349,20018532,174733,NA,all roles; target-specific suspect not inferred,ALL; marginal table only,ALL; marginal table only,ALL; marginal table only,2004-01-01 through 2025-12-31 receivedate,ALL; marginal table only,openFDA FAERS report documents,https://api.fda.gov/drug/event.json?search=receivedate%3A%5B20040101+TO+20251231%5D+AND+%28patient.drug.openfda.generic_name.exact%3A%22LORAZEPAM%22+OR+patient.drug.medicinalproduct.exact%3A%22LORAZEPAM%22%29+AND+patient.reaction.reactionmeddrapt.exact%3A%22MUSCULAR+WEAKNESS%22&limit=1,2026-09-20T01:53:55.391470+00:00
lorazepam,Hypotonia,C5,196,174733,9684,20018532,174733,NA,all roles; target-specific suspect not inferred,ALL; marginal table only,ALL; marginal table only,ALL; marginal table only,2004-01-01 through 2025-12-31 receivedate,ALL; marginal table only,openFDA FAERS report documents,https://api.fda.gov/drug/event.json?search=receivedate%3A%5B20040101+TO+20251231%5D+AND+%28patient.drug.openfda.generic_name.exact%3A%22LORAZEPAM%22+OR+patient.drug.medicinalproduct.exact%3A%22LORAZEPAM%22%29+AND+patient.reaction.reactionmeddrapt.exact%3A%22HYPOTONIA%22&limit=1,2026-09-20T01:53:59.390526+00:00
lorazepam,Amnesia,C6,1898,174733,63053,20018532,174733,NA,all roles; target-specific suspect not inferred,ALL; marginal table only,ALL; marginal table only,ALL; marginal table only,2004-01-01 through 2025-12-31 receivedate,ALL; marginal table only,openFDA FAERS report documents,https://api.fda.gov/drug/event.json?search=receivedate%3A%5B20040101+TO+20251231%5D+AND+%28patient.drug.openfda.generic_name.exact%3A%22LORAZEPAM%22+OR+patient.drug.medicinalproduct.exact%3A%22LORAZEPAM%22%29+AND+patient.reaction.reactionmeddrapt.exact%3A%22AMNESIA%22&limit=1,2026-09-20T01:54:22.278197+00:00
lorazepam,Memory impairment,C6,2840,174733,132715,20018532,174733,NA,all roles; target-specific suspect not inferred,ALL; marginal table only,ALL; marginal table only,ALL; marginal table only,2004-01-01 through 2025-12-31 receivedate,ALL; marginal table only,openFDA FAERS report documents,https://api.fda.gov/drug/event.json?search=receivedate%3A%5B20040101+TO+20251231%5D+AND+%28patient.drug.openfda.generic_name.exact%3A%22LORAZEPAM%22+OR+patient.drug.medicinalproduct.exact%3A%22LORAZEPAM%22%29+AND+patient.reaction.reactionmeddrapt.exact%3A%22MEMORY+IMPAIRMENT%22&limit=1,2026-09-20T01:54:23.157735+00:00
lorazepam,Cognitive disorder,C6,1109,174733,44588,20018532,174733,NA,all roles; target-specific suspect not inferred,ALL; marginal table only,ALL; marginal table only,ALL; marginal table only,2004-01-01 through 2025-12-31 receivedate,ALL; marginal table only,openFDA FAERS report documents,https://api.fda.gov/drug/event.json?search=receivedate%3A%5B20040101+TO+20251231%5D+AND+%28patient.drug.openfda.generic_name.exact%3A%22LORAZEPAM%22+OR+patient.drug.medicinalproduct.exact%3A%22LORAZEPAM%22%29+AND+patient.reaction.reactionmeddrapt.exact%3A%22COGNITIVE+DISORDER%22&limit=1,2026-09-20T01:54:25.267233+00:00
clonazepam,Ataxia,C1,491,155429,11464,20018532,155429,NA,all roles; target-specific suspect not inferred,ALL; marginal table only,ALL; marginal table only,ALL; marginal table only,2004-01-01 through 2025-12-31 receivedate,ALL; marginal table only,openFDA FAERS report documents,https://api.fda.gov/drug/event.json?search=receivedate%3A%5B20040101+TO+20251231%5D+AND+%28patient.drug.openfda.generic_name.exact%3A%22CLONAZEPAM%22+OR+patient.drug.medicinalproduct.exact%3A%22CLONAZEPAM%22%29+AND+patient.reaction.reactionmeddrapt.exact%3A%22ATAXIA%22&limit=1,2026-09-20T01:54:08.623837+00:00
clonazepam,Balance disorder,C1,2286,155429,83538,20018532,155429,NA,all roles; target-specific suspect not inferred,ALL; marginal table only,ALL; marginal table only,ALL; marginal table only,2004-01-01 through 2025-12-31 receivedate,ALL; marginal table only,openFDA FAERS report documents,https://api.fda.gov/drug/event.json?search=receivedate%3A%5B20040101+TO+20251231%5D+AND+%28patient.drug.openfda.generic_name.exact%3A%22CLONAZEPAM%22+OR+patient.drug.medicinalproduct.exact%3A%22CLONAZEPAM%22%29+AND+patient.reaction.reactionmeddrapt.exact%3A%22BALANCE+DISORDER%22&limit=1,2026-09-20T01:54:10.600719+00:00
clonazepam,Coordination abnormal,C1,494,155429,13648,20018532,155429,NA,all roles; target-specific suspect not inferred,ALL; marginal table only,ALL; marginal table only,ALL; marginal table only,2004-01-01 through 2025-12-31 receivedate,ALL; marginal table only,openFDA FAERS report documents,https://api.fda.gov/drug/event.json?search=receivedate%3A%5B20040101+TO+20251231%5D+AND+%28patient.drug.openfda.generic_name.exact%3A%22CLONAZEPAM%22+OR+patient.drug.medicinalproduct.exact%3A%22CLONAZEPAM%22%29+AND+patient.reaction.reactionmeddrapt.exact%3A%22COORDINATION+ABNORMAL%22&limit=1,2026-09-20T01:54:14.065623+00:00
clonazepam,Gait disturbance,C1,3699,155429,185496,20018532,155429,NA,all roles; target-specific suspect not inferred,ALL; marginal table only,ALL; marginal table only,ALL; marginal table only,2004-01-01 through 2025-12-31 receivedate,ALL; marginal table only,openFDA FAERS report documents,https://api.fda.gov/drug/event.json?search=receivedate%3A%5B20040101+TO+20251231%5D+AND+%28patient.drug.openfda.generic_name.exact%3A%22CLONAZEPAM%22+OR+patient.drug.medicinalproduct.exact%3A%22CLONAZEPAM%22%29+AND+patient.reaction.reactionmeddrapt.exact%3A%22GAIT+DISTURBANCE%22&limit=1,2026-09-20T01:54:17.120087+00:00
clonazepam,Fall,C2,6664,155429,319310,20018532,155429,NA,all roles; target-specific suspect not inferred,ALL; marginal table only,ALL; marginal table only,ALL; marginal table only,2004-01-01 through 2025-12-31 receivedate,ALL; marginal table only,openFDA FAERS report documents,https://api.fda.gov/drug/event.json?search=receivedate%3A%5B20040101+TO+20251231%5D+AND+%28patient.drug.openfda.generic_name.exact%3A%22CLONAZEPAM%22+OR+patient.drug.medicinalproduct.exact%3A%22CLONAZEPAM%22%29+AND+patient.reaction.reactionmeddrapt.exact%3A%22FALL%22&limit=1,2026-09-20T01:54:20.074183+00:00
clonazepam,Somnolence,C3,5617,155429,193065,20018532,155429,NA,all roles; target-specific suspect not inferred,ALL; marginal table only,ALL; marginal table only,ALL; marginal table only,2004-01-01 through 2025-12-31 receivedate,ALL; marginal table only,openFDA FAERS report documents,https://api.fda.gov/drug/event.json?search=receivedate%3A%5B20040101+TO+20251231%5D+AND+%28patient.drug.openfda.generic_name.exact%3A%22CLONAZEPAM%22+OR+patient.drug.medicinalproduct.exact%3A%22CLONAZEPAM%22%29+AND+patient.reaction.reactionmeddrapt.exact%3A%22SOMNOLENCE%22&limit=1,2026-09-20T01:54:21.029602+00:00
clonazepam,Sedation,C3,1253,155429,24810,20018532,155429,NA,all roles; target-specific suspect not inferred,ALL; marginal table only,ALL; marginal table only,ALL; marginal table only,2004-01-01 through 2025-12-31 receivedate,ALL; marginal table only,openFDA FAERS report documents,https://api.fda.gov/drug/event.json?search=receivedate%3A%5B20040101+TO+20251231%5D+AND+%28patient.drug.openfda.generic_name.exact%3A%22CLONAZEPAM%22+OR+patient.drug.medicinalproduct.exact%3A%22CLONAZEPAM%22%29+AND+patient.reaction.reactionmeddrapt.exact%3A%22SEDATION%22&limit=1,2026-09-20T01:54:23.311503+00:00
clonazepam,Dizziness,C4,7283,155429,477766,20018532,155429,NA,all roles; target-specific suspect not inferred,ALL; marginal table only,ALL; marginal table only,ALL; marginal table only,2004-01-01 through 2025-12-31 receivedate,ALL; marginal table only,openFDA FAERS report documents,https://api.fda.gov/drug/event.json?search=receivedate%3A%5B20040101+TO+20251231%5D+AND+%28patient.drug.openfda.generic_name.exact%3A%22CLONAZEPAM%22+OR+patient.drug.medicinalproduct.exact%3A%22CLONAZEPAM%22%29+AND+patient.reaction.reactionmeddrapt.exact%3A%22DIZZINESS%22&limit=1,2026-09-20T01:54:25.430399+00:00
clonazepam,Vertigo,C4,984,155429,58684,20018532,155429,NA,all roles; target-specific suspect not inferred,ALL; marginal table only,ALL; marginal table only,ALL; marginal table only,2004-01-01 through 2025-12-31 receivedate,ALL; marginal table only,openFDA FAERS report documents,https://api.fda.gov/drug/event.json?search=receivedate%3A%5B20040101+TO+20251231%5D+AND+%28patient.drug.openfda.generic_name.exact%3A%22CLONAZEPAM%22+OR+patient.drug.medicinalproduct.exact%3A%22CLONAZEPAM%22%29+AND+patient.reaction.reactionmeddrapt.exact%3A%22VERTIGO%22&limit=1,2026-09-20T01:54:28.801195+00:00
clonazepam,Muscular weakness,C5,1833,155429,109349,20018532,155429,NA,all roles; target-specific suspect not inferred,ALL; marginal table only,ALL; marginal table only,ALL; marginal table only,2004-01-01 through 2025-12-31 receivedate,ALL; marginal table only,openFDA FAERS report documents,https://api.fda.gov/drug/event.json?search=receivedate%3A%5B20040101+TO+20251231%5D+AND+%28patient.drug.openfda.generic_name.exact%3A%22CLONAZEPAM%22+OR+patient.drug.medicinalproduct.exact%3A%22CLONAZEPAM%22%29+AND+patient.reaction.reactionmeddrapt.exact%3A%22MUSCULAR+WEAKNESS%22&limit=1,2026-09-20T01:54:32.131366+00:00
clonazepam,Hypotonia,C5,238,155429,9684,20018532,155429,NA,all roles; target-specific suspect not inferred,ALL; marginal table only,ALL; marginal table only,ALL; marginal table only,2004-01-01 through 2025-12-31 receivedate,ALL; marginal table only,openFDA FAERS report documents,https://api.fda.gov/drug/event.json?search=receivedate%3A%5B20040101+TO+20251231%5D+AND+%28patient.drug.openfda.generic_name.exact%3A%22CLONAZEPAM%22+OR+patient.drug.medicinalproduct.exact%3A%22CLONAZEPAM%22%29+AND+patient.reaction.reactionmeddrapt.exact%3A%22HYPOTONIA%22&limit=1,2026-09-20T01:54:33.082249+00:00
clonazepam,Amnesia,C6,1776,155429,63053,20018532,155429,NA,all roles; target-specific suspect not inferred,ALL; marginal table only,ALL; marginal table only,ALL; marginal table only,2004-01-01 through 2025-12-31 receivedate,ALL; marginal table only,openFDA FAERS report documents,https://api.fda.gov/drug/event.json?search=receivedate%3A%5B20040101+TO+20251231%5D+AND+%28patient.drug.openfda.generic_name.exact%3A%22CLONAZEPAM%22+OR+patient.drug.medicinalproduct.exact%3A%22CLONAZEPAM%22%29+AND+patient.reaction.reactionmeddrapt.exact%3A%22AMNESIA%22&limit=1,2026-09-20T01:54:35.394393+00:00
clonazepam,Memory impairment,C6,2975,155429,132715,20018532,155429,NA,all roles; target-specific suspect not inferred,ALL; marginal table only,ALL; marginal table only,ALL; marginal table only,2004-01-01 through 2025-12-31 receivedate,ALL; marginal table only,openFDA FAERS report documents,https://api.fda.gov/drug/event.json?search=receivedate%3A%5B20040101+TO+20251231%5D+AND+%28patient.drug.openfda.generic_name.exact%3A%22CLONAZEPAM%22+OR+patient.drug.medicinalproduct.exact%3A%22CLONAZEPAM%22%29+AND+patient.reaction.reactionmeddrapt.exact%3A%22MEMORY+IMPAIRMENT%22&limit=1,2026-09-20T01:54:39.493450+00:00
clonazepam,Cognitive disorder,C6,1186,155429,44588,20018532,155429,NA,all roles; target-specific suspect not inferred,ALL; marginal table only,ALL; marginal table only,ALL; marginal table only,2004-01-01 through 2025-12-31 receivedate,ALL; marginal table only,openFDA FAERS report documents,https://api.fda.gov/drug/event.json?search=receivedate%3A%5B20040101+TO+20251231%5D+AND+%28patient.drug.openfda.generic_name.exact%3A%22CLONAZEPAM%22+OR+patient.drug.medicinalproduct.exact%3A%22CLONAZEPAM%22%29+AND+patient.reaction.reactionmeddrapt.exact%3A%22COGNITIVE+DISORDER%22&limit=1,2026-09-20T01:54:41.383077+00:00
midazolam,Ataxia,C1,44,24085,11464,20018532,24085,NA,all roles; target-specific suspect not inferred,ALL; marginal table only,ALL; marginal table only,ALL; marginal table only,2004-01-01 through 2025-12-31 receivedate,ALL; marginal table only,openFDA FAERS report documents,https://api.fda.gov/drug/event.json?search=receivedate%3A%5B20040101+TO+20251231%5D+AND+%28patient.drug.openfda.generic_name.exact%3A%22MIDAZOLAM%22+OR+patient.drug.medicinalproduct.exact%3A%22MIDAZOLAM%22%29+AND+patient.reaction.reactionmeddrapt.exact%3A%22ATAXIA%22&limit=1,2026-09-20T01:54:34.519552+00:00
midazolam,Balance disorder,C1,82,24085,83538,20018532,24085,NA,all roles; target-specific suspect not inferred,ALL; marginal table only,ALL; marginal table only,ALL; marginal table only,2004-01-01 through 2025-12-31 receivedate,ALL; marginal table only,openFDA FAERS report documents,https://api.fda.gov/drug/event.json?search=receivedate%3A%5B20040101+TO+20251231%5D+AND+%28patient.drug.openfda.generic_name.exact%3A%22MIDAZOLAM%22+OR+patient.drug.medicinalproduct.exact%3A%22MIDAZOLAM%22%29+AND+patient.reaction.reactionmeddrapt.exact%3A%22BALANCE+DISORDER%22&limit=1,2026-09-20T01:54:41.330730+00:00
midazolam,Coordination abnormal,C1,40,24085,13648,20018532,24085,NA,all roles; target-specific suspect not inferred,ALL; marginal table only,ALL; marginal table only,ALL; marginal table only,2004-01-01 through 2025-12-31 receivedate,ALL; marginal table only,openFDA FAERS report documents,https://api.fda.gov/drug/event.json?search=receivedate%3A%5B20040101+TO+20251231%5D+AND+%28patient.drug.openfda.generic_name.exact%3A%22MIDAZOLAM%22+OR+patient.drug.medicinalproduct.exact%3A%22MIDAZOLAM%22%29+AND+patient.reaction.reactionmeddrapt.exact%3A%22COORDINATION+ABNORMAL%22&limit=1,2026-09-20T01:54:44.044636+00:00
midazolam,Gait disturbance,C1,170,24085,185496,20018532,24085,NA,all roles; target-specific suspect not inferred,ALL; marginal table only,ALL; marginal table only,ALL; marginal table only,2004-01-01 through 2025-12-31 receivedate,ALL; marginal table only,openFDA FAERS report documents,https://api.fda.gov/drug/event.json?search=receivedate%3A%5B20040101+TO+20251231%5D+AND+%28patient.drug.openfda.generic_name.exact%3A%22MIDAZOLAM%22+OR+patient.drug.medicinalproduct.exact%3A%22MIDAZOLAM%22%29+AND+patient.reaction.reactionmeddrapt.exact%3A%22GAIT+DISTURBANCE%22&limit=1,2026-09-20T01:54:47.103914+00:00
midazolam,Fall,C2,227,24085,319310,20018532,24085,NA,all roles; target-specific suspect not inferred,ALL; marginal table only,ALL; marginal table only,ALL; marginal table only,2004-01-01 through 2025-12-31 receivedate,ALL; marginal table only,openFDA FAERS report documents,https://api.fda.gov/drug/event.json?search=receivedate%3A%5B20040101+TO+20251231%5D+AND+%28patient.drug.openfda.generic_name.exact%3A%22MIDAZOLAM%22+OR+patient.drug.medicinalproduct.exact%3A%22MIDAZOLAM%22%29+AND+patient.reaction.reactionmeddrapt.exact%3A%22FALL%22&limit=1,2026-09-20T01:54:48.175231+00:00
midazolam,Somnolence,C3,488,24085,193065,20018532,24085,NA,all roles; target-specific suspect not inferred,ALL; marginal table only,ALL; marginal table only,ALL; marginal table only,2004-01-01 through 2025-12-31 receivedate,ALL; marginal table only,openFDA FAERS report documents,https://api.fda.gov/drug/event.json?search=receivedate%3A%5B20040101+TO+20251231%5D+AND+%28patient.drug.openfda.generic_name.exact%3A%22MIDAZOLAM%22+OR+patient.drug.medicinalproduct.exact%3A%22MIDAZOLAM%22%29+AND+patient.reaction.reactionmeddrapt.exact%3A%22SOMNOLENCE%22&limit=1,2026-09-20T01:54:49.053263+00:00
midazolam,Sedation,C3,168,24085,24810,20018532,24085,NA,all roles; target-specific suspect not inferred,ALL; marginal table only,ALL; marginal table only,ALL; marginal table only,2004-01-01 through 2025-12-31 receivedate,ALL; marginal table only,openFDA FAERS report documents,https://api.fda.gov/drug/event.json?search=receivedate%3A%5B20040101+TO+20251231%5D+AND+%28patient.drug.openfda.generic_name.exact%3A%22MIDAZOLAM%22+OR+patient.drug.medicinalproduct.exact%3A%22MIDAZOLAM%22%29+AND+patient.reaction.reactionmeddrapt.exact%3A%22SEDATION%22&limit=1,2026-09-20T01:54:52.052120+00:00
midazolam,Dizziness,C4,237,24085,477766,20018532,24085,NA,all roles; target-specific suspect not inferred,ALL; marginal table only,ALL; marginal table only,ALL; marginal table only,2004-01-01 through 2025-12-31 receivedate,ALL; marginal table only,openFDA FAERS report documents,https://api.fda.gov/drug/event.json?search=receivedate%3A%5B20040101+TO+20251231%5D+AND+%28patient.drug.openfda.generic_name.exact%3A%22MIDAZOLAM%22+OR+patient.drug.medicinalproduct.exact%3A%22MIDAZOLAM%22%29+AND+patient.reaction.reactionmeddrapt.exact%3A%22DIZZINESS%22&limit=1,2026-09-20T01:54:54.776076+00:00
midazolam,Vertigo,C4,19,24085,58684,20018532,24085,NA,all roles; target-specific suspect not inferred,ALL; marginal table only,ALL; marginal table only,ALL; marginal table only,2004-01-01 through 2025-12-31 receivedate,ALL; marginal table only,openFDA FAERS report documents,https://api.fda.gov/drug/event.json?search=receivedate%3A%5B20040101+TO+20251231%5D+AND+%28patient.drug.openfda.generic_name.exact%3A%22MIDAZOLAM%22+OR+patient.drug.medicinalproduct.exact%3A%22MIDAZOLAM%22%29+AND+patient.reaction.reactionmeddrapt.exact%3A%22VERTIGO%22&limit=1,2026-09-20T01:54:56.024998+00:00
midazolam,Muscular weakness,C5,99,24085,109349,20018532,24085,NA,all roles; target-specific suspect not inferred,ALL; marginal table only,ALL; marginal table only,ALL; marginal table only,2004-01-01 through 2025-12-31 receivedate,ALL; marginal table only,openFDA FAERS report documents,https://api.fda.gov/drug/event.json?search=receivedate%3A%5B20040101+TO+20251231%5D+AND+%28patient.drug.openfda.generic_name.exact%3A%22MIDAZOLAM%22+OR+patient.drug.medicinalproduct.exact%3A%22MIDAZOLAM%22%29+AND+patient.reaction.reactionmeddrapt.exact%3A%22MUSCULAR+WEAKNESS%22&limit=1,2026-09-20T01:54:58.637347+00:00
midazolam,Hypotonia,C5,82,24085,9684,20018532,24085,NA,all roles; target-specific suspect not inferred,ALL; marginal table only,ALL; marginal table only,ALL; marginal table only,2004-01-01 through 2025-12-31 receivedate,ALL; marginal table only,openFDA FAERS report documents,https://api.fda.gov/drug/event.json?search=receivedate%3A%5B20040101+TO+20251231%5D+AND+%28patient.drug.openfda.generic_name.exact%3A%22MIDAZOLAM%22+OR+patient.drug.medicinalproduct.exact%3A%22MIDAZOLAM%22%29+AND+patient.reaction.reactionmeddrapt.exact%3A%22HYPOTONIA%22&limit=1,2026-09-20T01:55:06.278932+00:00
midazolam,Amnesia,C6,105,24085,63053,20018532,24085,NA,all roles; target-specific suspect not inferred,ALL; marginal table only,ALL; marginal table only,ALL; marginal table only,2004-01-01 through 2025-12-31 receivedate,ALL; marginal table only,openFDA FAERS report documents,https://api.fda.gov/drug/event.json?search=receivedate%3A%5B20040101+TO+20251231%5D+AND+%28patient.drug.openfda.generic_name.exact%3A%22MIDAZOLAM%22+OR+patient.drug.medicinalproduct.exact%3A%22MIDAZOLAM%22%29+AND+patient.reaction.reactionmeddrapt.exact%3A%22AMNESIA%22&limit=1,2026-09-20T01:55:12.785185+00:00
midazolam,Memory impairment,C6,160,24085,132715,20018532,24085,NA,all roles; target-specific suspect not inferred,ALL; marginal table only,ALL; marginal table only,ALL; marginal table only,2004-01-01 through 2025-12-31 receivedate,ALL; marginal table only,openFDA FAERS report documents,https://api.fda.gov/drug/event.json?search=receivedate%3A%5B20040101+TO+20251231%5D+AND+%28patient.drug.openfda.generic_name.exact%3A%22MIDAZOLAM%22+OR+patient.drug.medicinalproduct.exact%3A%22MIDAZOLAM%22%29+AND+patient.reaction.reactionmeddrapt.exact%3A%22MEMORY+IMPAIRMENT%22&limit=1,2026-09-20T01:55:14.732618+00:00
midazolam,Cognitive disorder,C6,174,24085,44588,20018532,24085,NA,all roles; target-specific suspect not inferred,ALL; marginal table only,ALL; marginal table only,ALL; marginal table only,2004-01-01 through 2025-12-31 receivedate,ALL; marginal table only,openFDA FAERS report documents,https://api.fda.gov/drug/event.json?search=receivedate%3A%5B20040101+TO+20251231%5D+AND+%28patient.drug.openfda.generic_name.exact%3A%22MIDAZOLAM%22+OR+patient.drug.medicinalproduct.exact%3A%22MIDAZOLAM%22%29+AND+patient.reaction.reactionmeddrapt.exact%3A%22COGNITIVE+DISORDER%22&limit=1,2026-09-20T01:55:16.123175+00:00
temazepam,Ataxia,C1,73,36961,11464,20018532,36961,NA,all roles; target-specific suspect not inferred,ALL; marginal table only,ALL; marginal table only,ALL; marginal table only,2004-01-01 through 2025-12-31 receivedate,ALL; marginal table only,openFDA FAERS report documents,https://api.fda.gov/drug/event.json?search=receivedate%3A%5B20040101+TO+20251231%5D+AND+%28patient.drug.openfda.generic_name.exact%3A%22TEMAZEPAM%22+OR+patient.drug.medicinalproduct.exact%3A%22TEMAZEPAM%22%29+AND+patient.reaction.reactionmeddrapt.exact%3A%22ATAXIA%22&limit=1,2026-09-20T01:55:21.535469+00:00
temazepam,Balance disorder,C1,417,36961,83538,20018532,36961,NA,all roles; target-specific suspect not inferred,ALL; marginal table only,ALL; marginal table only,ALL; marginal table only,2004-01-01 through 2025-12-31 receivedate,ALL; marginal table only,openFDA FAERS report documents,https://api.fda.gov/drug/event.json?search=receivedate%3A%5B20040101+TO+20251231%5D+AND+%28patient.drug.openfda.generic_name.exact%3A%22TEMAZEPAM%22+OR+patient.drug.medicinalproduct.exact%3A%22TEMAZEPAM%22%29+AND+patient.reaction.reactionmeddrapt.exact%3A%22BALANCE+DISORDER%22&limit=1,2026-09-20T01:55:22.560698+00:00
temazepam,Coordination abnormal,C1,118,36961,13648,20018532,36961,NA,all roles; target-specific suspect not inferred,ALL; marginal table only,ALL; marginal table only,ALL; marginal table only,2004-01-01 through 2025-12-31 receivedate,ALL; marginal table only,openFDA FAERS report documents,https://api.fda.gov/drug/event.json?search=receivedate%3A%5B20040101+TO+20251231%5D+AND+%28patient.drug.openfda.generic_name.exact%3A%22TEMAZEPAM%22+OR+patient.drug.medicinalproduct.exact%3A%22TEMAZEPAM%22%29+AND+patient.reaction.reactionmeddrapt.exact%3A%22COORDINATION+ABNORMAL%22&limit=1,2026-09-20T01:55:23.399737+00:00
temazepam,Gait disturbance,C1,805,36961,185496,20018532,36961,NA,all roles; target-specific suspect not inferred,ALL; marginal table only,ALL; marginal table only,ALL; marginal table only,2004-01-01 through 2025-12-31 receivedate,ALL; marginal table only,openFDA FAERS report documents,https://api.fda.gov/drug/event.json?search=receivedate%3A%5B20040101+TO+20251231%5D+AND+%28patient.drug.openfda.generic_name.exact%3A%22TEMAZEPAM%22+OR+patient.drug.medicinalproduct.exact%3A%22TEMAZEPAM%22%29+AND+patient.reaction.reactionmeddrapt.exact%3A%22GAIT+DISTURBANCE%22&limit=1,2026-09-20T01:55:26.322105+00:00
temazepam,Fall,C2,1636,36961,319310,20018532,36961,NA,all roles; target-specific suspect not inferred,ALL; marginal table only,ALL; marginal table only,ALL; marginal table only,2004-01-01 through 2025-12-31 receivedate,ALL; marginal table only,openFDA FAERS report documents,https://api.fda.gov/drug/event.json?search=receivedate%3A%5B20040101+TO+20251231%5D+AND+%28patient.drug.openfda.generic_name.exact%3A%22TEMAZEPAM%22+OR+patient.drug.medicinalproduct.exact%3A%22TEMAZEPAM%22%29+AND+patient.reaction.reactionmeddrapt.exact%3A%22FALL%22&limit=1,2026-09-20T01:55:29.037421+00:00
temazepam,Somnolence,C3,943,36961,193065,20018532,36961,NA,all roles; target-specific suspect not inferred,ALL; marginal table only,ALL; marginal table only,ALL; marginal table only,2004-01-01 through 2025-12-31 receivedate,ALL; marginal table only,openFDA FAERS report documents,https://api.fda.gov/drug/event.json?search=receivedate%3A%5B20040101+TO+20251231%5D+AND+%28patient.drug.openfda.generic_name.exact%3A%22TEMAZEPAM%22+OR+patient.drug.medicinalproduct.exact%3A%22TEMAZEPAM%22%29+AND+patient.reaction.reactionmeddrapt.exact%3A%22SOMNOLENCE%22&limit=1,2026-09-20T01:55:30.658932+00:00
temazepam,Sedation,C3,202,36961,24810,20018532,36961,NA,all roles; target-specific suspect not inferred,ALL; marginal table only,ALL; marginal table only,ALL; marginal table only,2004-01-01 through 2025-12-31 receivedate,ALL; marginal table only,openFDA FAERS report documents,https://api.fda.gov/drug/event.json?search=receivedate%3A%5B20040101+TO+20251231%5D+AND+%28patient.drug.openfda.generic_name.exact%3A%22TEMAZEPAM%22+OR+patient.drug.medicinalproduct.exact%3A%22TEMAZEPAM%22%29+AND+patient.reaction.reactionmeddrapt.exact%3A%22SEDATION%22&limit=1,2026-09-20T01:55:33.632246+00:00
temazepam,Dizziness,C4,1658,36961,477766,20018532,36961,NA,all roles; target-specific suspect not inferred,ALL; marginal table only,ALL; marginal table only,ALL; marginal table only,2004-01-01 through 2025-12-31 receivedate,ALL; marginal table only,openFDA FAERS report documents,https://api.fda.gov/drug/event.json?search=receivedate%3A%5B20040101+TO+20251231%5D+AND+%28patient.drug.openfda.generic_name.exact%3A%22TEMAZEPAM%22+OR+patient.drug.medicinalproduct.exact%3A%22TEMAZEPAM%22%29+AND+patient.reaction.reactionmeddrapt.exact%3A%22DIZZINESS%22&limit=1,2026-09-20T01:55:37.020543+00:00
temazepam,Vertigo,C4,210,36961,58684,20018532,36961,NA,all roles; target-specific suspect not inferred,ALL; marginal table only,ALL; marginal table only,ALL; marginal table only,2004-01-01 through 2025-12-31 receivedate,ALL; marginal table only,openFDA FAERS report documents,https://api.fda.gov/drug/event.json?search=receivedate%3A%5B20040101+TO+20251231%5D+AND+%28patient.drug.openfda.generic_name.exact%3A%22TEMAZEPAM%22+OR+patient.drug.medicinalproduct.exact%3A%22TEMAZEPAM%22%29+AND+patient.reaction.reactionmeddrapt.exact%3A%22VERTIGO%22&limit=1,2026-09-20T01:55:37.951200+00:00
temazepam,Muscular weakness,C5,438,36961,109349,20018532,36961,NA,all roles; target-specific suspect not inferred,ALL; marginal table only,ALL; marginal table only,ALL; marginal table only,2004-01-01 through 2025-12-31 receivedate,ALL; marginal table only,openFDA FAERS report documents,https://api.fda.gov/drug/event.json?search=receivedate%3A%5B20040101+TO+20251231%5D+AND+%28patient.drug.openfda.generic_name.exact%3A%22TEMAZEPAM%22+OR+patient.drug.medicinalproduct.exact%3A%22TEMAZEPAM%22%29+AND+patient.reaction.reactionmeddrapt.exact%3A%22MUSCULAR+WEAKNESS%22&limit=1,2026-09-20T01:55:39.000969+00:00
temazepam,Hypotonia,C5,18,36961,9684,20018532,36961,NA,all roles; target-specific suspect not inferred,ALL; marginal table only,ALL; marginal table only,ALL; marginal table only,2004-01-01 through 2025-12-31 receivedate,ALL; marginal table only,openFDA FAERS report documents,https://api.fda.gov/drug/event.json?search=receivedate%3A%5B20040101+TO+20251231%5D+AND+%28patient.drug.openfda.generic_name.exact%3A%22TEMAZEPAM%22+OR+patient.drug.medicinalproduct.exact%3A%22TEMAZEPAM%22%29+AND+patient.reaction.reactionmeddrapt.exact%3A%22HYPOTONIA%22&limit=1,2026-09-20T01:55:40.129048+00:00
temazepam,Amnesia,C6,376,36961,63053,20018532,36961,NA,all roles; target-specific suspect not inferred,ALL; marginal table only,ALL; marginal table only,ALL; marginal table only,2004-01-01 through 2025-12-31 receivedate,ALL; marginal table only,openFDA FAERS report documents,https://api.fda.gov/drug/event.json?search=receivedate%3A%5B20040101+TO+20251231%5D+AND+%28patient.drug.openfda.generic_name.exact%3A%22TEMAZEPAM%22+OR+patient.drug.medicinalproduct.exact%3A%22TEMAZEPAM%22%29+AND+patient.reaction.reactionmeddrapt.exact%3A%22AMNESIA%22&limit=1,2026-09-20T01:55:42.433643+00:00
temazepam,Memory impairment,C6,585,36961,132715,20018532,36961,NA,all roles; target-specific suspect not inferred,ALL; marginal table only,ALL; marginal table only,ALL; marginal table only,2004-01-01 through 2025-12-31 receivedate,ALL; marginal table only,openFDA FAERS report documents,https://api.fda.gov/drug/event.json?search=receivedate%3A%5B20040101+TO+20251231%5D+AND+%28patient.drug.openfda.generic_name.exact%3A%22TEMAZEPAM%22+OR+patient.drug.medicinalproduct.exact%3A%22TEMAZEPAM%22%29+AND+patient.reaction.reactionmeddrapt.exact%3A%22MEMORY+IMPAIRMENT%22&limit=1,2026-09-20T01:55:44.608366+00:00
temazepam,Cognitive disorder,C6,209,36961,44588,20018532,36961,NA,all roles; target-specific suspect not inferred,ALL; marginal table only,ALL; marginal table only,ALL; marginal table only,2004-01-01 through 2025-12-31 receivedate,ALL; marginal table only,openFDA FAERS report documents,https://api.fda.gov/drug/event.json?search=receivedate%3A%5B20040101+TO+20251231%5D+AND+%28patient.drug.openfda.generic_name.exact%3A%22TEMAZEPAM%22+OR+patient.drug.medicinalproduct.exact%3A%22TEMAZEPAM%22%29+AND+patient.reaction.reactionmeddrapt.exact%3A%22COGNITIVE+DISORDER%22&limit=1,2026-09-20T01:55:48.322565+00:00
zopiclone,Ataxia,C1,127,42339,11464,20018532,0,NA,all roles; target-specific suspect not inferred,ALL; marginal table only,ALL; marginal table only,ALL; marginal table only,2004-01-01 through 2025-12-31 receivedate,ALL; marginal table only,openFDA FAERS report documents,https://api.fda.gov/drug/event.json?search=receivedate%3A%5B20040101+TO+20251231%5D+AND+%28patient.drug.openfda.generic_name.exact%3A%22ZOPICLONE%22+OR+patient.drug.medicinalproduct.exact%3A%22ZOPICLONE%22%29+AND+patient.reaction.reactionmeddrapt.exact%3A%22ATAXIA%22&limit=1,2026-09-20T01:55:11.739426+00:00
zopiclone,Balance disorder,C1,518,42339,83538,20018532,0,NA,all roles; target-specific suspect not inferred,ALL; marginal table only,ALL; marginal table only,ALL; marginal table only,2004-01-01 through 2025-12-31 receivedate,ALL; marginal table only,openFDA FAERS report documents,https://api.fda.gov/drug/event.json?search=receivedate%3A%5B20040101+TO+20251231%5D+AND+%28patient.drug.openfda.generic_name.exact%3A%22ZOPICLONE%22+OR+patient.drug.medicinalproduct.exact%3A%22ZOPICLONE%22%29+AND+patient.reaction.reactionmeddrapt.exact%3A%22BALANCE+DISORDER%22&limit=1,2026-09-20T01:55:13.631336+00:00
zopiclone,Coordination abnormal,C1,163,42339,13648,20018532,0,NA,all roles; target-specific suspect not inferred,ALL; marginal table only,ALL; marginal table only,ALL; marginal table only,2004-01-01 through 2025-12-31 receivedate,ALL; marginal table only,openFDA FAERS report documents,https://api.fda.gov/drug/event.json?search=receivedate%3A%5B20040101+TO+20251231%5D+AND+%28patient.drug.openfda.generic_name.exact%3A%22ZOPICLONE%22+OR+patient.drug.medicinalproduct.exact%3A%22ZOPICLONE%22%29+AND+patient.reaction.reactionmeddrapt.exact%3A%22COORDINATION+ABNORMAL%22&limit=1,2026-09-20T01:55:19.263079+00:00
zopiclone,Gait disturbance,C1,950,42339,185496,20018532,0,NA,all roles; target-specific suspect not inferred,ALL; marginal table only,ALL; marginal table only,ALL; marginal table only,2004-01-01 through 2025-12-31 receivedate,ALL; marginal table only,openFDA FAERS report documents,https://api.fda.gov/drug/event.json?search=receivedate%3A%5B20040101+TO+20251231%5D+AND+%28patient.drug.openfda.generic_name.exact%3A%22ZOPICLONE%22+OR+patient.drug.medicinalproduct.exact%3A%22ZOPICLONE%22%29+AND+patient.reaction.reactionmeddrapt.exact%3A%22GAIT+DISTURBANCE%22&limit=1,2026-09-20T01:55:20.729996+00:00
zopiclone,Fall,C2,1719,42339,319310,20018532,0,NA,all roles; target-specific suspect not inferred,ALL; marginal table only,ALL; marginal table only,ALL; marginal table only,2004-01-01 through 2025-12-31 receivedate,ALL; marginal table only,openFDA FAERS report documents,https://api.fda.gov/drug/event.json?search=receivedate%3A%5B20040101+TO+20251231%5D+AND+%28patient.drug.openfda.generic_name.exact%3A%22ZOPICLONE%22+OR+patient.drug.medicinalproduct.exact%3A%22ZOPICLONE%22%29+AND+patient.reaction.reactionmeddrapt.exact%3A%22FALL%22&limit=1,2026-09-20T01:55:21.853526+00:00
zopiclone,Somnolence,C3,1832,42339,193065,20018532,0,NA,all roles; target-specific suspect not inferred,ALL; marginal table only,ALL; marginal table only,ALL; marginal table only,2004-01-01 through 2025-12-31 receivedate,ALL; marginal table only,openFDA FAERS report documents,https://api.fda.gov/drug/event.json?search=receivedate%3A%5B20040101+TO+20251231%5D+AND+%28patient.drug.openfda.generic_name.exact%3A%22ZOPICLONE%22+OR+patient.drug.medicinalproduct.exact%3A%22ZOPICLONE%22%29+AND+patient.reaction.reactionmeddrapt.exact%3A%22SOMNOLENCE%22&limit=1,2026-09-20T01:55:23.501070+00:00
zopiclone,Sedation,C3,232,42339,24810,20018532,0,NA,all roles; target-specific suspect not inferred,ALL; marginal table only,ALL; marginal table only,ALL; marginal table only,2004-01-01 through 2025-12-31 receivedate,ALL; marginal table only,openFDA FAERS report documents,https://api.fda.gov/drug/event.json?search=receivedate%3A%5B20040101+TO+20251231%5D+AND+%28patient.drug.openfda.generic_name.exact%3A%22ZOPICLONE%22+OR+patient.drug.medicinalproduct.exact%3A%22ZOPICLONE%22%29+AND+patient.reaction.reactionmeddrapt.exact%3A%22SEDATION%22&limit=1,2026-09-20T01:55:27.466182+00:00
zopiclone,Dizziness,C4,1834,42339,477766,20018532,0,NA,all roles; target-specific suspect not inferred,ALL; marginal table only,ALL; marginal table only,ALL; marginal table only,2004-01-01 through 2025-12-31 receivedate,ALL; marginal table only,openFDA FAERS report documents,https://api.fda.gov/drug/event.json?search=receivedate%3A%5B20040101+TO+20251231%5D+AND+%28patient.drug.openfda.generic_name.exact%3A%22ZOPICLONE%22+OR+patient.drug.medicinalproduct.exact%3A%22ZOPICLONE%22%29+AND+patient.reaction.reactionmeddrapt.exact%3A%22DIZZINESS%22&limit=1,2026-09-20T01:55:29.565672+00:00
zopiclone,Vertigo,C4,221,42339,58684,20018532,0,NA,all roles; target-specific suspect not inferred,ALL; marginal table only,ALL; marginal table only,ALL; marginal table only,2004-01-01 through 2025-12-31 receivedate,ALL; marginal table only,openFDA FAERS report documents,https://api.fda.gov/drug/event.json?search=receivedate%3A%5B20040101+TO+20251231%5D+AND+%28patient.drug.openfda.generic_name.exact%3A%22ZOPICLONE%22+OR+patient.drug.medicinalproduct.exact%3A%22ZOPICLONE%22%29+AND+patient.reaction.reactionmeddrapt.exact%3A%22VERTIGO%22&limit=1,2026-09-20T01:55:30.617597+00:00
zopiclone,Muscular weakness,C5,682,42339,109349,20018532,0,NA,all roles; target-specific suspect not inferred,ALL; marginal table only,ALL; marginal table only,ALL; marginal table only,2004-01-01 through 2025-12-31 receivedate,ALL; marginal table only,openFDA FAERS report documents,https://api.fda.gov/drug/event.json?search=receivedate%3A%5B20040101+TO+20251231%5D+AND+%28patient.drug.openfda.generic_name.exact%3A%22ZOPICLONE%22+OR+patient.drug.medicinalproduct.exact%3A%22ZOPICLONE%22%29+AND+patient.reaction.reactionmeddrapt.exact%3A%22MUSCULAR+WEAKNESS%22&limit=1,2026-09-20T01:55:33.854814+00:00
zopiclone,Hypotonia,C5,60,42339,9684,20018532,0,NA,all roles; target-specific suspect not inferred,ALL; marginal table only,ALL; marginal table only,ALL; marginal table only,2004-01-01 through 2025-12-31 receivedate,ALL; marginal table only,openFDA FAERS report documents,https://api.fda.gov/drug/event.json?search=receivedate%3A%5B20040101+TO+20251231%5D+AND+%28patient.drug.openfda.generic_name.exact%3A%22ZOPICLONE%22+OR+patient.drug.medicinalproduct.exact%3A%22ZOPICLONE%22%29+AND+patient.reaction.reactionmeddrapt.exact%3A%22HYPOTONIA%22&limit=1,2026-09-20T01:55:36.161946+00:00
zopiclone,Amnesia,C6,622,42339,63053,20018532,0,NA,all roles; target-specific suspect not inferred,ALL; marginal table only,ALL; marginal table only,ALL; marginal table only,2004-01-01 through 2025-12-31 receivedate,ALL; marginal table only,openFDA FAERS report documents,https://api.fda.gov/drug/event.json?search=receivedate%3A%5B20040101+TO+20251231%5D+AND+%28patient.drug.openfda.generic_name.exact%3A%22ZOPICLONE%22+OR+patient.drug.medicinalproduct.exact%3A%22ZOPICLONE%22%29+AND+patient.reaction.reactionmeddrapt.exact%3A%22AMNESIA%22&limit=1,2026-09-20T01:55:38.669591+00:00
zopiclone,Memory impairment,C6,800,42339,132715,20018532,0,NA,all roles; target-specific suspect not inferred,ALL; marginal table only,ALL; marginal table only,ALL; marginal table only,2004-01-01 through 2025-12-31 receivedate,ALL; marginal table only,openFDA FAERS report documents,https://api.fda.gov/drug/event.json?search=receivedate%3A%5B20040101+TO+20251231%5D+AND+%28patient.drug.openfda.generic_name.exact%3A%22ZOPICLONE%22+OR+patient.drug.medicinalproduct.exact%3A%22ZOPICLONE%22%29+AND+patient.reaction.reactionmeddrapt.exact%3A%22MEMORY+IMPAIRMENT%22&limit=1,2026-09-20T01:55:39.733634+00:00
zopiclone,Cognitive disorder,C6,319,42339,44588,20018532,0,NA,all roles; target-specific suspect not inferred,ALL; marginal table only,ALL; marginal table only,ALL; marginal table only,2004-01-01 through 2025-12-31 receivedate,ALL; marginal table only,openFDA FAERS report documents,https://api.fda.gov/drug/event.json?search=receivedate%3A%5B20040101+TO+20251231%5D+AND+%28patient.drug.openfda.generic_name.exact%3A%22ZOPICLONE%22+OR+patient.drug.medicinalproduct.exact%3A%22ZOPICLONE%22%29+AND+patient.reaction.reactionmeddrapt.exact%3A%22COGNITIVE+DISORDER%22&limit=1,2026-09-20T01:55:40.574286+00:00
zaleplon,Ataxia,C1,1,1544,11464,20018532,1544,NA,all roles; target-specific suspect not inferred,ALL; marginal table only,ALL; marginal table only,ALL; marginal table only,2004-01-01 through 2025-12-31 receivedate,ALL; marginal table only,openFDA FAERS report documents,https://api.fda.gov/drug/event.json?search=receivedate%3A%5B20040101+TO+20251231%5D+AND+%28patient.drug.openfda.generic_name.exact%3A%22ZALEPLON%22+OR+patient.drug.medicinalproduct.exact%3A%22ZALEPLON%22%29+AND+patient.reaction.reactionmeddrapt.exact%3A%22ATAXIA%22&limit=1,2026-09-20T01:55:41.333094+00:00
zaleplon,Balance disorder,C1,16,1544,83538,20018532,1544,NA,all roles; target-specific suspect not inferred,ALL; marginal table only,ALL; marginal table only,ALL; marginal table only,2004-01-01 through 2025-12-31 receivedate,ALL; marginal table only,openFDA FAERS report documents,https://api.fda.gov/drug/event.json?search=receivedate%3A%5B20040101+TO+20251231%5D+AND+%28patient.drug.openfda.generic_name.exact%3A%22ZALEPLON%22+OR+patient.drug.medicinalproduct.exact%3A%22ZALEPLON%22%29+AND+patient.reaction.reactionmeddrapt.exact%3A%22BALANCE+DISORDER%22&limit=1,2026-09-20T01:55:49.127443+00:00
zaleplon,Coordination abnormal,C1,2,1544,13648,20018532,1544,NA,all roles; target-specific suspect not inferred,ALL; marginal table only,ALL; marginal table only,ALL; marginal table only,2004-01-01 through 2025-12-31 receivedate,ALL; marginal table only,openFDA FAERS report documents,https://api.fda.gov/drug/event.json?search=receivedate%3A%5B20040101+TO+20251231%5D+AND+%28patient.drug.openfda.generic_name.exact%3A%22ZALEPLON%22+OR+patient.drug.medicinalproduct.exact%3A%22ZALEPLON%22%29+AND+patient.reaction.reactionmeddrapt.exact%3A%22COORDINATION+ABNORMAL%22&limit=1,2026-09-20T01:55:51.612604+00:00
zaleplon,Gait disturbance,C1,27,1544,185496,20018532,1544,NA,all roles; target-specific suspect not inferred,ALL; marginal table only,ALL; marginal table only,ALL; marginal table only,2004-01-01 through 2025-12-31 receivedate,ALL; marginal table only,openFDA FAERS report documents,https://api.fda.gov/drug/event.json?search=receivedate%3A%5B20040101+TO+20251231%5D+AND+%28patient.drug.openfda.generic_name.exact%3A%22ZALEPLON%22+OR+patient.drug.medicinalproduct.exact%3A%22ZALEPLON%22%29+AND+patient.reaction.reactionmeddrapt.exact%3A%22GAIT+DISTURBANCE%22&limit=1,2026-09-20T01:55:52.814757+00:00
zaleplon,Fall,C2,79,1544,319310,20018532,1544,NA,all roles; target-specific suspect not inferred,ALL; marginal table only,ALL; marginal table only,ALL; marginal table only,2004-01-01 through 2025-12-31 receivedate,ALL; marginal table only,openFDA FAERS report documents,https://api.fda.gov/drug/event.json?search=receivedate%3A%5B20040101+TO+20251231%5D+AND+%28patient.drug.openfda.generic_name.exact%3A%22ZALEPLON%22+OR+patient.drug.medicinalproduct.exact%3A%22ZALEPLON%22%29+AND+patient.reaction.reactionmeddrapt.exact%3A%22FALL%22&limit=1,2026-09-20T01:55:55.552363+00:00
zaleplon,Somnolence,C3,46,1544,193065,20018532,1544,NA,all roles; target-specific suspect not inferred,ALL; marginal table only,ALL; marginal table only,ALL; marginal table only,2004-01-01 through 2025-12-31 receivedate,ALL; marginal table only,openFDA FAERS report documents,https://api.fda.gov/drug/event.json?search=receivedate%3A%5B20040101+TO+20251231%5D+AND+%28patient.drug.openfda.generic_name.exact%3A%22ZALEPLON%22+OR+patient.drug.medicinalproduct.exact%3A%22ZALEPLON%22%29+AND+patient.reaction.reactionmeddrapt.exact%3A%22SOMNOLENCE%22&limit=1,2026-09-20T01:55:57.710907+00:00
zaleplon,Sedation,C3,13,1544,24810,20018532,1544,NA,all roles; target-specific suspect not inferred,ALL; marginal table only,ALL; marginal table only,ALL; marginal table only,2004-01-01 through 2025-12-31 receivedate,ALL; marginal table only,openFDA FAERS report documents,https://api.fda.gov/drug/event.json?search=receivedate%3A%5B20040101+TO+20251231%5D+AND+%28patient.drug.openfda.generic_name.exact%3A%22ZALEPLON%22+OR+patient.drug.medicinalproduct.exact%3A%22ZALEPLON%22%29+AND+patient.reaction.reactionmeddrapt.exact%3A%22SEDATION%22&limit=1,2026-09-20T01:56:00.860580+00:00
zaleplon,Dizziness,C4,59,1544,477766,20018532,1544,NA,all roles; target-specific suspect not inferred,ALL; marginal table only,ALL; marginal table only,ALL; marginal table only,2004-01-01 through 2025-12-31 receivedate,ALL; marginal table only,openFDA FAERS report documents,https://api.fda.gov/drug/event.json?search=receivedate%3A%5B20040101+TO+20251231%5D+AND+%28patient.drug.openfda.generic_name.exact%3A%22ZALEPLON%22+OR+patient.drug.medicinalproduct.exact%3A%22ZALEPLON%22%29+AND+patient.reaction.reactionmeddrapt.exact%3A%22DIZZINESS%22&limit=1,2026-09-20T01:56:02.938938+00:00
zaleplon,Vertigo,C4,10,1544,58684,20018532,1544,NA,all roles; target-specific suspect not inferred,ALL; marginal table only,ALL; marginal table only,ALL; marginal table only,2004-01-01 through 2025-12-31 receivedate,ALL; marginal table only,openFDA FAERS report documents,https://api.fda.gov/drug/event.json?search=receivedate%3A%5B20040101+TO+20251231%5D+AND+%28patient.drug.openfda.generic_name.exact%3A%22ZALEPLON%22+OR+patient.drug.medicinalproduct.exact%3A%22ZALEPLON%22%29+AND+patient.reaction.reactionmeddrapt.exact%3A%22VERTIGO%22&limit=1,2026-09-20T01:56:04.972282+00:00
zaleplon,Muscular weakness,C5,11,1544,109349,20018532,1544,NA,all roles; target-specific suspect not inferred,ALL; marginal table only,ALL; marginal table only,ALL; marginal table only,2004-01-01 through 2025-12-31 receivedate,ALL; marginal table only,openFDA FAERS report documents,https://api.fda.gov/drug/event.json?search=receivedate%3A%5B20040101+TO+20251231%5D+AND+%28patient.drug.openfda.generic_name.exact%3A%22ZALEPLON%22+OR+patient.drug.medicinalproduct.exact%3A%22ZALEPLON%22%29+AND+patient.reaction.reactionmeddrapt.exact%3A%22MUSCULAR+WEAKNESS%22&limit=1,2026-09-20T01:56:09.056761+00:00
zaleplon,Hypotonia,C5,0,1544,9684,20018532,1544,NA,all roles; target-specific suspect not inferred,ALL; marginal table only,ALL; marginal table only,ALL; marginal table only,2004-01-01 through 2025-12-31 receivedate,ALL; marginal table only,openFDA FAERS report documents,https://api.fda.gov/drug/event.json?search=receivedate%3A%5B20040101+TO+20251231%5D+AND+%28patient.drug.openfda.generic_name.exact%3A%22ZALEPLON%22+OR+patient.drug.medicinalproduct.exact%3A%22ZALEPLON%22%29+AND+patient.reaction.reactionmeddrapt.exact%3A%22HYPOTONIA%22&limit=1,2026-09-20T01:56:10.979538+00:00
zaleplon,Amnesia,C6,7,1544,63053,20018532,1544,NA,all roles; target-specific suspect not inferred,ALL; marginal table only,ALL; marginal table only,ALL; marginal table only,2004-01-01 through 2025-12-31 receivedate,ALL; marginal table only,openFDA FAERS report documents,https://api.fda.gov/drug/event.json?search=receivedate%3A%5B20040101+TO+20251231%5D+AND+%28patient.drug.openfda.generic_name.exact%3A%22ZALEPLON%22+OR+patient.drug.medicinalproduct.exact%3A%22ZALEPLON%22%29+AND+patient.reaction.reactionmeddrapt.exact%3A%22AMNESIA%22&limit=1,2026-09-20T01:56:14.654062+00:00
zaleplon,Memory impairment,C6,22,1544,132715,20018532,1544,NA,all roles; target-specific suspect not inferred,ALL; marginal table only,ALL; marginal table only,ALL; marginal table only,2004-01-01 through 2025-12-31 receivedate,ALL; marginal table only,openFDA FAERS report documents,https://api.fda.gov/drug/event.json?search=receivedate%3A%5B20040101+TO+20251231%5D+AND+%28patient.drug.openfda.generic_name.exact%3A%22ZALEPLON%22+OR+patient.drug.medicinalproduct.exact%3A%22ZALEPLON%22%29+AND+patient.reaction.reactionmeddrapt.exact%3A%22MEMORY+IMPAIRMENT%22&limit=1,2026-09-20T01:56:16.748222+00:00
zaleplon,Cognitive disorder,C6,1,1544,44588,20018532,1544,NA,all roles; target-specific suspect not inferred,ALL; marginal table only,ALL; marginal table only,ALL; marginal table only,2004-01-01 through 2025-12-31 receivedate,ALL; marginal table only,openFDA FAERS report documents,https://api.fda.gov/drug/event.json?search=receivedate%3A%5B20040101+TO+20251231%5D+AND+%28patient.drug.openfda.generic_name.exact%3A%22ZALEPLON%22+OR+patient.drug.medicinalproduct.exact%3A%22ZALEPLON%22%29+AND+patient.reaction.reactionmeddrapt.exact%3A%22COGNITIVE+DISORDER%22&limit=1,2026-09-20T01:56:21.655676+00:00
