common_position,alpha1_chain,alpha1_residue_number,alpha1_residue,alpha2_chain,alpha2_residue_number,alpha2_residue,mapping_method,alignment_score,mapping_status,qc_required,interface_subunit,alpha1_interface_subunit,alpha2_interface_subunit,mapping_scope,alignment_n_optimal,residue_identity
BZD_SITE_090,D,90,MET,D,89,MET,global sequence alignment (Biopython PairwiseAligner) + PDB residue lookup,516.5,mapped_global_sequence_alignment,False,alpha1/alpha2,alpha1,alpha2,BZD_interface_alpha1_D_to_alpha2_D_prior,,True
BZD_SITE_091,D,91,ALA,D,90,ALA,global sequence alignment (Biopython PairwiseAligner) + PDB residue lookup,516.5,mapped_global_sequence_alignment,False,alpha1/alpha2,alpha1,alpha2,BZD_interface_alpha1_D_to_alpha2_D_prior,,True
BZD_SITE_092,D,92,SER,D,91,SER,global sequence alignment (Biopython PairwiseAligner) + PDB residue lookup,516.5,mapped_global_sequence_alignment,False,alpha1/alpha2,alpha1,alpha2,BZD_interface_alpha1_D_to_alpha2_D_prior,,True
BZD_SITE_093,D,93,LYS,D,92,LYS,global sequence alignment (Biopython PairwiseAligner) + PDB residue lookup,516.5,mapped_global_sequence_alignment,False,alpha1/alpha2,alpha1,alpha2,BZD_interface_alpha1_D_to_alpha2_D_prior,,True
BZD_SITE_094,D,94,ILE,D,93,ILE,global sequence alignment (Biopython PairwiseAligner) + PDB residue lookup,516.5,mapped_global_sequence_alignment,False,alpha1/alpha2,alpha1,alpha2,BZD_interface_alpha1_D_to_alpha2_D_prior,,True
BZD_SITE_095,D,95,TRP,D,94,TRP,global sequence alignment (Biopython PairwiseAligner) + PDB residue lookup,516.5,mapped_global_sequence_alignment,False,alpha1/alpha2,alpha1,alpha2,BZD_interface_alpha1_D_to_alpha2_D_prior,,True
BZD_SITE_096,D,96,THR,D,95,THR,global sequence alignment (Biopython PairwiseAligner) + PDB residue lookup,516.5,mapped_global_sequence_alignment,False,alpha1/alpha2,alpha1,alpha2,BZD_interface_alpha1_D_to_alpha2_D_prior,,True
BZD_SITE_097,D,97,PRO,D,96,PRO,global sequence alignment (Biopython PairwiseAligner) + PDB residue lookup,516.5,mapped_global_sequence_alignment,False,alpha1/alpha2,alpha1,alpha2,BZD_interface_alpha1_D_to_alpha2_D_prior,,True
BZD_SITE_098,D,98,ASP,D,97,ASP,global sequence alignment (Biopython PairwiseAligner) + PDB residue lookup,516.5,mapped_global_sequence_alignment,False,alpha1/alpha2,alpha1,alpha2,BZD_interface_alpha1_D_to_alpha2_D_prior,,True
BZD_SITE_099,D,99,THR,D,98,THR,global sequence alignment (Biopython PairwiseAligner) + PDB residue lookup,516.5,mapped_global_sequence_alignment,False,alpha1/alpha2,alpha1,alpha2,BZD_interface_alpha1_D_to_alpha2_D_prior,,True
BZD_SITE_100,D,100,PHE,D,99,PHE,global sequence alignment (Biopython PairwiseAligner) + PDB residue lookup,516.5,mapped_global_sequence_alignment,False,alpha1/alpha2,alpha1,alpha2,BZD_interface_alpha1_D_to_alpha2_D_prior,,True
BZD_SITE_101,D,101,PHE,D,100,PHE,global sequence alignment (Biopython PairwiseAligner) + PDB residue lookup,516.5,mapped_global_sequence_alignment,False,alpha1/alpha2,alpha1,alpha2,BZD_interface_alpha1_D_to_alpha2_D_prior,,True
BZD_SITE_102,D,102,HIS,D,101,HIS,global sequence alignment (Biopython PairwiseAligner) + PDB residue lookup,516.5,mapped_global_sequence_alignment,False,alpha1/alpha2,alpha1,alpha2,BZD_interface_alpha1_D_to_alpha2_D_prior,,True
BZD_SITE_103,D,103,ASN,D,102,ASN,global sequence alignment (Biopython PairwiseAligner) + PDB residue lookup,516.5,mapped_global_sequence_alignment,False,alpha1/alpha2,alpha1,alpha2,BZD_interface_alpha1_D_to_alpha2_D_prior,,True
BZD_SITE_104,D,104,GLY,D,103,GLY,global sequence alignment (Biopython PairwiseAligner) + PDB residue lookup,516.5,mapped_global_sequence_alignment,False,alpha1/alpha2,alpha1,alpha2,BZD_interface_alpha1_D_to_alpha2_D_prior,,True
BZD_SITE_105,D,105,LYS,D,104,LYS,global sequence alignment (Biopython PairwiseAligner) + PDB residue lookup,516.5,mapped_global_sequence_alignment,False,alpha1/alpha2,alpha1,alpha2,BZD_interface_alpha1_D_to_alpha2_D_prior,,True
BZD_SITE_106,D,106,LYS,D,105,LYS,global sequence alignment (Biopython PairwiseAligner) + PDB residue lookup,516.5,mapped_global_sequence_alignment,False,alpha1/alpha2,alpha1,alpha2,BZD_interface_alpha1_D_to_alpha2_D_prior,,True
BZD_SITE_107,D,107,SER,D,106,SER,global sequence alignment (Biopython PairwiseAligner) + PDB residue lookup,516.5,mapped_global_sequence_alignment,False,alpha1/alpha2,alpha1,alpha2,BZD_interface_alpha1_D_to_alpha2_D_prior,,True
BZD_SITE_108,D,108,VAL,D,107,VAL,global sequence alignment (Biopython PairwiseAligner) + PDB residue lookup,516.5,mapped_global_sequence_alignment,False,alpha1/alpha2,alpha1,alpha2,BZD_interface_alpha1_D_to_alpha2_D_prior,,True
BZD_SITE_109,D,109,ALA,D,108,ALA,global sequence alignment (Biopython PairwiseAligner) + PDB residue lookup,516.5,mapped_global_sequence_alignment,False,alpha1/alpha2,alpha1,alpha2,BZD_interface_alpha1_D_to_alpha2_D_prior,,True
BZD_SITE_110,D,110,HIS,D,109,HIS,global sequence alignment (Biopython PairwiseAligner) + PDB residue lookup,516.5,mapped_global_sequence_alignment,False,alpha1/alpha2,alpha1,alpha2,BZD_interface_alpha1_D_to_alpha2_D_prior,,True
BZD_SITE_111,D,111,ASN,D,110,ASN,global sequence alignment (Biopython PairwiseAligner) + PDB residue lookup,516.5,mapped_global_sequence_alignment,False,alpha1/alpha2,alpha1,alpha2,BZD_interface_alpha1_D_to_alpha2_D_prior,,True
BZD_SITE_112,D,112,MET,D,111,MET,global sequence alignment (Biopython PairwiseAligner) + PDB residue lookup,516.5,mapped_global_sequence_alignment,False,alpha1/alpha2,alpha1,alpha2,BZD_interface_alpha1_D_to_alpha2_D_prior,,True
BZD_SITE_113,D,113,THR,D,112,THR,global sequence alignment (Biopython PairwiseAligner) + PDB residue lookup,516.5,mapped_global_sequence_alignment,False,alpha1/alpha2,alpha1,alpha2,BZD_interface_alpha1_D_to_alpha2_D_prior,,True
BZD_SITE_114,D,114,MET,D,113,MET,global sequence alignment (Biopython PairwiseAligner) + PDB residue lookup,516.5,mapped_global_sequence_alignment,False,alpha1/alpha2,alpha1,alpha2,BZD_interface_alpha1_D_to_alpha2_D_prior,,True
BZD_SITE_115,D,115,PRO,D,114,PRO,global sequence alignment (Biopython PairwiseAligner) + PDB residue lookup,516.5,mapped_global_sequence_alignment,False,alpha1/alpha2,alpha1,alpha2,BZD_interface_alpha1_D_to_alpha2_D_prior,,True
BZD_SITE_116,D,116,ASN,D,115,ASN,global sequence alignment (Biopython PairwiseAligner) + PDB residue lookup,516.5,mapped_global_sequence_alignment,False,alpha1/alpha2,alpha1,alpha2,BZD_interface_alpha1_D_to_alpha2_D_prior,,True
BZD_SITE_117,D,117,LYS,D,116,LYS,global sequence alignment (Biopython PairwiseAligner) + PDB residue lookup,516.5,mapped_global_sequence_alignment,False,alpha1/alpha2,alpha1,alpha2,BZD_interface_alpha1_D_to_alpha2_D_prior,,True
BZD_SITE_118,D,118,LEU,D,117,LEU,global sequence alignment (Biopython PairwiseAligner) + PDB residue lookup,516.5,mapped_global_sequence_alignment,False,alpha1/alpha2,alpha1,alpha2,BZD_interface_alpha1_D_to_alpha2_D_prior,,True
BZD_SITE_119,D,119,LEU,D,118,LEU,global sequence alignment (Biopython PairwiseAligner) + PDB residue lookup,516.5,mapped_global_sequence_alignment,False,alpha1/alpha2,alpha1,alpha2,BZD_interface_alpha1_D_to_alpha2_D_prior,,True
BZD_SITE_120,D,120,ARG,D,119,ARG,global sequence alignment (Biopython PairwiseAligner) + PDB residue lookup,516.5,mapped_global_sequence_alignment,False,alpha1/alpha2,alpha1,alpha2,BZD_interface_alpha1_D_to_alpha2_D_prior,,True
BZD_SITE_121,D,121,ILE,D,120,ILE,global sequence alignment (Biopython PairwiseAligner) + PDB residue lookup,516.5,mapped_global_sequence_alignment,False,alpha1/alpha2,alpha1,alpha2,BZD_interface_alpha1_D_to_alpha2_D_prior,,True
BZD_SITE_122,D,122,THR,D,121,GLN,global sequence alignment (Biopython PairwiseAligner) + PDB residue lookup,516.5,mapped_global_sequence_alignment,False,alpha1/alpha2,alpha1,alpha2,BZD_interface_alpha1_D_to_alpha2_D_prior,,False
BZD_SITE_123,D,123,GLU,D,122,ASP,global sequence alignment (Biopython PairwiseAligner) + PDB residue lookup,516.5,mapped_global_sequence_alignment,False,alpha1/alpha2,alpha1,alpha2,BZD_interface_alpha1_D_to_alpha2_D_prior,,False
BZD_SITE_124,D,124,ASP,D,123,ASP,global sequence alignment (Biopython PairwiseAligner) + PDB residue lookup,516.5,mapped_global_sequence_alignment,False,alpha1/alpha2,alpha1,alpha2,BZD_interface_alpha1_D_to_alpha2_D_prior,,True
BZD_SITE_125,D,125,GLY,D,124,GLY,global sequence alignment (Biopython PairwiseAligner) + PDB residue lookup,516.5,mapped_global_sequence_alignment,False,alpha1/alpha2,alpha1,alpha2,BZD_interface_alpha1_D_to_alpha2_D_prior,,True
BZD_SITE_126,D,126,THR,D,125,THR,global sequence alignment (Biopython PairwiseAligner) + PDB residue lookup,516.5,mapped_global_sequence_alignment,False,alpha1/alpha2,alpha1,alpha2,BZD_interface_alpha1_D_to_alpha2_D_prior,,True
BZD_SITE_127,D,127,LEU,D,126,LEU,global sequence alignment (Biopython PairwiseAligner) + PDB residue lookup,516.5,mapped_global_sequence_alignment,False,alpha1/alpha2,alpha1,alpha2,BZD_interface_alpha1_D_to_alpha2_D_prior,,True
BZD_SITE_128,D,128,LEU,D,127,LEU,global sequence alignment (Biopython PairwiseAligner) + PDB residue lookup,516.5,mapped_global_sequence_alignment,False,alpha1/alpha2,alpha1,alpha2,BZD_interface_alpha1_D_to_alpha2_D_prior,,True
BZD_SITE_129,D,129,TYR,D,128,TYR,global sequence alignment (Biopython PairwiseAligner) + PDB residue lookup,516.5,mapped_global_sequence_alignment,False,alpha1/alpha2,alpha1,alpha2,BZD_interface_alpha1_D_to_alpha2_D_prior,,True
BZD_SITE_130,D,130,THR,D,129,THR,global sequence alignment (Biopython PairwiseAligner) + PDB residue lookup,516.5,mapped_global_sequence_alignment,False,alpha1/alpha2,alpha1,alpha2,BZD_interface_alpha1_D_to_alpha2_D_prior,,True
BZD_SITE_131,D,131,MET,D,130,MET,global sequence alignment (Biopython PairwiseAligner) + PDB residue lookup,516.5,mapped_global_sequence_alignment,False,alpha1/alpha2,alpha1,alpha2,BZD_interface_alpha1_D_to_alpha2_D_prior,,True
BZD_SITE_132,D,132,ARG,D,131,ARG,global sequence alignment (Biopython PairwiseAligner) + PDB residue lookup,516.5,mapped_global_sequence_alignment,False,alpha1/alpha2,alpha1,alpha2,BZD_interface_alpha1_D_to_alpha2_D_prior,,True
BZD_SITE_133,D,133,LEU,D,132,LEU,global sequence alignment (Biopython PairwiseAligner) + PDB residue lookup,516.5,mapped_global_sequence_alignment,False,alpha1/alpha2,alpha1,alpha2,BZD_interface_alpha1_D_to_alpha2_D_prior,,True
BZD_SITE_134,D,134,THR,D,133,THR,global sequence alignment (Biopython PairwiseAligner) + PDB residue lookup,516.5,mapped_global_sequence_alignment,False,alpha1/alpha2,alpha1,alpha2,BZD_interface_alpha1_D_to_alpha2_D_prior,,True
BZD_SITE_135,D,135,VAL,D,134,VAL,global sequence alignment (Biopython PairwiseAligner) + PDB residue lookup,516.5,mapped_global_sequence_alignment,False,alpha1/alpha2,alpha1,alpha2,BZD_interface_alpha1_D_to_alpha2_D_prior,,True
BZD_SITE_136,D,136,ARG,D,135,GLN,global sequence alignment (Biopython PairwiseAligner) + PDB residue lookup,516.5,mapped_global_sequence_alignment,False,alpha1/alpha2,alpha1,alpha2,BZD_interface_alpha1_D_to_alpha2_D_prior,,False
BZD_SITE_137,D,137,ALA,D,136,ALA,global sequence alignment (Biopython PairwiseAligner) + PDB residue lookup,516.5,mapped_global_sequence_alignment,False,alpha1/alpha2,alpha1,alpha2,BZD_interface_alpha1_D_to_alpha2_D_prior,,True
BZD_SITE_138,D,138,GLU,D,137,GLU,global sequence alignment (Biopython PairwiseAligner) + PDB residue lookup,516.5,mapped_global_sequence_alignment,False,alpha1/alpha2,alpha1,alpha2,BZD_interface_alpha1_D_to_alpha2_D_prior,,True
BZD_SITE_139,D,139,CYS,D,138,CYS,global sequence alignment (Biopython PairwiseAligner) + PDB residue lookup,516.5,mapped_global_sequence_alignment,False,alpha1/alpha2,alpha1,alpha2,BZD_interface_alpha1_D_to_alpha2_D_prior,,True
BZD_SITE_140,D,140,PRO,D,139,PRO,global sequence alignment (Biopython PairwiseAligner) + PDB residue lookup,516.5,mapped_global_sequence_alignment,False,alpha1/alpha2,alpha1,alpha2,BZD_interface_alpha1_D_to_alpha2_D_prior,,True
BZD_SITE_141,D,141,MET,D,140,MET,global sequence alignment (Biopython PairwiseAligner) + PDB residue lookup,516.5,mapped_global_sequence_alignment,False,alpha1/alpha2,alpha1,alpha2,BZD_interface_alpha1_D_to_alpha2_D_prior,,True
BZD_SITE_142,D,142,HIS,D,141,HIS,global sequence alignment (Biopython PairwiseAligner) + PDB residue lookup,516.5,mapped_global_sequence_alignment,False,alpha1/alpha2,alpha1,alpha2,BZD_interface_alpha1_D_to_alpha2_D_prior,,True
BZD_SITE_143,D,143,LEU,D,142,LEU,global sequence alignment (Biopython PairwiseAligner) + PDB residue lookup,516.5,mapped_global_sequence_alignment,False,alpha1/alpha2,alpha1,alpha2,BZD_interface_alpha1_D_to_alpha2_D_prior,,True
BZD_SITE_144,D,144,GLU,D,143,GLU,global sequence alignment (Biopython PairwiseAligner) + PDB residue lookup,516.5,mapped_global_sequence_alignment,False,alpha1/alpha2,alpha1,alpha2,BZD_interface_alpha1_D_to_alpha2_D_prior,,True
BZD_SITE_145,D,145,ASP,D,144,ASP,global sequence alignment (Biopython PairwiseAligner) + PDB residue lookup,516.5,mapped_global_sequence_alignment,False,alpha1/alpha2,alpha1,alpha2,BZD_interface_alpha1_D_to_alpha2_D_prior,,True
BZD_SITE_146,D,146,PHE,D,145,PHE,global sequence alignment (Biopython PairwiseAligner) + PDB residue lookup,516.5,mapped_global_sequence_alignment,False,alpha1/alpha2,alpha1,alpha2,BZD_interface_alpha1_D_to_alpha2_D_prior,,True
BZD_SITE_147,D,147,PRO,D,146,PRO,global sequence alignment (Biopython PairwiseAligner) + PDB residue lookup,516.5,mapped_global_sequence_alignment,False,alpha1/alpha2,alpha1,alpha2,BZD_interface_alpha1_D_to_alpha2_D_prior,,True
BZD_SITE_148,D,148,MET,D,147,MET,global sequence alignment (Biopython PairwiseAligner) + PDB residue lookup,516.5,mapped_global_sequence_alignment,False,alpha1/alpha2,alpha1,alpha2,BZD_interface_alpha1_D_to_alpha2_D_prior,,True
BZD_SITE_149,D,149,ASP,D,148,ASP,global sequence alignment (Biopython PairwiseAligner) + PDB residue lookup,516.5,mapped_global_sequence_alignment,False,alpha1/alpha2,alpha1,alpha2,BZD_interface_alpha1_D_to_alpha2_D_prior,,True
BZD_SITE_150,D,150,ALA,D,149,ALA,global sequence alignment (Biopython PairwiseAligner) + PDB residue lookup,516.5,mapped_global_sequence_alignment,False,alpha1/alpha2,alpha1,alpha2,BZD_interface_alpha1_D_to_alpha2_D_prior,,True
BZD_SITE_151,D,151,HIS,D,150,HIS,global sequence alignment (Biopython PairwiseAligner) + PDB residue lookup,516.5,mapped_global_sequence_alignment,False,alpha1/alpha2,alpha1,alpha2,BZD_interface_alpha1_D_to_alpha2_D_prior,,True
BZD_SITE_152,D,152,ALA,D,151,SER,global sequence alignment (Biopython PairwiseAligner) + PDB residue lookup,516.5,mapped_global_sequence_alignment,False,alpha1/alpha2,alpha1,alpha2,BZD_interface_alpha1_D_to_alpha2_D_prior,,False
BZD_SITE_153,D,153,CYS,D,152,CYS,global sequence alignment (Biopython PairwiseAligner) + PDB residue lookup,516.5,mapped_global_sequence_alignment,False,alpha1/alpha2,alpha1,alpha2,BZD_interface_alpha1_D_to_alpha2_D_prior,,True
BZD_SITE_154,D,154,PRO,D,153,PRO,global sequence alignment (Biopython PairwiseAligner) + PDB residue lookup,516.5,mapped_global_sequence_alignment,False,alpha1/alpha2,alpha1,alpha2,BZD_interface_alpha1_D_to_alpha2_D_prior,,True
BZD_SITE_155,D,155,LEU,D,154,LEU,global sequence alignment (Biopython PairwiseAligner) + PDB residue lookup,516.5,mapped_global_sequence_alignment,False,alpha1/alpha2,alpha1,alpha2,BZD_interface_alpha1_D_to_alpha2_D_prior,,True
BZD_SITE_156,D,156,LYS,D,155,LYS,global sequence alignment (Biopython PairwiseAligner) + PDB residue lookup,516.5,mapped_global_sequence_alignment,False,alpha1/alpha2,alpha1,alpha2,BZD_interface_alpha1_D_to_alpha2_D_prior,,True
BZD_SITE_157,D,157,PHE,D,156,PHE,global sequence alignment (Biopython PairwiseAligner) + PDB residue lookup,516.5,mapped_global_sequence_alignment,False,alpha1/alpha2,alpha1,alpha2,BZD_interface_alpha1_D_to_alpha2_D_prior,,True
BZD_SITE_158,D,158,GLY,D,157,GLY,global sequence alignment (Biopython PairwiseAligner) + PDB residue lookup,516.5,mapped_global_sequence_alignment,False,alpha1/alpha2,alpha1,alpha2,BZD_interface_alpha1_D_to_alpha2_D_prior,,True
BZD_SITE_159,D,159,SER,D,158,SER,global sequence alignment (Biopython PairwiseAligner) + PDB residue lookup,516.5,mapped_global_sequence_alignment,False,alpha1/alpha2,alpha1,alpha2,BZD_interface_alpha1_D_to_alpha2_D_prior,,True
BZD_SITE_160,D,160,TYR,D,159,TYR,global sequence alignment (Biopython PairwiseAligner) + PDB residue lookup,516.5,mapped_global_sequence_alignment,False,alpha1/alpha2,alpha1,alpha2,BZD_interface_alpha1_D_to_alpha2_D_prior,,True
BZD_SITE_161,D,161,ALA,D,160,ALA,global sequence alignment (Biopython PairwiseAligner) + PDB residue lookup,516.5,mapped_global_sequence_alignment,False,alpha1/alpha2,alpha1,alpha2,BZD_interface_alpha1_D_to_alpha2_D_prior,,True
BZD_SITE_162,D,162,TYR,D,161,TYR,global sequence alignment (Biopython PairwiseAligner) + PDB residue lookup,516.5,mapped_global_sequence_alignment,False,alpha1/alpha2,alpha1,alpha2,BZD_interface_alpha1_D_to_alpha2_D_prior,,True
BZD_SITE_163,D,163,THR,D,162,THR,global sequence alignment (Biopython PairwiseAligner) + PDB residue lookup,516.5,mapped_global_sequence_alignment,False,alpha1/alpha2,alpha1,alpha2,BZD_interface_alpha1_D_to_alpha2_D_prior,,True
BZD_SITE_164,D,164,ARG,D,163,THR,global sequence alignment (Biopython PairwiseAligner) + PDB residue lookup,516.5,mapped_global_sequence_alignment,False,alpha1/alpha2,alpha1,alpha2,BZD_interface_alpha1_D_to_alpha2_D_prior,,False
BZD_SITE_165,D,165,ALA,D,164,SER,global sequence alignment (Biopython PairwiseAligner) + PDB residue lookup,516.5,mapped_global_sequence_alignment,False,alpha1/alpha2,alpha1,alpha2,BZD_interface_alpha1_D_to_alpha2_D_prior,,False
BZD_SITE_166,D,166,GLU,D,165,GLU,global sequence alignment (Biopython PairwiseAligner) + PDB residue lookup,516.5,mapped_global_sequence_alignment,False,alpha1/alpha2,alpha1,alpha2,BZD_interface_alpha1_D_to_alpha2_D_prior,,True
BZD_SITE_167,D,167,VAL,D,166,VAL,global sequence alignment (Biopython PairwiseAligner) + PDB residue lookup,516.5,mapped_global_sequence_alignment,False,alpha1/alpha2,alpha1,alpha2,BZD_interface_alpha1_D_to_alpha2_D_prior,,True
BZD_SITE_168,D,168,VAL,D,167,THR,global sequence alignment (Biopython PairwiseAligner) + PDB residue lookup,516.5,mapped_global_sequence_alignment,False,alpha1/alpha2,alpha1,alpha2,BZD_interface_alpha1_D_to_alpha2_D_prior,,False
BZD_SITE_169,D,169,TYR,D,168,TYR,global sequence alignment (Biopython PairwiseAligner) + PDB residue lookup,516.5,mapped_global_sequence_alignment,False,alpha1/alpha2,alpha1,alpha2,BZD_interface_alpha1_D_to_alpha2_D_prior,,True
BZD_SITE_170,D,170,GLU,D,169,ILE,global sequence alignment (Biopython PairwiseAligner) + PDB residue lookup,516.5,mapped_global_sequence_alignment,False,alpha1/alpha2,alpha1,alpha2,BZD_interface_alpha1_D_to_alpha2_D_prior,,False
BZD_SITE_171,D,171,TRP,D,170,TRP,global sequence alignment (Biopython PairwiseAligner) + PDB residue lookup,516.5,mapped_global_sequence_alignment,False,alpha1/alpha2,alpha1,alpha2,BZD_interface_alpha1_D_to_alpha2_D_prior,,True
BZD_SITE_172,D,172,THR,D,171,THR,global sequence alignment (Biopython PairwiseAligner) + PDB residue lookup,516.5,mapped_global_sequence_alignment,False,alpha1/alpha2,alpha1,alpha2,BZD_interface_alpha1_D_to_alpha2_D_prior,,True
BZD_SITE_173,D,173,ARG,D,172,TYR,global sequence alignment (Biopython PairwiseAligner) + PDB residue lookup,516.5,mapped_global_sequence_alignment,False,alpha1/alpha2,alpha1,alpha2,BZD_interface_alpha1_D_to_alpha2_D_prior,,False
BZD_SITE_174,D,174,GLU,D,173,ASN,global sequence alignment (Biopython PairwiseAligner) + PDB residue lookup,516.5,mapped_global_sequence_alignment,False,alpha1/alpha2,alpha1,alpha2,BZD_interface_alpha1_D_to_alpha2_D_prior,,False
BZD_SITE_175,D,175,PRO,D,174,ALA,global sequence alignment (Biopython PairwiseAligner) + PDB residue lookup,516.5,mapped_global_sequence_alignment,False,alpha1/alpha2,alpha1,alpha2,BZD_interface_alpha1_D_to_alpha2_D_prior,,False
BZD_SITE_176,D,176,ALA,D,175,SER,global sequence alignment (Biopython PairwiseAligner) + PDB residue lookup,516.5,mapped_global_sequence_alignment,False,alpha1/alpha2,alpha1,alpha2,BZD_interface_alpha1_D_to_alpha2_D_prior,,False
BZD_SITE_177,D,177,ARG,D,176,ASP,global sequence alignment (Biopython PairwiseAligner) + PDB residue lookup,516.5,mapped_global_sequence_alignment,False,alpha1/alpha2,alpha1,alpha2,BZD_interface_alpha1_D_to_alpha2_D_prior,,False
BZD_SITE_178,D,178,SER,D,177,SER,global sequence alignment (Biopython PairwiseAligner) + PDB residue lookup,516.5,mapped_global_sequence_alignment,False,alpha1/alpha2,alpha1,alpha2,BZD_interface_alpha1_D_to_alpha2_D_prior,,True
BZD_SITE_179,D,179,VAL,D,178,VAL,global sequence alignment (Biopython PairwiseAligner) + PDB residue lookup,516.5,mapped_global_sequence_alignment,False,alpha1/alpha2,alpha1,alpha2,BZD_interface_alpha1_D_to_alpha2_D_prior,,True
BZD_SITE_180,D,180,VAL,D,179,GLN,global sequence alignment (Biopython PairwiseAligner) + PDB residue lookup,516.5,mapped_global_sequence_alignment,False,alpha1/alpha2,alpha1,alpha2,BZD_interface_alpha1_D_to_alpha2_D_prior,,False
BZD_SITE_181,D,181,VAL,D,180,VAL,global sequence alignment (Biopython PairwiseAligner) + PDB residue lookup,516.5,mapped_global_sequence_alignment,False,alpha1/alpha2,alpha1,alpha2,BZD_interface_alpha1_D_to_alpha2_D_prior,,True
BZD_SITE_182,D,182,ALA,D,181,ALA,global sequence alignment (Biopython PairwiseAligner) + PDB residue lookup,516.5,mapped_global_sequence_alignment,False,alpha1/alpha2,alpha1,alpha2,BZD_interface_alpha1_D_to_alpha2_D_prior,,True
BZD_SITE_183,D,183,GLU,D,182,PRO,global sequence alignment (Biopython PairwiseAligner) + PDB residue lookup,516.5,mapped_global_sequence_alignment,False,alpha1/alpha2,alpha1,alpha2,BZD_interface_alpha1_D_to_alpha2_D_prior,,False
BZD_SITE_184,D,184,ASP,D,183,ASP,global sequence alignment (Biopython PairwiseAligner) + PDB residue lookup,516.5,mapped_global_sequence_alignment,False,alpha1/alpha2,alpha1,alpha2,BZD_interface_alpha1_D_to_alpha2_D_prior,,True
BZD_SITE_185,D,185,GLY,D,184,GLY,global sequence alignment (Biopython PairwiseAligner) + PDB residue lookup,516.5,mapped_global_sequence_alignment,False,alpha1/alpha2,alpha1,alpha2,BZD_interface_alpha1_D_to_alpha2_D_prior,,True
BZD_SITE_186,D,186,SER,D,185,SER,global sequence alignment (Biopython PairwiseAligner) + PDB residue lookup,516.5,mapped_global_sequence_alignment,False,alpha1/alpha2,alpha1,alpha2,BZD_interface_alpha1_D_to_alpha2_D_prior,,True
BZD_SITE_187,D,187,ARG,D,186,ARG,global sequence alignment (Biopython PairwiseAligner) + PDB residue lookup,516.5,mapped_global_sequence_alignment,False,alpha1/alpha2,alpha1,alpha2,BZD_interface_alpha1_D_to_alpha2_D_prior,,True
BZD_SITE_188,D,188,LEU,D,187,LEU,global sequence alignment (Biopython PairwiseAligner) + PDB residue lookup,516.5,mapped_global_sequence_alignment,False,alpha1/alpha2,alpha1,alpha2,BZD_interface_alpha1_D_to_alpha2_D_prior,,True
BZD_SITE_189,D,189,ASN,D,188,ASN,global sequence alignment (Biopython PairwiseAligner) + PDB residue lookup,516.5,mapped_global_sequence_alignment,False,alpha1/alpha2,alpha1,alpha2,BZD_interface_alpha1_D_to_alpha2_D_prior,,True
BZD_SITE_190,D,190,GLN,D,189,GLN,global sequence alignment (Biopython PairwiseAligner) + PDB residue lookup,516.5,mapped_global_sequence_alignment,False,alpha1/alpha2,alpha1,alpha2,BZD_interface_alpha1_D_to_alpha2_D_prior,,True
BZD_SITE_191,D,191,TYR,D,190,TYR,global sequence alignment (Biopython PairwiseAligner) + PDB residue lookup,516.5,mapped_global_sequence_alignment,False,alpha1/alpha2,alpha1,alpha2,BZD_interface_alpha1_D_to_alpha2_D_prior,,True
BZD_SITE_192,D,192,ASP,D,191,ASP,global sequence alignment (Biopython PairwiseAligner) + PDB residue lookup,516.5,mapped_global_sequence_alignment,False,alpha1/alpha2,alpha1,alpha2,BZD_interface_alpha1_D_to_alpha2_D_prior,,True
BZD_SITE_193,D,193,LEU,D,192,LEU,global sequence alignment (Biopython PairwiseAligner) + PDB residue lookup,516.5,mapped_global_sequence_alignment,False,alpha1/alpha2,alpha1,alpha2,BZD_interface_alpha1_D_to_alpha2_D_prior,,True
BZD_SITE_194,D,194,LEU,D,193,LEU,global sequence alignment (Biopython PairwiseAligner) + PDB residue lookup,516.5,mapped_global_sequence_alignment,False,alpha1/alpha2,alpha1,alpha2,BZD_interface_alpha1_D_to_alpha2_D_prior,,True
BZD_SITE_195,D,195,GLY,D,194,GLY,global sequence alignment (Biopython PairwiseAligner) + PDB residue lookup,516.5,mapped_global_sequence_alignment,False,alpha1/alpha2,alpha1,alpha2,BZD_interface_alpha1_D_to_alpha2_D_prior,,True
BZD_SITE_196,D,196,GLN,D,195,GLN,global sequence alignment (Biopython PairwiseAligner) + PDB residue lookup,516.5,mapped_global_sequence_alignment,False,alpha1/alpha2,alpha1,alpha2,BZD_interface_alpha1_D_to_alpha2_D_prior,,True
BZD_SITE_197,D,197,THR,D,196,SER,global sequence alignment (Biopython PairwiseAligner) + PDB residue lookup,516.5,mapped_global_sequence_alignment,False,alpha1/alpha2,alpha1,alpha2,BZD_interface_alpha1_D_to_alpha2_D_prior,,False
BZD_SITE_198,D,198,VAL,D,197,ILE,global sequence alignment (Biopython PairwiseAligner) + PDB residue lookup,516.5,mapped_global_sequence_alignment,False,alpha1/alpha2,alpha1,alpha2,BZD_interface_alpha1_D_to_alpha2_D_prior,,False
BZD_SITE_199,D,199,ASP,D,198,GLY,global sequence alignment (Biopython PairwiseAligner) + PDB residue lookup,516.5,mapped_global_sequence_alignment,False,alpha1/alpha2,alpha1,alpha2,BZD_interface_alpha1_D_to_alpha2_D_prior,,False
BZD_SITE_200,D,200,SER,D,199,LYS,global sequence alignment (Biopython PairwiseAligner) + PDB residue lookup,516.5,mapped_global_sequence_alignment,False,alpha1/alpha2,alpha1,alpha2,BZD_interface_alpha1_D_to_alpha2_D_prior,,False
BZD_SITE_201,D,201,GLY,D,200,GLU,global sequence alignment (Biopython PairwiseAligner) + PDB residue lookup,516.5,mapped_global_sequence_alignment,False,alpha1/alpha2,alpha1,alpha2,BZD_interface_alpha1_D_to_alpha2_D_prior,,False
BZD_SITE_202,D,202,ILE,D,201,THR,global sequence alignment (Biopython PairwiseAligner) + PDB residue lookup,516.5,mapped_global_sequence_alignment,False,alpha1/alpha2,alpha1,alpha2,BZD_interface_alpha1_D_to_alpha2_D_prior,,False
BZD_SITE_203,D,203,VAL,D,202,ILE,global sequence alignment (Biopython PairwiseAligner) + PDB residue lookup,516.5,mapped_global_sequence_alignment,False,alpha1/alpha2,alpha1,alpha2,BZD_interface_alpha1_D_to_alpha2_D_prior,,False
BZD_SITE_204,D,204,GLN,D,203,LYS,global sequence alignment (Biopython PairwiseAligner) + PDB residue lookup,516.5,mapped_global_sequence_alignment,False,alpha1/alpha2,alpha1,alpha2,BZD_interface_alpha1_D_to_alpha2_D_prior,,False
BZD_SITE_205,D,205,SER,D,204,SER,global sequence alignment (Biopython PairwiseAligner) + PDB residue lookup,516.5,mapped_global_sequence_alignment,False,alpha1/alpha2,alpha1,alpha2,BZD_interface_alpha1_D_to_alpha2_D_prior,,True
BZD_SITE_206,D,206,SER,D,205,SER,global sequence alignment (Biopython PairwiseAligner) + PDB residue lookup,516.5,mapped_global_sequence_alignment,False,alpha1/alpha2,alpha1,alpha2,BZD_interface_alpha1_D_to_alpha2_D_prior,,True
BZD_SITE_207,D,207,THR,D,206,THR,global sequence alignment (Biopython PairwiseAligner) + PDB residue lookup,516.5,mapped_global_sequence_alignment,False,alpha1/alpha2,alpha1,alpha2,BZD_interface_alpha1_D_to_alpha2_D_prior,,True
BZD_SITE_208,D,208,GLY,D,207,GLY,global sequence alignment (Biopython PairwiseAligner) + PDB residue lookup,516.5,mapped_global_sequence_alignment,False,alpha1/alpha2,alpha1,alpha2,BZD_interface_alpha1_D_to_alpha2_D_prior,,True
BZD_SITE_209,D,209,GLU,D,208,GLU,global sequence alignment (Biopython PairwiseAligner) + PDB residue lookup,516.5,mapped_global_sequence_alignment,False,alpha1/alpha2,alpha1,alpha2,BZD_interface_alpha1_D_to_alpha2_D_prior,,True
BZD_SITE_210,D,210,TYR,D,209,TYR,global sequence alignment (Biopython PairwiseAligner) + PDB residue lookup,516.5,mapped_global_sequence_alignment,False,alpha1/alpha2,alpha1,alpha2,BZD_interface_alpha1_D_to_alpha2_D_prior,,True
BZD_SITE_211,D,211,VAL,D,210,THR,global sequence alignment (Biopython PairwiseAligner) + PDB residue lookup,516.5,mapped_global_sequence_alignment,False,alpha1/alpha2,alpha1,alpha2,BZD_interface_alpha1_D_to_alpha2_D_prior,,False
BZD_SITE_212,D,212,VAL,D,211,VAL,global sequence alignment (Biopython PairwiseAligner) + PDB residue lookup,516.5,mapped_global_sequence_alignment,False,alpha1/alpha2,alpha1,alpha2,BZD_interface_alpha1_D_to_alpha2_D_prior,,True
BZD_SITE_213,D,213,MET,D,212,MET,global sequence alignment (Biopython PairwiseAligner) + PDB residue lookup,516.5,mapped_global_sequence_alignment,False,alpha1/alpha2,alpha1,alpha2,BZD_interface_alpha1_D_to_alpha2_D_prior,,True
BZD_SITE_214,D,214,THR,D,213,THR,global sequence alignment (Biopython PairwiseAligner) + PDB residue lookup,516.5,mapped_global_sequence_alignment,False,alpha1/alpha2,alpha1,alpha2,BZD_interface_alpha1_D_to_alpha2_D_prior,,True
BZD_SITE_215,D,215,THR,D,214,ALA,global sequence alignment (Biopython PairwiseAligner) + PDB residue lookup,516.5,mapped_global_sequence_alignment,False,alpha1/alpha2,alpha1,alpha2,BZD_interface_alpha1_D_to_alpha2_D_prior,,False
BZD_SITE_216,D,216,HIS,D,215,HIS,global sequence alignment (Biopython PairwiseAligner) + PDB residue lookup,516.5,mapped_global_sequence_alignment,False,alpha1/alpha2,alpha1,alpha2,BZD_interface_alpha1_D_to_alpha2_D_prior,,True
BZD_SITE_217,D,217,PHE,D,216,PHE,global sequence alignment (Biopython PairwiseAligner) + PDB residue lookup,516.5,mapped_global_sequence_alignment,False,alpha1/alpha2,alpha1,alpha2,BZD_interface_alpha1_D_to_alpha2_D_prior,,True
BZD_SITE_218,D,218,HIS,D,217,HIS,global sequence alignment (Biopython PairwiseAligner) + PDB residue lookup,516.5,mapped_global_sequence_alignment,False,alpha1/alpha2,alpha1,alpha2,BZD_interface_alpha1_D_to_alpha2_D_prior,,True
BZD_SITE_219,D,219,LEU,D,218,LEU,global sequence alignment (Biopython PairwiseAligner) + PDB residue lookup,516.5,mapped_global_sequence_alignment,False,alpha1/alpha2,alpha1,alpha2,BZD_interface_alpha1_D_to_alpha2_D_prior,,True
BZD_SITE_220,D,220,LYS,D,219,LYS,global sequence alignment (Biopython PairwiseAligner) + PDB residue lookup,516.5,mapped_global_sequence_alignment,False,alpha1/alpha2,alpha1,alpha2,BZD_interface_alpha1_D_to_alpha2_D_prior,,True
BZD_GAMMA2_050,C,50,PRO,E,50,PRO,global sequence alignment (Biopython PairwiseAligner) + PDB residue lookup,343.0,mapped_gamma2_sequence_alignment,False,gamma2,gamma2,gamma2,BZD_interface_gamma2_C_to_E,1.0,True
BZD_GAMMA2_051,C,51,THR,E,51,THR,global sequence alignment (Biopython PairwiseAligner) + PDB residue lookup,343.0,mapped_gamma2_sequence_alignment,False,gamma2,gamma2,gamma2,BZD_interface_gamma2_C_to_E,1.0,True
BZD_GAMMA2_052,C,52,LEU,E,52,LEU,global sequence alignment (Biopython PairwiseAligner) + PDB residue lookup,343.0,mapped_gamma2_sequence_alignment,False,gamma2,gamma2,gamma2,BZD_interface_gamma2_C_to_E,1.0,True
BZD_GAMMA2_053,C,53,ILE,E,53,ILE,global sequence alignment (Biopython PairwiseAligner) + PDB residue lookup,343.0,mapped_gamma2_sequence_alignment,False,gamma2,gamma2,gamma2,BZD_interface_gamma2_C_to_E,1.0,True
BZD_GAMMA2_054,C,54,HIS,E,54,HIS,global sequence alignment (Biopython PairwiseAligner) + PDB residue lookup,343.0,mapped_gamma2_sequence_alignment,False,gamma2,gamma2,gamma2,BZD_interface_gamma2_C_to_E,1.0,True
BZD_GAMMA2_055,C,55,THR,E,55,THR,global sequence alignment (Biopython PairwiseAligner) + PDB residue lookup,343.0,mapped_gamma2_sequence_alignment,False,gamma2,gamma2,gamma2,BZD_interface_gamma2_C_to_E,1.0,True
BZD_GAMMA2_056,C,56,ASP,E,56,ASP,global sequence alignment (Biopython PairwiseAligner) + PDB residue lookup,343.0,mapped_gamma2_sequence_alignment,False,gamma2,gamma2,gamma2,BZD_interface_gamma2_C_to_E,1.0,True
BZD_GAMMA2_057,C,57,MET,E,57,MET,global sequence alignment (Biopython PairwiseAligner) + PDB residue lookup,343.0,mapped_gamma2_sequence_alignment,False,gamma2,gamma2,gamma2,BZD_interface_gamma2_C_to_E,1.0,True
BZD_GAMMA2_058,C,58,TYR,E,58,TYR,global sequence alignment (Biopython PairwiseAligner) + PDB residue lookup,343.0,mapped_gamma2_sequence_alignment,False,gamma2,gamma2,gamma2,BZD_interface_gamma2_C_to_E,1.0,True
BZD_GAMMA2_059,C,59,VAL,E,59,VAL,global sequence alignment (Biopython PairwiseAligner) + PDB residue lookup,343.0,mapped_gamma2_sequence_alignment,False,gamma2,gamma2,gamma2,BZD_interface_gamma2_C_to_E,1.0,True
BZD_GAMMA2_060,C,60,ASN,E,60,ASN,global sequence alignment (Biopython PairwiseAligner) + PDB residue lookup,343.0,mapped_gamma2_sequence_alignment,False,gamma2,gamma2,gamma2,BZD_interface_gamma2_C_to_E,1.0,True
BZD_GAMMA2_061,C,61,SER,E,61,SER,global sequence alignment (Biopython PairwiseAligner) + PDB residue lookup,343.0,mapped_gamma2_sequence_alignment,False,gamma2,gamma2,gamma2,BZD_interface_gamma2_C_to_E,1.0,True
BZD_GAMMA2_062,C,62,ILE,E,62,ILE,global sequence alignment (Biopython PairwiseAligner) + PDB residue lookup,343.0,mapped_gamma2_sequence_alignment,False,gamma2,gamma2,gamma2,BZD_interface_gamma2_C_to_E,1.0,True
BZD_GAMMA2_063,C,63,GLY,E,63,GLY,global sequence alignment (Biopython PairwiseAligner) + PDB residue lookup,343.0,mapped_gamma2_sequence_alignment,False,gamma2,gamma2,gamma2,BZD_interface_gamma2_C_to_E,1.0,True
BZD_GAMMA2_064,C,64,PRO,E,64,PRO,global sequence alignment (Biopython PairwiseAligner) + PDB residue lookup,343.0,mapped_gamma2_sequence_alignment,False,gamma2,gamma2,gamma2,BZD_interface_gamma2_C_to_E,1.0,True
BZD_GAMMA2_065,C,65,VAL,E,65,VAL,global sequence alignment (Biopython PairwiseAligner) + PDB residue lookup,343.0,mapped_gamma2_sequence_alignment,False,gamma2,gamma2,gamma2,BZD_interface_gamma2_C_to_E,1.0,True
BZD_GAMMA2_066,C,66,ASN,E,66,ASN,global sequence alignment (Biopython PairwiseAligner) + PDB residue lookup,343.0,mapped_gamma2_sequence_alignment,False,gamma2,gamma2,gamma2,BZD_interface_gamma2_C_to_E,1.0,True
BZD_GAMMA2_067,C,67,ALA,E,67,ALA,global sequence alignment (Biopython PairwiseAligner) + PDB residue lookup,343.0,mapped_gamma2_sequence_alignment,False,gamma2,gamma2,gamma2,BZD_interface_gamma2_C_to_E,1.0,True
BZD_GAMMA2_068,C,68,ILE,E,68,ILE,global sequence alignment (Biopython PairwiseAligner) + PDB residue lookup,343.0,mapped_gamma2_sequence_alignment,False,gamma2,gamma2,gamma2,BZD_interface_gamma2_C_to_E,1.0,True
BZD_GAMMA2_069,C,69,ASN,E,69,ASN,global sequence alignment (Biopython PairwiseAligner) + PDB residue lookup,343.0,mapped_gamma2_sequence_alignment,False,gamma2,gamma2,gamma2,BZD_interface_gamma2_C_to_E,1.0,True
BZD_GAMMA2_070,C,70,MET,E,70,MET,global sequence alignment (Biopython PairwiseAligner) + PDB residue lookup,343.0,mapped_gamma2_sequence_alignment,False,gamma2,gamma2,gamma2,BZD_interface_gamma2_C_to_E,1.0,True
BZD_GAMMA2_071,C,71,GLU,E,71,GLU,global sequence alignment (Biopython PairwiseAligner) + PDB residue lookup,343.0,mapped_gamma2_sequence_alignment,False,gamma2,gamma2,gamma2,BZD_interface_gamma2_C_to_E,1.0,True
BZD_GAMMA2_072,C,72,TYR,E,72,TYR,global sequence alignment (Biopython PairwiseAligner) + PDB residue lookup,343.0,mapped_gamma2_sequence_alignment,False,gamma2,gamma2,gamma2,BZD_interface_gamma2_C_to_E,1.0,True
BZD_GAMMA2_073,C,73,THR,E,73,THR,global sequence alignment (Biopython PairwiseAligner) + PDB residue lookup,343.0,mapped_gamma2_sequence_alignment,False,gamma2,gamma2,gamma2,BZD_interface_gamma2_C_to_E,1.0,True
BZD_GAMMA2_074,C,74,ILE,E,74,ILE,global sequence alignment (Biopython PairwiseAligner) + PDB residue lookup,343.0,mapped_gamma2_sequence_alignment,False,gamma2,gamma2,gamma2,BZD_interface_gamma2_C_to_E,1.0,True
BZD_GAMMA2_075,C,75,ASP,E,75,ASP,global sequence alignment (Biopython PairwiseAligner) + PDB residue lookup,343.0,mapped_gamma2_sequence_alignment,False,gamma2,gamma2,gamma2,BZD_interface_gamma2_C_to_E,1.0,True
BZD_GAMMA2_076,C,76,ILE,E,76,ILE,global sequence alignment (Biopython PairwiseAligner) + PDB residue lookup,343.0,mapped_gamma2_sequence_alignment,False,gamma2,gamma2,gamma2,BZD_interface_gamma2_C_to_E,1.0,True
BZD_GAMMA2_077,C,77,PHE,E,77,PHE,global sequence alignment (Biopython PairwiseAligner) + PDB residue lookup,343.0,mapped_gamma2_sequence_alignment,False,gamma2,gamma2,gamma2,BZD_interface_gamma2_C_to_E,1.0,True
BZD_GAMMA2_078,C,78,PHE,E,78,PHE,global sequence alignment (Biopython PairwiseAligner) + PDB residue lookup,343.0,mapped_gamma2_sequence_alignment,False,gamma2,gamma2,gamma2,BZD_interface_gamma2_C_to_E,1.0,True
BZD_GAMMA2_079,C,79,ALA,E,79,ALA,global sequence alignment (Biopython PairwiseAligner) + PDB residue lookup,343.0,mapped_gamma2_sequence_alignment,False,gamma2,gamma2,gamma2,BZD_interface_gamma2_C_to_E,1.0,True
BZD_GAMMA2_080,C,80,GLN,E,80,GLN,global sequence alignment (Biopython PairwiseAligner) + PDB residue lookup,343.0,mapped_gamma2_sequence_alignment,False,gamma2,gamma2,gamma2,BZD_interface_gamma2_C_to_E,1.0,True
BZD_GAMMA2_081,C,81,THR,E,81,THR,global sequence alignment (Biopython PairwiseAligner) + PDB residue lookup,343.0,mapped_gamma2_sequence_alignment,False,gamma2,gamma2,gamma2,BZD_interface_gamma2_C_to_E,1.0,True
BZD_GAMMA2_082,C,82,TRP,E,82,TRP,global sequence alignment (Biopython PairwiseAligner) + PDB residue lookup,343.0,mapped_gamma2_sequence_alignment,False,gamma2,gamma2,gamma2,BZD_interface_gamma2_C_to_E,1.0,True
BZD_GAMMA2_083,C,83,TYR,E,83,TYR,global sequence alignment (Biopython PairwiseAligner) + PDB residue lookup,343.0,mapped_gamma2_sequence_alignment,False,gamma2,gamma2,gamma2,BZD_interface_gamma2_C_to_E,1.0,True
BZD_GAMMA2_084,C,84,ASP,E,84,ASP,global sequence alignment (Biopython PairwiseAligner) + PDB residue lookup,343.0,mapped_gamma2_sequence_alignment,False,gamma2,gamma2,gamma2,BZD_interface_gamma2_C_to_E,1.0,True
BZD_GAMMA2_085,C,85,ARG,E,85,ARG,global sequence alignment (Biopython PairwiseAligner) + PDB residue lookup,343.0,mapped_gamma2_sequence_alignment,False,gamma2,gamma2,gamma2,BZD_interface_gamma2_C_to_E,1.0,True
BZD_GAMMA2_086,C,86,ARG,E,86,ARG,global sequence alignment (Biopython PairwiseAligner) + PDB residue lookup,343.0,mapped_gamma2_sequence_alignment,False,gamma2,gamma2,gamma2,BZD_interface_gamma2_C_to_E,1.0,True
BZD_GAMMA2_087,C,87,LEU,E,87,LEU,global sequence alignment (Biopython PairwiseAligner) + PDB residue lookup,343.0,mapped_gamma2_sequence_alignment,False,gamma2,gamma2,gamma2,BZD_interface_gamma2_C_to_E,1.0,True
BZD_GAMMA2_088,C,88,LYS,E,88,LYS,global sequence alignment (Biopython PairwiseAligner) + PDB residue lookup,343.0,mapped_gamma2_sequence_alignment,False,gamma2,gamma2,gamma2,BZD_interface_gamma2_C_to_E,1.0,True
BZD_GAMMA2_089,C,89,PHE,E,89,PHE,global sequence alignment (Biopython PairwiseAligner) + PDB residue lookup,343.0,mapped_gamma2_sequence_alignment,False,gamma2,gamma2,gamma2,BZD_interface_gamma2_C_to_E,1.0,True
BZD_GAMMA2_090,C,90,ASN,E,90,ASN,global sequence alignment (Biopython PairwiseAligner) + PDB residue lookup,343.0,mapped_gamma2_sequence_alignment,False,gamma2,gamma2,gamma2,BZD_interface_gamma2_C_to_E,1.0,True
BZD_GAMMA2_091,C,91,SER,E,91,SER,global sequence alignment (Biopython PairwiseAligner) + PDB residue lookup,343.0,mapped_gamma2_sequence_alignment,False,gamma2,gamma2,gamma2,BZD_interface_gamma2_C_to_E,1.0,True
BZD_GAMMA2_092,C,92,THR,E,92,THR,global sequence alignment (Biopython PairwiseAligner) + PDB residue lookup,343.0,mapped_gamma2_sequence_alignment,False,gamma2,gamma2,gamma2,BZD_interface_gamma2_C_to_E,1.0,True
BZD_GAMMA2_093,C,93,ILE,E,93,ILE,global sequence alignment (Biopython PairwiseAligner) + PDB residue lookup,343.0,mapped_gamma2_sequence_alignment,False,gamma2,gamma2,gamma2,BZD_interface_gamma2_C_to_E,1.0,True
BZD_GAMMA2_094,C,94,LYS,E,94,LYS,global sequence alignment (Biopython PairwiseAligner) + PDB residue lookup,343.0,mapped_gamma2_sequence_alignment,False,gamma2,gamma2,gamma2,BZD_interface_gamma2_C_to_E,1.0,True
BZD_GAMMA2_095,C,95,VAL,E,95,VAL,global sequence alignment (Biopython PairwiseAligner) + PDB residue lookup,343.0,mapped_gamma2_sequence_alignment,False,gamma2,gamma2,gamma2,BZD_interface_gamma2_C_to_E,1.0,True
BZD_GAMMA2_096,C,96,LEU,E,96,LEU,global sequence alignment (Biopython PairwiseAligner) + PDB residue lookup,343.0,mapped_gamma2_sequence_alignment,False,gamma2,gamma2,gamma2,BZD_interface_gamma2_C_to_E,1.0,True
BZD_GAMMA2_097,C,97,ARG,E,97,ARG,global sequence alignment (Biopython PairwiseAligner) + PDB residue lookup,343.0,mapped_gamma2_sequence_alignment,False,gamma2,gamma2,gamma2,BZD_interface_gamma2_C_to_E,1.0,True
BZD_GAMMA2_098,C,98,LEU,E,98,LEU,global sequence alignment (Biopython PairwiseAligner) + PDB residue lookup,343.0,mapped_gamma2_sequence_alignment,False,gamma2,gamma2,gamma2,BZD_interface_gamma2_C_to_E,1.0,True
BZD_GAMMA2_099,C,99,ASN,E,99,ASN,global sequence alignment (Biopython PairwiseAligner) + PDB residue lookup,343.0,mapped_gamma2_sequence_alignment,False,gamma2,gamma2,gamma2,BZD_interface_gamma2_C_to_E,1.0,True
BZD_GAMMA2_100,C,100,SER,E,100,SER,global sequence alignment (Biopython PairwiseAligner) + PDB residue lookup,343.0,mapped_gamma2_sequence_alignment,False,gamma2,gamma2,gamma2,BZD_interface_gamma2_C_to_E,1.0,True
BZD_GAMMA2_101,C,101,ASN,E,101,ASN,global sequence alignment (Biopython PairwiseAligner) + PDB residue lookup,343.0,mapped_gamma2_sequence_alignment,False,gamma2,gamma2,gamma2,BZD_interface_gamma2_C_to_E,1.0,True
BZD_GAMMA2_102,C,102,MET,E,102,MET,global sequence alignment (Biopython PairwiseAligner) + PDB residue lookup,343.0,mapped_gamma2_sequence_alignment,False,gamma2,gamma2,gamma2,BZD_interface_gamma2_C_to_E,1.0,True
BZD_GAMMA2_103,C,103,VAL,E,103,VAL,global sequence alignment (Biopython PairwiseAligner) + PDB residue lookup,343.0,mapped_gamma2_sequence_alignment,False,gamma2,gamma2,gamma2,BZD_interface_gamma2_C_to_E,1.0,True
BZD_GAMMA2_104,C,104,GLY,E,104,GLY,global sequence alignment (Biopython PairwiseAligner) + PDB residue lookup,343.0,mapped_gamma2_sequence_alignment,False,gamma2,gamma2,gamma2,BZD_interface_gamma2_C_to_E,1.0,True
BZD_GAMMA2_105,C,105,LYS,E,105,LYS,global sequence alignment (Biopython PairwiseAligner) + PDB residue lookup,343.0,mapped_gamma2_sequence_alignment,False,gamma2,gamma2,gamma2,BZD_interface_gamma2_C_to_E,1.0,True
BZD_GAMMA2_106,C,106,ILE,E,106,ILE,global sequence alignment (Biopython PairwiseAligner) + PDB residue lookup,343.0,mapped_gamma2_sequence_alignment,False,gamma2,gamma2,gamma2,BZD_interface_gamma2_C_to_E,1.0,True
BZD_GAMMA2_107,C,107,TRP,E,107,TRP,global sequence alignment (Biopython PairwiseAligner) + PDB residue lookup,343.0,mapped_gamma2_sequence_alignment,False,gamma2,gamma2,gamma2,BZD_interface_gamma2_C_to_E,1.0,True
BZD_GAMMA2_108,C,108,ILE,E,108,ILE,global sequence alignment (Biopython PairwiseAligner) + PDB residue lookup,343.0,mapped_gamma2_sequence_alignment,False,gamma2,gamma2,gamma2,BZD_interface_gamma2_C_to_E,1.0,True
BZD_GAMMA2_109,C,109,PRO,E,109,PRO,global sequence alignment (Biopython PairwiseAligner) + PDB residue lookup,343.0,mapped_gamma2_sequence_alignment,False,gamma2,gamma2,gamma2,BZD_interface_gamma2_C_to_E,1.0,True
BZD_GAMMA2_110,C,110,ASP,E,110,ASP,global sequence alignment (Biopython PairwiseAligner) + PDB residue lookup,343.0,mapped_gamma2_sequence_alignment,False,gamma2,gamma2,gamma2,BZD_interface_gamma2_C_to_E,1.0,True
BZD_GAMMA2_111,C,111,THR,E,111,THR,global sequence alignment (Biopython PairwiseAligner) + PDB residue lookup,343.0,mapped_gamma2_sequence_alignment,False,gamma2,gamma2,gamma2,BZD_interface_gamma2_C_to_E,1.0,True
BZD_GAMMA2_112,C,112,PHE,E,112,PHE,global sequence alignment (Biopython PairwiseAligner) + PDB residue lookup,343.0,mapped_gamma2_sequence_alignment,False,gamma2,gamma2,gamma2,BZD_interface_gamma2_C_to_E,1.0,True
BZD_GAMMA2_113,C,113,PHE,E,113,PHE,global sequence alignment (Biopython PairwiseAligner) + PDB residue lookup,343.0,mapped_gamma2_sequence_alignment,False,gamma2,gamma2,gamma2,BZD_interface_gamma2_C_to_E,1.0,True
BZD_GAMMA2_114,C,114,ARG,E,114,ARG,global sequence alignment (Biopython PairwiseAligner) + PDB residue lookup,343.0,mapped_gamma2_sequence_alignment,False,gamma2,gamma2,gamma2,BZD_interface_gamma2_C_to_E,1.0,True
BZD_GAMMA2_115,C,115,ASN,E,115,ASN,global sequence alignment (Biopython PairwiseAligner) + PDB residue lookup,343.0,mapped_gamma2_sequence_alignment,False,gamma2,gamma2,gamma2,BZD_interface_gamma2_C_to_E,1.0,True
BZD_GAMMA2_116,C,116,SER,E,116,SER,global sequence alignment (Biopython PairwiseAligner) + PDB residue lookup,343.0,mapped_gamma2_sequence_alignment,False,gamma2,gamma2,gamma2,BZD_interface_gamma2_C_to_E,1.0,True
BZD_GAMMA2_117,C,117,LYS,E,117,LYS,global sequence alignment (Biopython PairwiseAligner) + PDB residue lookup,343.0,mapped_gamma2_sequence_alignment,False,gamma2,gamma2,gamma2,BZD_interface_gamma2_C_to_E,1.0,True
BZD_GAMMA2_118,C,118,LYS,E,118,LYS,global sequence alignment (Biopython PairwiseAligner) + PDB residue lookup,343.0,mapped_gamma2_sequence_alignment,False,gamma2,gamma2,gamma2,BZD_interface_gamma2_C_to_E,1.0,True
BZD_GAMMA2_119,C,119,ALA,E,119,ALA,global sequence alignment (Biopython PairwiseAligner) + PDB residue lookup,343.0,mapped_gamma2_sequence_alignment,False,gamma2,gamma2,gamma2,BZD_interface_gamma2_C_to_E,1.0,True
BZD_GAMMA2_120,C,120,ASP,E,120,ASP,global sequence alignment (Biopython PairwiseAligner) + PDB residue lookup,343.0,mapped_gamma2_sequence_alignment,False,gamma2,gamma2,gamma2,BZD_interface_gamma2_C_to_E,1.0,True
BZD_GAMMA2_121,C,121,ALA,E,121,ALA,global sequence alignment (Biopython PairwiseAligner) + PDB residue lookup,343.0,mapped_gamma2_sequence_alignment,False,gamma2,gamma2,gamma2,BZD_interface_gamma2_C_to_E,1.0,True
BZD_GAMMA2_122,C,122,HIS,E,122,HIS,global sequence alignment (Biopython PairwiseAligner) + PDB residue lookup,343.0,mapped_gamma2_sequence_alignment,False,gamma2,gamma2,gamma2,BZD_interface_gamma2_C_to_E,1.0,True
BZD_GAMMA2_123,C,123,TRP,E,123,TRP,global sequence alignment (Biopython PairwiseAligner) + PDB residue lookup,343.0,mapped_gamma2_sequence_alignment,False,gamma2,gamma2,gamma2,BZD_interface_gamma2_C_to_E,1.0,True
BZD_GAMMA2_124,C,124,ILE,E,124,ILE,global sequence alignment (Biopython PairwiseAligner) + PDB residue lookup,343.0,mapped_gamma2_sequence_alignment,False,gamma2,gamma2,gamma2,BZD_interface_gamma2_C_to_E,1.0,True
BZD_GAMMA2_125,C,125,THR,E,125,THR,global sequence alignment (Biopython PairwiseAligner) + PDB residue lookup,343.0,mapped_gamma2_sequence_alignment,False,gamma2,gamma2,gamma2,BZD_interface_gamma2_C_to_E,1.0,True
BZD_GAMMA2_126,C,126,THR,E,126,THR,global sequence alignment (Biopython PairwiseAligner) + PDB residue lookup,343.0,mapped_gamma2_sequence_alignment,False,gamma2,gamma2,gamma2,BZD_interface_gamma2_C_to_E,1.0,True
BZD_GAMMA2_127,C,127,PRO,E,127,PRO,global sequence alignment (Biopython PairwiseAligner) + PDB residue lookup,343.0,mapped_gamma2_sequence_alignment,False,gamma2,gamma2,gamma2,BZD_interface_gamma2_C_to_E,1.0,True
BZD_GAMMA2_128,C,128,ASN,E,128,ASN,global sequence alignment (Biopython PairwiseAligner) + PDB residue lookup,343.0,mapped_gamma2_sequence_alignment,False,gamma2,gamma2,gamma2,BZD_interface_gamma2_C_to_E,1.0,True
BZD_GAMMA2_129,C,129,ARG,E,129,ARG,global sequence alignment (Biopython PairwiseAligner) + PDB residue lookup,343.0,mapped_gamma2_sequence_alignment,False,gamma2,gamma2,gamma2,BZD_interface_gamma2_C_to_E,1.0,True
BZD_GAMMA2_130,C,130,MET,E,130,MET,global sequence alignment (Biopython PairwiseAligner) + PDB residue lookup,343.0,mapped_gamma2_sequence_alignment,False,gamma2,gamma2,gamma2,BZD_interface_gamma2_C_to_E,1.0,True
BZD_GAMMA2_131,C,131,LEU,E,131,LEU,global sequence alignment (Biopython PairwiseAligner) + PDB residue lookup,343.0,mapped_gamma2_sequence_alignment,False,gamma2,gamma2,gamma2,BZD_interface_gamma2_C_to_E,1.0,True
BZD_GAMMA2_132,C,132,ARG,E,132,ARG,global sequence alignment (Biopython PairwiseAligner) + PDB residue lookup,343.0,mapped_gamma2_sequence_alignment,False,gamma2,gamma2,gamma2,BZD_interface_gamma2_C_to_E,1.0,True
BZD_GAMMA2_133,C,133,ILE,E,133,ILE,global sequence alignment (Biopython PairwiseAligner) + PDB residue lookup,343.0,mapped_gamma2_sequence_alignment,False,gamma2,gamma2,gamma2,BZD_interface_gamma2_C_to_E,1.0,True
BZD_GAMMA2_134,C,134,TRP,E,134,TRP,global sequence alignment (Biopython PairwiseAligner) + PDB residue lookup,343.0,mapped_gamma2_sequence_alignment,False,gamma2,gamma2,gamma2,BZD_interface_gamma2_C_to_E,1.0,True
BZD_GAMMA2_135,C,135,ASN,E,135,ASN,global sequence alignment (Biopython PairwiseAligner) + PDB residue lookup,343.0,mapped_gamma2_sequence_alignment,False,gamma2,gamma2,gamma2,BZD_interface_gamma2_C_to_E,1.0,True
BZD_GAMMA2_136,C,136,ASP,E,136,ASP,global sequence alignment (Biopython PairwiseAligner) + PDB residue lookup,343.0,mapped_gamma2_sequence_alignment,False,gamma2,gamma2,gamma2,BZD_interface_gamma2_C_to_E,1.0,True
BZD_GAMMA2_137,C,137,GLY,E,137,GLY,global sequence alignment (Biopython PairwiseAligner) + PDB residue lookup,343.0,mapped_gamma2_sequence_alignment,False,gamma2,gamma2,gamma2,BZD_interface_gamma2_C_to_E,1.0,True
BZD_GAMMA2_138,C,138,ARG,E,138,ARG,global sequence alignment (Biopython PairwiseAligner) + PDB residue lookup,343.0,mapped_gamma2_sequence_alignment,False,gamma2,gamma2,gamma2,BZD_interface_gamma2_C_to_E,1.0,True
BZD_GAMMA2_139,C,139,VAL,E,139,VAL,global sequence alignment (Biopython PairwiseAligner) + PDB residue lookup,343.0,mapped_gamma2_sequence_alignment,False,gamma2,gamma2,gamma2,BZD_interface_gamma2_C_to_E,1.0,True
BZD_GAMMA2_140,C,140,LEU,E,140,LEU,global sequence alignment (Biopython PairwiseAligner) + PDB residue lookup,343.0,mapped_gamma2_sequence_alignment,False,gamma2,gamma2,gamma2,BZD_interface_gamma2_C_to_E,1.0,True
BZD_GAMMA2_141,C,141,TYR,E,141,TYR,global sequence alignment (Biopython PairwiseAligner) + PDB residue lookup,343.0,mapped_gamma2_sequence_alignment,False,gamma2,gamma2,gamma2,BZD_interface_gamma2_C_to_E,1.0,True
BZD_GAMMA2_142,C,142,THR,E,142,THR,global sequence alignment (Biopython PairwiseAligner) + PDB residue lookup,343.0,mapped_gamma2_sequence_alignment,False,gamma2,gamma2,gamma2,BZD_interface_gamma2_C_to_E,1.0,True
BZD_GAMMA2_143,C,143,LEU,E,143,LEU,global sequence alignment (Biopython PairwiseAligner) + PDB residue lookup,343.0,mapped_gamma2_sequence_alignment,False,gamma2,gamma2,gamma2,BZD_interface_gamma2_C_to_E,1.0,True
BZD_GAMMA2_144,C,144,ARG,E,144,ARG,global sequence alignment (Biopython PairwiseAligner) + PDB residue lookup,343.0,mapped_gamma2_sequence_alignment,False,gamma2,gamma2,gamma2,BZD_interface_gamma2_C_to_E,1.0,True
BZD_GAMMA2_145,C,145,LEU,E,145,LEU,global sequence alignment (Biopython PairwiseAligner) + PDB residue lookup,343.0,mapped_gamma2_sequence_alignment,False,gamma2,gamma2,gamma2,BZD_interface_gamma2_C_to_E,1.0,True
BZD_GAMMA2_146,C,146,THR,E,146,THR,global sequence alignment (Biopython PairwiseAligner) + PDB residue lookup,343.0,mapped_gamma2_sequence_alignment,False,gamma2,gamma2,gamma2,BZD_interface_gamma2_C_to_E,1.0,True
BZD_GAMMA2_147,C,147,ILE,E,147,ILE,global sequence alignment (Biopython PairwiseAligner) + PDB residue lookup,343.0,mapped_gamma2_sequence_alignment,False,gamma2,gamma2,gamma2,BZD_interface_gamma2_C_to_E,1.0,True
BZD_GAMMA2_148,C,148,ASP,E,148,ASP,global sequence alignment (Biopython PairwiseAligner) + PDB residue lookup,343.0,mapped_gamma2_sequence_alignment,False,gamma2,gamma2,gamma2,BZD_interface_gamma2_C_to_E,1.0,True
BZD_GAMMA2_149,C,149,ALA,E,149,ALA,global sequence alignment (Biopython PairwiseAligner) + PDB residue lookup,343.0,mapped_gamma2_sequence_alignment,False,gamma2,gamma2,gamma2,BZD_interface_gamma2_C_to_E,1.0,True
BZD_GAMMA2_150,C,150,GLU,E,150,GLU,global sequence alignment (Biopython PairwiseAligner) + PDB residue lookup,343.0,mapped_gamma2_sequence_alignment,False,gamma2,gamma2,gamma2,BZD_interface_gamma2_C_to_E,1.0,True
BZD_GAMMA2_151,C,151,CYS,E,151,CYS,global sequence alignment (Biopython PairwiseAligner) + PDB residue lookup,343.0,mapped_gamma2_sequence_alignment,False,gamma2,gamma2,gamma2,BZD_interface_gamma2_C_to_E,1.0,True
BZD_GAMMA2_152,C,152,GLN,E,152,GLN,global sequence alignment (Biopython PairwiseAligner) + PDB residue lookup,343.0,mapped_gamma2_sequence_alignment,False,gamma2,gamma2,gamma2,BZD_interface_gamma2_C_to_E,1.0,True
BZD_GAMMA2_153,C,153,LEU,E,153,LEU,global sequence alignment (Biopython PairwiseAligner) + PDB residue lookup,343.0,mapped_gamma2_sequence_alignment,False,gamma2,gamma2,gamma2,BZD_interface_gamma2_C_to_E,1.0,True
BZD_GAMMA2_154,C,154,GLN,E,154,GLN,global sequence alignment (Biopython PairwiseAligner) + PDB residue lookup,343.0,mapped_gamma2_sequence_alignment,False,gamma2,gamma2,gamma2,BZD_interface_gamma2_C_to_E,1.0,True
BZD_GAMMA2_155,C,155,LEU,E,155,LEU,global sequence alignment (Biopython PairwiseAligner) + PDB residue lookup,343.0,mapped_gamma2_sequence_alignment,False,gamma2,gamma2,gamma2,BZD_interface_gamma2_C_to_E,1.0,True
BZD_GAMMA2_156,C,156,HIS,E,156,HIS,global sequence alignment (Biopython PairwiseAligner) + PDB residue lookup,343.0,mapped_gamma2_sequence_alignment,False,gamma2,gamma2,gamma2,BZD_interface_gamma2_C_to_E,1.0,True
BZD_GAMMA2_157,C,157,ASN,E,157,ASN,global sequence alignment (Biopython PairwiseAligner) + PDB residue lookup,343.0,mapped_gamma2_sequence_alignment,False,gamma2,gamma2,gamma2,BZD_interface_gamma2_C_to_E,1.0,True
BZD_GAMMA2_158,C,158,PHE,E,158,PHE,global sequence alignment (Biopython PairwiseAligner) + PDB residue lookup,343.0,mapped_gamma2_sequence_alignment,False,gamma2,gamma2,gamma2,BZD_interface_gamma2_C_to_E,1.0,True
BZD_GAMMA2_159,C,159,PRO,E,159,PRO,global sequence alignment (Biopython PairwiseAligner) + PDB residue lookup,343.0,mapped_gamma2_sequence_alignment,False,gamma2,gamma2,gamma2,BZD_interface_gamma2_C_to_E,1.0,True
BZD_GAMMA2_160,C,160,MET,E,160,MET,global sequence alignment (Biopython PairwiseAligner) + PDB residue lookup,343.0,mapped_gamma2_sequence_alignment,False,gamma2,gamma2,gamma2,BZD_interface_gamma2_C_to_E,1.0,True
BZD_GAMMA2_161,C,161,ASP,E,161,ASP,global sequence alignment (Biopython PairwiseAligner) + PDB residue lookup,343.0,mapped_gamma2_sequence_alignment,False,gamma2,gamma2,gamma2,BZD_interface_gamma2_C_to_E,1.0,True
BZD_GAMMA2_162,C,162,GLU,E,162,GLU,global sequence alignment (Biopython PairwiseAligner) + PDB residue lookup,343.0,mapped_gamma2_sequence_alignment,False,gamma2,gamma2,gamma2,BZD_interface_gamma2_C_to_E,1.0,True
BZD_GAMMA2_163,C,163,HIS,E,163,HIS,global sequence alignment (Biopython PairwiseAligner) + PDB residue lookup,343.0,mapped_gamma2_sequence_alignment,False,gamma2,gamma2,gamma2,BZD_interface_gamma2_C_to_E,1.0,True
BZD_GAMMA2_164,C,164,SER,E,164,SER,global sequence alignment (Biopython PairwiseAligner) + PDB residue lookup,343.0,mapped_gamma2_sequence_alignment,False,gamma2,gamma2,gamma2,BZD_interface_gamma2_C_to_E,1.0,True
BZD_GAMMA2_165,C,165,CYS,E,165,CYS,global sequence alignment (Biopython PairwiseAligner) + PDB residue lookup,343.0,mapped_gamma2_sequence_alignment,False,gamma2,gamma2,gamma2,BZD_interface_gamma2_C_to_E,1.0,True
BZD_GAMMA2_166,C,166,PRO,E,166,PRO,global sequence alignment (Biopython PairwiseAligner) + PDB residue lookup,343.0,mapped_gamma2_sequence_alignment,False,gamma2,gamma2,gamma2,BZD_interface_gamma2_C_to_E,1.0,True
BZD_GAMMA2_167,C,167,LEU,E,167,LEU,global sequence alignment (Biopython PairwiseAligner) + PDB residue lookup,343.0,mapped_gamma2_sequence_alignment,False,gamma2,gamma2,gamma2,BZD_interface_gamma2_C_to_E,1.0,True
BZD_GAMMA2_168,C,168,GLU,E,168,GLU,global sequence alignment (Biopython PairwiseAligner) + PDB residue lookup,343.0,mapped_gamma2_sequence_alignment,False,gamma2,gamma2,gamma2,BZD_interface_gamma2_C_to_E,1.0,True
BZD_GAMMA2_169,C,169,PHE,E,169,PHE,global sequence alignment (Biopython PairwiseAligner) + PDB residue lookup,343.0,mapped_gamma2_sequence_alignment,False,gamma2,gamma2,gamma2,BZD_interface_gamma2_C_to_E,1.0,True
BZD_GAMMA2_170,C,170,SER,E,170,SER,global sequence alignment (Biopython PairwiseAligner) + PDB residue lookup,343.0,mapped_gamma2_sequence_alignment,False,gamma2,gamma2,gamma2,BZD_interface_gamma2_C_to_E,1.0,True
BZD_GAMMA2_171,C,171,SER,E,171,SER,global sequence alignment (Biopython PairwiseAligner) + PDB residue lookup,343.0,mapped_gamma2_sequence_alignment,False,gamma2,gamma2,gamma2,BZD_interface_gamma2_C_to_E,1.0,True
BZD_GAMMA2_172,C,172,TYR,E,172,TYR,global sequence alignment (Biopython PairwiseAligner) + PDB residue lookup,343.0,mapped_gamma2_sequence_alignment,False,gamma2,gamma2,gamma2,BZD_interface_gamma2_C_to_E,1.0,True
BZD_GAMMA2_173,C,173,GLY,E,173,GLY,global sequence alignment (Biopython PairwiseAligner) + PDB residue lookup,343.0,mapped_gamma2_sequence_alignment,False,gamma2,gamma2,gamma2,BZD_interface_gamma2_C_to_E,1.0,True
BZD_GAMMA2_174,C,174,TYR,E,174,TYR,global sequence alignment (Biopython PairwiseAligner) + PDB residue lookup,343.0,mapped_gamma2_sequence_alignment,False,gamma2,gamma2,gamma2,BZD_interface_gamma2_C_to_E,1.0,True
BZD_GAMMA2_175,C,175,PRO,E,175,PRO,global sequence alignment (Biopython PairwiseAligner) + PDB residue lookup,343.0,mapped_gamma2_sequence_alignment,False,gamma2,gamma2,gamma2,BZD_interface_gamma2_C_to_E,1.0,True
BZD_GAMMA2_176,C,176,ARG,E,176,ARG,global sequence alignment (Biopython PairwiseAligner) + PDB residue lookup,343.0,mapped_gamma2_sequence_alignment,False,gamma2,gamma2,gamma2,BZD_interface_gamma2_C_to_E,1.0,True
BZD_GAMMA2_177,C,177,GLU,E,177,GLU,global sequence alignment (Biopython PairwiseAligner) + PDB residue lookup,343.0,mapped_gamma2_sequence_alignment,False,gamma2,gamma2,gamma2,BZD_interface_gamma2_C_to_E,1.0,True
BZD_GAMMA2_178,C,178,GLU,E,178,GLU,global sequence alignment (Biopython PairwiseAligner) + PDB residue lookup,343.0,mapped_gamma2_sequence_alignment,False,gamma2,gamma2,gamma2,BZD_interface_gamma2_C_to_E,1.0,True
BZD_GAMMA2_179,C,179,ILE,E,179,ILE,global sequence alignment (Biopython PairwiseAligner) + PDB residue lookup,343.0,mapped_gamma2_sequence_alignment,False,gamma2,gamma2,gamma2,BZD_interface_gamma2_C_to_E,1.0,True
BZD_GAMMA2_180,C,180,VAL,E,180,VAL,global sequence alignment (Biopython PairwiseAligner) + PDB residue lookup,343.0,mapped_gamma2_sequence_alignment,False,gamma2,gamma2,gamma2,BZD_interface_gamma2_C_to_E,1.0,True
BZD_GAMMA2_181,C,181,TYR,E,181,TYR,global sequence alignment (Biopython PairwiseAligner) + PDB residue lookup,343.0,mapped_gamma2_sequence_alignment,False,gamma2,gamma2,gamma2,BZD_interface_gamma2_C_to_E,1.0,True
BZD_GAMMA2_182,C,182,GLN,E,182,GLN,global sequence alignment (Biopython PairwiseAligner) + PDB residue lookup,343.0,mapped_gamma2_sequence_alignment,False,gamma2,gamma2,gamma2,BZD_interface_gamma2_C_to_E,1.0,True
BZD_GAMMA2_183,C,183,TRP,E,183,TRP,global sequence alignment (Biopython PairwiseAligner) + PDB residue lookup,343.0,mapped_gamma2_sequence_alignment,False,gamma2,gamma2,gamma2,BZD_interface_gamma2_C_to_E,1.0,True
BZD_GAMMA2_184,C,184,LYS,E,184,LYS,global sequence alignment (Biopython PairwiseAligner) + PDB residue lookup,343.0,mapped_gamma2_sequence_alignment,False,gamma2,gamma2,gamma2,BZD_interface_gamma2_C_to_E,1.0,True
BZD_GAMMA2_185,C,185,ARG,E,185,ARG,global sequence alignment (Biopython PairwiseAligner) + PDB residue lookup,343.0,mapped_gamma2_sequence_alignment,False,gamma2,gamma2,gamma2,BZD_interface_gamma2_C_to_E,1.0,True
BZD_GAMMA2_186,C,186,SER,E,186,SER,global sequence alignment (Biopython PairwiseAligner) + PDB residue lookup,343.0,mapped_gamma2_sequence_alignment,False,gamma2,gamma2,gamma2,BZD_interface_gamma2_C_to_E,1.0,True
BZD_GAMMA2_187,C,187,SER,E,187,SER,global sequence alignment (Biopython PairwiseAligner) + PDB residue lookup,343.0,mapped_gamma2_sequence_alignment,False,gamma2,gamma2,gamma2,BZD_interface_gamma2_C_to_E,1.0,True
BZD_GAMMA2_188,C,188,VAL,E,188,VAL,global sequence alignment (Biopython PairwiseAligner) + PDB residue lookup,343.0,mapped_gamma2_sequence_alignment,False,gamma2,gamma2,gamma2,BZD_interface_gamma2_C_to_E,1.0,True
BZD_GAMMA2_189,C,189,GLU,E,189,GLU,global sequence alignment (Biopython PairwiseAligner) + PDB residue lookup,343.0,mapped_gamma2_sequence_alignment,False,gamma2,gamma2,gamma2,BZD_interface_gamma2_C_to_E,1.0,True
BZD_GAMMA2_190,C,190,VAL,E,190,VAL,global sequence alignment (Biopython PairwiseAligner) + PDB residue lookup,343.0,mapped_gamma2_sequence_alignment,False,gamma2,gamma2,gamma2,BZD_interface_gamma2_C_to_E,1.0,True
BZD_GAMMA2_191,C,191,GLY,E,191,GLY,global sequence alignment (Biopython PairwiseAligner) + PDB residue lookup,343.0,mapped_gamma2_sequence_alignment,False,gamma2,gamma2,gamma2,BZD_interface_gamma2_C_to_E,1.0,True
BZD_GAMMA2_192,C,192,ASP,E,192,ASP,global sequence alignment (Biopython PairwiseAligner) + PDB residue lookup,343.0,mapped_gamma2_sequence_alignment,False,gamma2,gamma2,gamma2,BZD_interface_gamma2_C_to_E,1.0,True
BZD_GAMMA2_193,C,193,THR,E,193,THR,global sequence alignment (Biopython PairwiseAligner) + PDB residue lookup,343.0,mapped_gamma2_sequence_alignment,False,gamma2,gamma2,gamma2,BZD_interface_gamma2_C_to_E,1.0,True
BZD_GAMMA2_194,C,194,ARG,E,194,ARG,global sequence alignment (Biopython PairwiseAligner) + PDB residue lookup,343.0,mapped_gamma2_sequence_alignment,False,gamma2,gamma2,gamma2,BZD_interface_gamma2_C_to_E,1.0,True
BZD_GAMMA2_195,C,195,SER,E,195,SER,global sequence alignment (Biopython PairwiseAligner) + PDB residue lookup,343.0,mapped_gamma2_sequence_alignment,False,gamma2,gamma2,gamma2,BZD_interface_gamma2_C_to_E,1.0,True
BZD_GAMMA2_196,C,196,TRP,E,196,TRP,global sequence alignment (Biopython PairwiseAligner) + PDB residue lookup,343.0,mapped_gamma2_sequence_alignment,False,gamma2,gamma2,gamma2,BZD_interface_gamma2_C_to_E,1.0,True
BZD_GAMMA2_197,C,197,ARG,E,197,ARG,global sequence alignment (Biopython PairwiseAligner) + PDB residue lookup,343.0,mapped_gamma2_sequence_alignment,False,gamma2,gamma2,gamma2,BZD_interface_gamma2_C_to_E,1.0,True
BZD_GAMMA2_198,C,198,LEU,E,198,LEU,global sequence alignment (Biopython PairwiseAligner) + PDB residue lookup,343.0,mapped_gamma2_sequence_alignment,False,gamma2,gamma2,gamma2,BZD_interface_gamma2_C_to_E,1.0,True
BZD_GAMMA2_199,C,199,TYR,E,199,TYR,global sequence alignment (Biopython PairwiseAligner) + PDB residue lookup,343.0,mapped_gamma2_sequence_alignment,False,gamma2,gamma2,gamma2,BZD_interface_gamma2_C_to_E,1.0,True
BZD_GAMMA2_200,C,200,GLN,E,200,GLN,global sequence alignment (Biopython PairwiseAligner) + PDB residue lookup,343.0,mapped_gamma2_sequence_alignment,False,gamma2,gamma2,gamma2,BZD_interface_gamma2_C_to_E,1.0,True
BZD_GAMMA2_201,C,201,PHE,E,201,PHE,global sequence alignment (Biopython PairwiseAligner) + PDB residue lookup,343.0,mapped_gamma2_sequence_alignment,False,gamma2,gamma2,gamma2,BZD_interface_gamma2_C_to_E,1.0,True
BZD_GAMMA2_202,C,202,SER,E,202,SER,global sequence alignment (Biopython PairwiseAligner) + PDB residue lookup,343.0,mapped_gamma2_sequence_alignment,False,gamma2,gamma2,gamma2,BZD_interface_gamma2_C_to_E,1.0,True
BZD_GAMMA2_203,C,203,PHE,E,203,PHE,global sequence alignment (Biopython PairwiseAligner) + PDB residue lookup,343.0,mapped_gamma2_sequence_alignment,False,gamma2,gamma2,gamma2,BZD_interface_gamma2_C_to_E,1.0,True
BZD_GAMMA2_204,C,204,VAL,E,204,VAL,global sequence alignment (Biopython PairwiseAligner) + PDB residue lookup,343.0,mapped_gamma2_sequence_alignment,False,gamma2,gamma2,gamma2,BZD_interface_gamma2_C_to_E,1.0,True
BZD_GAMMA2_205,C,205,GLY,E,205,GLY,global sequence alignment (Biopython PairwiseAligner) + PDB residue lookup,343.0,mapped_gamma2_sequence_alignment,False,gamma2,gamma2,gamma2,BZD_interface_gamma2_C_to_E,1.0,True
BZD_GAMMA2_206,C,206,LEU,E,206,LEU,global sequence alignment (Biopython PairwiseAligner) + PDB residue lookup,343.0,mapped_gamma2_sequence_alignment,False,gamma2,gamma2,gamma2,BZD_interface_gamma2_C_to_E,1.0,True
BZD_GAMMA2_207,C,207,ARG,E,207,ARG,global sequence alignment (Biopython PairwiseAligner) + PDB residue lookup,343.0,mapped_gamma2_sequence_alignment,False,gamma2,gamma2,gamma2,BZD_interface_gamma2_C_to_E,1.0,True
BZD_GAMMA2_208,C,208,ASN,E,208,ASN,global sequence alignment (Biopython PairwiseAligner) + PDB residue lookup,343.0,mapped_gamma2_sequence_alignment,False,gamma2,gamma2,gamma2,BZD_interface_gamma2_C_to_E,1.0,True
BZD_GAMMA2_209,C,209,THR,E,209,THR,global sequence alignment (Biopython PairwiseAligner) + PDB residue lookup,343.0,mapped_gamma2_sequence_alignment,False,gamma2,gamma2,gamma2,BZD_interface_gamma2_C_to_E,1.0,True
BZD_GAMMA2_210,C,210,THR,E,210,THR,global sequence alignment (Biopython PairwiseAligner) + PDB residue lookup,343.0,mapped_gamma2_sequence_alignment,False,gamma2,gamma2,gamma2,BZD_interface_gamma2_C_to_E,1.0,True
BZD_GAMMA2_211,C,211,GLU,E,211,GLU,global sequence alignment (Biopython PairwiseAligner) + PDB residue lookup,343.0,mapped_gamma2_sequence_alignment,False,gamma2,gamma2,gamma2,BZD_interface_gamma2_C_to_E,1.0,True
BZD_GAMMA2_212,C,212,VAL,E,212,VAL,global sequence alignment (Biopython PairwiseAligner) + PDB residue lookup,343.0,mapped_gamma2_sequence_alignment,False,gamma2,gamma2,gamma2,BZD_interface_gamma2_C_to_E,1.0,True
BZD_GAMMA2_213,C,213,VAL,E,213,VAL,global sequence alignment (Biopython PairwiseAligner) + PDB residue lookup,343.0,mapped_gamma2_sequence_alignment,False,gamma2,gamma2,gamma2,BZD_interface_gamma2_C_to_E,1.0,True
BZD_GAMMA2_214,C,214,LYS,E,214,LYS,global sequence alignment (Biopython PairwiseAligner) + PDB residue lookup,343.0,mapped_gamma2_sequence_alignment,False,gamma2,gamma2,gamma2,BZD_interface_gamma2_C_to_E,1.0,True
BZD_GAMMA2_215,C,215,THR,E,215,THR,global sequence alignment (Biopython PairwiseAligner) + PDB residue lookup,343.0,mapped_gamma2_sequence_alignment,False,gamma2,gamma2,gamma2,BZD_interface_gamma2_C_to_E,1.0,True
BZD_GAMMA2_216,C,216,THR,E,216,THR,global sequence alignment (Biopython PairwiseAligner) + PDB residue lookup,343.0,mapped_gamma2_sequence_alignment,False,gamma2,gamma2,gamma2,BZD_interface_gamma2_C_to_E,1.0,True
BZD_GAMMA2_217,C,217,SER,E,217,SER,global sequence alignment (Biopython PairwiseAligner) + PDB residue lookup,343.0,mapped_gamma2_sequence_alignment,False,gamma2,gamma2,gamma2,BZD_interface_gamma2_C_to_E,1.0,True
BZD_GAMMA2_218,C,218,GLY,E,218,GLY,global sequence alignment (Biopython PairwiseAligner) + PDB residue lookup,343.0,mapped_gamma2_sequence_alignment,False,gamma2,gamma2,gamma2,BZD_interface_gamma2_C_to_E,1.0,True
BZD_GAMMA2_219,C,219,ASP,E,219,ASP,global sequence alignment (Biopython PairwiseAligner) + PDB residue lookup,343.0,mapped_gamma2_sequence_alignment,False,gamma2,gamma2,gamma2,BZD_interface_gamma2_C_to_E,1.0,True
BZD_GAMMA2_220,C,220,TYR,E,220,TYR,global sequence alignment (Biopython PairwiseAligner) + PDB residue lookup,343.0,mapped_gamma2_sequence_alignment,False,gamma2,gamma2,gamma2,BZD_interface_gamma2_C_to_E,1.0,True
