common_position,alpha1_chain,alpha1_residue_number,alpha1_residue,alpha2_chain,alpha2_residue_number,alpha2_residue,mapping_method,alignment_score,mapping_status,qc_required
BZD_SITE_090,D,90,MET,D,89,MET,global sequence alignment (Biopython PairwiseAligner) + PDB residue lookup,516.5,mapped_global_sequence_alignment,False
BZD_SITE_091,D,91,ALA,D,90,ALA,global sequence alignment (Biopython PairwiseAligner) + PDB residue lookup,516.5,mapped_global_sequence_alignment,False
BZD_SITE_092,D,92,SER,D,91,SER,global sequence alignment (Biopython PairwiseAligner) + PDB residue lookup,516.5,mapped_global_sequence_alignment,False
BZD_SITE_093,D,93,LYS,D,92,LYS,global sequence alignment (Biopython PairwiseAligner) + PDB residue lookup,516.5,mapped_global_sequence_alignment,False
BZD_SITE_094,D,94,ILE,D,93,ILE,global sequence alignment (Biopython PairwiseAligner) + PDB residue lookup,516.5,mapped_global_sequence_alignment,False
BZD_SITE_095,D,95,TRP,D,94,TRP,global sequence alignment (Biopython PairwiseAligner) + PDB residue lookup,516.5,mapped_global_sequence_alignment,False
BZD_SITE_096,D,96,THR,D,95,THR,global sequence alignment (Biopython PairwiseAligner) + PDB residue lookup,516.5,mapped_global_sequence_alignment,False
BZD_SITE_097,D,97,PRO,D,96,PRO,global sequence alignment (Biopython PairwiseAligner) + PDB residue lookup,516.5,mapped_global_sequence_alignment,False
BZD_SITE_098,D,98,ASP,D,97,ASP,global sequence alignment (Biopython PairwiseAligner) + PDB residue lookup,516.5,mapped_global_sequence_alignment,False
BZD_SITE_099,D,99,THR,D,98,THR,global sequence alignment (Biopython PairwiseAligner) + PDB residue lookup,516.5,mapped_global_sequence_alignment,False
BZD_SITE_100,D,100,PHE,D,99,PHE,global sequence alignment (Biopython PairwiseAligner) + PDB residue lookup,516.5,mapped_global_sequence_alignment,False
BZD_SITE_101,D,101,PHE,D,100,PHE,global sequence alignment (Biopython PairwiseAligner) + PDB residue lookup,516.5,mapped_global_sequence_alignment,False
BZD_SITE_102,D,102,HIS,D,101,HIS,global sequence alignment (Biopython PairwiseAligner) + PDB residue lookup,516.5,mapped_global_sequence_alignment,False
BZD_SITE_103,D,103,ASN,D,102,ASN,global sequence alignment (Biopython PairwiseAligner) + PDB residue lookup,516.5,mapped_global_sequence_alignment,False
BZD_SITE_104,D,104,GLY,D,103,GLY,global sequence alignment (Biopython PairwiseAligner) + PDB residue lookup,516.5,mapped_global_sequence_alignment,False
BZD_SITE_105,D,105,LYS,D,104,LYS,global sequence alignment (Biopython PairwiseAligner) + PDB residue lookup,516.5,mapped_global_sequence_alignment,False
BZD_SITE_106,D,106,LYS,D,105,LYS,global sequence alignment (Biopython PairwiseAligner) + PDB residue lookup,516.5,mapped_global_sequence_alignment,False
BZD_SITE_107,D,107,SER,D,106,SER,global sequence alignment (Biopython PairwiseAligner) + PDB residue lookup,516.5,mapped_global_sequence_alignment,False
BZD_SITE_108,D,108,VAL,D,107,VAL,global sequence alignment (Biopython PairwiseAligner) + PDB residue lookup,516.5,mapped_global_sequence_alignment,False
BZD_SITE_109,D,109,ALA,D,108,ALA,global sequence alignment (Biopython PairwiseAligner) + PDB residue lookup,516.5,mapped_global_sequence_alignment,False
BZD_SITE_110,D,110,HIS,D,109,HIS,global sequence alignment (Biopython PairwiseAligner) + PDB residue lookup,516.5,mapped_global_sequence_alignment,False
BZD_SITE_111,D,111,ASN,D,110,ASN,global sequence alignment (Biopython PairwiseAligner) + PDB residue lookup,516.5,mapped_global_sequence_alignment,False
BZD_SITE_112,D,112,MET,D,111,MET,global sequence alignment (Biopython PairwiseAligner) + PDB residue lookup,516.5,mapped_global_sequence_alignment,False
BZD_SITE_113,D,113,THR,D,112,THR,global sequence alignment (Biopython PairwiseAligner) + PDB residue lookup,516.5,mapped_global_sequence_alignment,False
BZD_SITE_114,D,114,MET,D,113,MET,global sequence alignment (Biopython PairwiseAligner) + PDB residue lookup,516.5,mapped_global_sequence_alignment,False
BZD_SITE_115,D,115,PRO,D,114,PRO,global sequence alignment (Biopython PairwiseAligner) + PDB residue lookup,516.5,mapped_global_sequence_alignment,False
BZD_SITE_116,D,116,ASN,D,115,ASN,global sequence alignment (Biopython PairwiseAligner) + PDB residue lookup,516.5,mapped_global_sequence_alignment,False
BZD_SITE_117,D,117,LYS,D,116,LYS,global sequence alignment (Biopython PairwiseAligner) + PDB residue lookup,516.5,mapped_global_sequence_alignment,False
BZD_SITE_118,D,118,LEU,D,117,LEU,global sequence alignment (Biopython PairwiseAligner) + PDB residue lookup,516.5,mapped_global_sequence_alignment,False
BZD_SITE_119,D,119,LEU,D,118,LEU,global sequence alignment (Biopython PairwiseAligner) + PDB residue lookup,516.5,mapped_global_sequence_alignment,False
BZD_SITE_120,D,120,ARG,D,119,ARG,global sequence alignment (Biopython PairwiseAligner) + PDB residue lookup,516.5,mapped_global_sequence_alignment,False
BZD_SITE_121,D,121,ILE,D,120,ILE,global sequence alignment (Biopython PairwiseAligner) + PDB residue lookup,516.5,mapped_global_sequence_alignment,False
BZD_SITE_122,D,122,THR,D,121,GLN,global sequence alignment (Biopython PairwiseAligner) + PDB residue lookup,516.5,mapped_global_sequence_alignment,False
BZD_SITE_123,D,123,GLU,D,122,ASP,global sequence alignment (Biopython PairwiseAligner) + PDB residue lookup,516.5,mapped_global_sequence_alignment,False
BZD_SITE_124,D,124,ASP,D,123,ASP,global sequence alignment (Biopython PairwiseAligner) + PDB residue lookup,516.5,mapped_global_sequence_alignment,False
BZD_SITE_125,D,125,GLY,D,124,GLY,global sequence alignment (Biopython PairwiseAligner) + PDB residue lookup,516.5,mapped_global_sequence_alignment,False
BZD_SITE_126,D,126,THR,D,125,THR,global sequence alignment (Biopython PairwiseAligner) + PDB residue lookup,516.5,mapped_global_sequence_alignment,False
BZD_SITE_127,D,127,LEU,D,126,LEU,global sequence alignment (Biopython PairwiseAligner) + PDB residue lookup,516.5,mapped_global_sequence_alignment,False
BZD_SITE_128,D,128,LEU,D,127,LEU,global sequence alignment (Biopython PairwiseAligner) + PDB residue lookup,516.5,mapped_global_sequence_alignment,False
BZD_SITE_129,D,129,TYR,D,128,TYR,global sequence alignment (Biopython PairwiseAligner) + PDB residue lookup,516.5,mapped_global_sequence_alignment,False
BZD_SITE_130,D,130,THR,D,129,THR,global sequence alignment (Biopython PairwiseAligner) + PDB residue lookup,516.5,mapped_global_sequence_alignment,False
BZD_SITE_131,D,131,MET,D,130,MET,global sequence alignment (Biopython PairwiseAligner) + PDB residue lookup,516.5,mapped_global_sequence_alignment,False
BZD_SITE_132,D,132,ARG,D,131,ARG,global sequence alignment (Biopython PairwiseAligner) + PDB residue lookup,516.5,mapped_global_sequence_alignment,False
BZD_SITE_133,D,133,LEU,D,132,LEU,global sequence alignment (Biopython PairwiseAligner) + PDB residue lookup,516.5,mapped_global_sequence_alignment,False
BZD_SITE_134,D,134,THR,D,133,THR,global sequence alignment (Biopython PairwiseAligner) + PDB residue lookup,516.5,mapped_global_sequence_alignment,False
BZD_SITE_135,D,135,VAL,D,134,VAL,global sequence alignment (Biopython PairwiseAligner) + PDB residue lookup,516.5,mapped_global_sequence_alignment,False
BZD_SITE_136,D,136,ARG,D,135,GLN,global sequence alignment (Biopython PairwiseAligner) + PDB residue lookup,516.5,mapped_global_sequence_alignment,False
BZD_SITE_137,D,137,ALA,D,136,ALA,global sequence alignment (Biopython PairwiseAligner) + PDB residue lookup,516.5,mapped_global_sequence_alignment,False
BZD_SITE_138,D,138,GLU,D,137,GLU,global sequence alignment (Biopython PairwiseAligner) + PDB residue lookup,516.5,mapped_global_sequence_alignment,False
BZD_SITE_139,D,139,CYS,D,138,CYS,global sequence alignment (Biopython PairwiseAligner) + PDB residue lookup,516.5,mapped_global_sequence_alignment,False
BZD_SITE_140,D,140,PRO,D,139,PRO,global sequence alignment (Biopython PairwiseAligner) + PDB residue lookup,516.5,mapped_global_sequence_alignment,False
BZD_SITE_141,D,141,MET,D,140,MET,global sequence alignment (Biopython PairwiseAligner) + PDB residue lookup,516.5,mapped_global_sequence_alignment,False
BZD_SITE_142,D,142,HIS,D,141,HIS,global sequence alignment (Biopython PairwiseAligner) + PDB residue lookup,516.5,mapped_global_sequence_alignment,False
BZD_SITE_143,D,143,LEU,D,142,LEU,global sequence alignment (Biopython PairwiseAligner) + PDB residue lookup,516.5,mapped_global_sequence_alignment,False
BZD_SITE_144,D,144,GLU,D,143,GLU,global sequence alignment (Biopython PairwiseAligner) + PDB residue lookup,516.5,mapped_global_sequence_alignment,False
BZD_SITE_145,D,145,ASP,D,144,ASP,global sequence alignment (Biopython PairwiseAligner) + PDB residue lookup,516.5,mapped_global_sequence_alignment,False
BZD_SITE_146,D,146,PHE,D,145,PHE,global sequence alignment (Biopython PairwiseAligner) + PDB residue lookup,516.5,mapped_global_sequence_alignment,False
BZD_SITE_147,D,147,PRO,D,146,PRO,global sequence alignment (Biopython PairwiseAligner) + PDB residue lookup,516.5,mapped_global_sequence_alignment,False
BZD_SITE_148,D,148,MET,D,147,MET,global sequence alignment (Biopython PairwiseAligner) + PDB residue lookup,516.5,mapped_global_sequence_alignment,False
BZD_SITE_149,D,149,ASP,D,148,ASP,global sequence alignment (Biopython PairwiseAligner) + PDB residue lookup,516.5,mapped_global_sequence_alignment,False
BZD_SITE_150,D,150,ALA,D,149,ALA,global sequence alignment (Biopython PairwiseAligner) + PDB residue lookup,516.5,mapped_global_sequence_alignment,False
BZD_SITE_151,D,151,HIS,D,150,HIS,global sequence alignment (Biopython PairwiseAligner) + PDB residue lookup,516.5,mapped_global_sequence_alignment,False
BZD_SITE_152,D,152,ALA,D,151,SER,global sequence alignment (Biopython PairwiseAligner) + PDB residue lookup,516.5,mapped_global_sequence_alignment,False
BZD_SITE_153,D,153,CYS,D,152,CYS,global sequence alignment (Biopython PairwiseAligner) + PDB residue lookup,516.5,mapped_global_sequence_alignment,False
BZD_SITE_154,D,154,PRO,D,153,PRO,global sequence alignment (Biopython PairwiseAligner) + PDB residue lookup,516.5,mapped_global_sequence_alignment,False
BZD_SITE_155,D,155,LEU,D,154,LEU,global sequence alignment (Biopython PairwiseAligner) + PDB residue lookup,516.5,mapped_global_sequence_alignment,False
BZD_SITE_156,D,156,LYS,D,155,LYS,global sequence alignment (Biopython PairwiseAligner) + PDB residue lookup,516.5,mapped_global_sequence_alignment,False
BZD_SITE_157,D,157,PHE,D,156,PHE,global sequence alignment (Biopython PairwiseAligner) + PDB residue lookup,516.5,mapped_global_sequence_alignment,False
BZD_SITE_158,D,158,GLY,D,157,GLY,global sequence alignment (Biopython PairwiseAligner) + PDB residue lookup,516.5,mapped_global_sequence_alignment,False
BZD_SITE_159,D,159,SER,D,158,SER,global sequence alignment (Biopython PairwiseAligner) + PDB residue lookup,516.5,mapped_global_sequence_alignment,False
BZD_SITE_160,D,160,TYR,D,159,TYR,global sequence alignment (Biopython PairwiseAligner) + PDB residue lookup,516.5,mapped_global_sequence_alignment,False
BZD_SITE_161,D,161,ALA,D,160,ALA,global sequence alignment (Biopython PairwiseAligner) + PDB residue lookup,516.5,mapped_global_sequence_alignment,False
BZD_SITE_162,D,162,TYR,D,161,TYR,global sequence alignment (Biopython PairwiseAligner) + PDB residue lookup,516.5,mapped_global_sequence_alignment,False
BZD_SITE_163,D,163,THR,D,162,THR,global sequence alignment (Biopython PairwiseAligner) + PDB residue lookup,516.5,mapped_global_sequence_alignment,False
BZD_SITE_164,D,164,ARG,D,163,THR,global sequence alignment (Biopython PairwiseAligner) + PDB residue lookup,516.5,mapped_global_sequence_alignment,False
BZD_SITE_165,D,165,ALA,D,164,SER,global sequence alignment (Biopython PairwiseAligner) + PDB residue lookup,516.5,mapped_global_sequence_alignment,False
BZD_SITE_166,D,166,GLU,D,165,GLU,global sequence alignment (Biopython PairwiseAligner) + PDB residue lookup,516.5,mapped_global_sequence_alignment,False
BZD_SITE_167,D,167,VAL,D,166,VAL,global sequence alignment (Biopython PairwiseAligner) + PDB residue lookup,516.5,mapped_global_sequence_alignment,False
BZD_SITE_168,D,168,VAL,D,167,THR,global sequence alignment (Biopython PairwiseAligner) + PDB residue lookup,516.5,mapped_global_sequence_alignment,False
BZD_SITE_169,D,169,TYR,D,168,TYR,global sequence alignment (Biopython PairwiseAligner) + PDB residue lookup,516.5,mapped_global_sequence_alignment,False
BZD_SITE_170,D,170,GLU,D,169,ILE,global sequence alignment (Biopython PairwiseAligner) + PDB residue lookup,516.5,mapped_global_sequence_alignment,False
BZD_SITE_171,D,171,TRP,D,170,TRP,global sequence alignment (Biopython PairwiseAligner) + PDB residue lookup,516.5,mapped_global_sequence_alignment,False
BZD_SITE_172,D,172,THR,D,171,THR,global sequence alignment (Biopython PairwiseAligner) + PDB residue lookup,516.5,mapped_global_sequence_alignment,False
BZD_SITE_173,D,173,ARG,D,172,TYR,global sequence alignment (Biopython PairwiseAligner) + PDB residue lookup,516.5,mapped_global_sequence_alignment,False
BZD_SITE_174,D,174,GLU,D,173,ASN,global sequence alignment (Biopython PairwiseAligner) + PDB residue lookup,516.5,mapped_global_sequence_alignment,False
BZD_SITE_175,D,175,PRO,D,174,ALA,global sequence alignment (Biopython PairwiseAligner) + PDB residue lookup,516.5,mapped_global_sequence_alignment,False
BZD_SITE_176,D,176,ALA,D,175,SER,global sequence alignment (Biopython PairwiseAligner) + PDB residue lookup,516.5,mapped_global_sequence_alignment,False
BZD_SITE_177,D,177,ARG,D,176,ASP,global sequence alignment (Biopython PairwiseAligner) + PDB residue lookup,516.5,mapped_global_sequence_alignment,False
BZD_SITE_178,D,178,SER,D,177,SER,global sequence alignment (Biopython PairwiseAligner) + PDB residue lookup,516.5,mapped_global_sequence_alignment,False
BZD_SITE_179,D,179,VAL,D,178,VAL,global sequence alignment (Biopython PairwiseAligner) + PDB residue lookup,516.5,mapped_global_sequence_alignment,False
BZD_SITE_180,D,180,VAL,D,179,GLN,global sequence alignment (Biopython PairwiseAligner) + PDB residue lookup,516.5,mapped_global_sequence_alignment,False
BZD_SITE_181,D,181,VAL,D,180,VAL,global sequence alignment (Biopython PairwiseAligner) + PDB residue lookup,516.5,mapped_global_sequence_alignment,False
BZD_SITE_182,D,182,ALA,D,181,ALA,global sequence alignment (Biopython PairwiseAligner) + PDB residue lookup,516.5,mapped_global_sequence_alignment,False
BZD_SITE_183,D,183,GLU,D,182,PRO,global sequence alignment (Biopython PairwiseAligner) + PDB residue lookup,516.5,mapped_global_sequence_alignment,False
BZD_SITE_184,D,184,ASP,D,183,ASP,global sequence alignment (Biopython PairwiseAligner) + PDB residue lookup,516.5,mapped_global_sequence_alignment,False
BZD_SITE_185,D,185,GLY,D,184,GLY,global sequence alignment (Biopython PairwiseAligner) + PDB residue lookup,516.5,mapped_global_sequence_alignment,False
BZD_SITE_186,D,186,SER,D,185,SER,global sequence alignment (Biopython PairwiseAligner) + PDB residue lookup,516.5,mapped_global_sequence_alignment,False
BZD_SITE_187,D,187,ARG,D,186,ARG,global sequence alignment (Biopython PairwiseAligner) + PDB residue lookup,516.5,mapped_global_sequence_alignment,False
BZD_SITE_188,D,188,LEU,D,187,LEU,global sequence alignment (Biopython PairwiseAligner) + PDB residue lookup,516.5,mapped_global_sequence_alignment,False
BZD_SITE_189,D,189,ASN,D,188,ASN,global sequence alignment (Biopython PairwiseAligner) + PDB residue lookup,516.5,mapped_global_sequence_alignment,False
BZD_SITE_190,D,190,GLN,D,189,GLN,global sequence alignment (Biopython PairwiseAligner) + PDB residue lookup,516.5,mapped_global_sequence_alignment,False
BZD_SITE_191,D,191,TYR,D,190,TYR,global sequence alignment (Biopython PairwiseAligner) + PDB residue lookup,516.5,mapped_global_sequence_alignment,False
BZD_SITE_192,D,192,ASP,D,191,ASP,global sequence alignment (Biopython PairwiseAligner) + PDB residue lookup,516.5,mapped_global_sequence_alignment,False
BZD_SITE_193,D,193,LEU,D,192,LEU,global sequence alignment (Biopython PairwiseAligner) + PDB residue lookup,516.5,mapped_global_sequence_alignment,False
BZD_SITE_194,D,194,LEU,D,193,LEU,global sequence alignment (Biopython PairwiseAligner) + PDB residue lookup,516.5,mapped_global_sequence_alignment,False
BZD_SITE_195,D,195,GLY,D,194,GLY,global sequence alignment (Biopython PairwiseAligner) + PDB residue lookup,516.5,mapped_global_sequence_alignment,False
BZD_SITE_196,D,196,GLN,D,195,GLN,global sequence alignment (Biopython PairwiseAligner) + PDB residue lookup,516.5,mapped_global_sequence_alignment,False
BZD_SITE_197,D,197,THR,D,196,SER,global sequence alignment (Biopython PairwiseAligner) + PDB residue lookup,516.5,mapped_global_sequence_alignment,False
BZD_SITE_198,D,198,VAL,D,197,ILE,global sequence alignment (Biopython PairwiseAligner) + PDB residue lookup,516.5,mapped_global_sequence_alignment,False
BZD_SITE_199,D,199,ASP,D,198,GLY,global sequence alignment (Biopython PairwiseAligner) + PDB residue lookup,516.5,mapped_global_sequence_alignment,False
BZD_SITE_200,D,200,SER,D,199,LYS,global sequence alignment (Biopython PairwiseAligner) + PDB residue lookup,516.5,mapped_global_sequence_alignment,False
BZD_SITE_201,D,201,GLY,D,200,GLU,global sequence alignment (Biopython PairwiseAligner) + PDB residue lookup,516.5,mapped_global_sequence_alignment,False
BZD_SITE_202,D,202,ILE,D,201,THR,global sequence alignment (Biopython PairwiseAligner) + PDB residue lookup,516.5,mapped_global_sequence_alignment,False
BZD_SITE_203,D,203,VAL,D,202,ILE,global sequence alignment (Biopython PairwiseAligner) + PDB residue lookup,516.5,mapped_global_sequence_alignment,False
BZD_SITE_204,D,204,GLN,D,203,LYS,global sequence alignment (Biopython PairwiseAligner) + PDB residue lookup,516.5,mapped_global_sequence_alignment,False
BZD_SITE_205,D,205,SER,D,204,SER,global sequence alignment (Biopython PairwiseAligner) + PDB residue lookup,516.5,mapped_global_sequence_alignment,False
BZD_SITE_206,D,206,SER,D,205,SER,global sequence alignment (Biopython PairwiseAligner) + PDB residue lookup,516.5,mapped_global_sequence_alignment,False
BZD_SITE_207,D,207,THR,D,206,THR,global sequence alignment (Biopython PairwiseAligner) + PDB residue lookup,516.5,mapped_global_sequence_alignment,False
BZD_SITE_208,D,208,GLY,D,207,GLY,global sequence alignment (Biopython PairwiseAligner) + PDB residue lookup,516.5,mapped_global_sequence_alignment,False
BZD_SITE_209,D,209,GLU,D,208,GLU,global sequence alignment (Biopython PairwiseAligner) + PDB residue lookup,516.5,mapped_global_sequence_alignment,False
BZD_SITE_210,D,210,TYR,D,209,TYR,global sequence alignment (Biopython PairwiseAligner) + PDB residue lookup,516.5,mapped_global_sequence_alignment,False
BZD_SITE_211,D,211,VAL,D,210,THR,global sequence alignment (Biopython PairwiseAligner) + PDB residue lookup,516.5,mapped_global_sequence_alignment,False
BZD_SITE_212,D,212,VAL,D,211,VAL,global sequence alignment (Biopython PairwiseAligner) + PDB residue lookup,516.5,mapped_global_sequence_alignment,False
BZD_SITE_213,D,213,MET,D,212,MET,global sequence alignment (Biopython PairwiseAligner) + PDB residue lookup,516.5,mapped_global_sequence_alignment,False
BZD_SITE_214,D,214,THR,D,213,THR,global sequence alignment (Biopython PairwiseAligner) + PDB residue lookup,516.5,mapped_global_sequence_alignment,False
BZD_SITE_215,D,215,THR,D,214,ALA,global sequence alignment (Biopython PairwiseAligner) + PDB residue lookup,516.5,mapped_global_sequence_alignment,False
BZD_SITE_216,D,216,HIS,D,215,HIS,global sequence alignment (Biopython PairwiseAligner) + PDB residue lookup,516.5,mapped_global_sequence_alignment,False
BZD_SITE_217,D,217,PHE,D,216,PHE,global sequence alignment (Biopython PairwiseAligner) + PDB residue lookup,516.5,mapped_global_sequence_alignment,False
BZD_SITE_218,D,218,HIS,D,217,HIS,global sequence alignment (Biopython PairwiseAligner) + PDB residue lookup,516.5,mapped_global_sequence_alignment,False
BZD_SITE_219,D,219,LEU,D,218,LEU,global sequence alignment (Biopython PairwiseAligner) + PDB residue lookup,516.5,mapped_global_sequence_alignment,False
BZD_SITE_220,D,220,LYS,D,219,LYS,global sequence alignment (Biopython PairwiseAligner) + PDB residue lookup,516.5,mapped_global_sequence_alignment,False
