drug,phenotype_axis,assay_name,species,strain,sex,administration_route,dose,dose_unit,observation_time,outcome_name,raw_value,raw_unit,control_value,sample_size,error_value,error_type,study_id,doi,pmid,source_url,source_table_figure,extraction_method,evidence_quality,notes,vehicle,co_treatment,acute_chronic,original_record,reported_direction,result_available,evidence_id,value,normalization_formula,block_key,tier,tier_reason,primary_eligible,alpha1|BZD_GAMMA2_056|ASP|any_contact_frequency,alpha1|BZD_GAMMA2_058|TYR|any_contact_frequency,alpha1|BZD_GAMMA2_060|ASN|any_contact_frequency,alpha1|BZD_GAMMA2_077|PHE|any_contact_frequency,alpha1|BZD_GAMMA2_079|ALA|any_contact_frequency,alpha1|BZD_GAMMA2_142|THR|any_contact_frequency,alpha1|BZD_GAMMA2_189|GLU|any_contact_frequency,alpha1|BZD_GAMMA2_192|ASP|any_contact_frequency,alpha1|BZD_GAMMA2_195|SER|any_contact_frequency,alpha1|BZD_SITE_100|PHE|any_contact_frequency,alpha1|BZD_SITE_102|HIS|any_contact_frequency,alpha1|BZD_SITE_103|ASN|any_contact_frequency,alpha1|BZD_SITE_138|GLU|any_contact_frequency,alpha1|BZD_SITE_156|LYS|any_contact_frequency,alpha1|BZD_SITE_160|TYR|any_contact_frequency,alpha1|BZD_SITE_203|VAL|any_contact_frequency,alpha1|BZD_SITE_204|GLN|any_contact_frequency,alpha1|BZD_SITE_205|SER|any_contact_frequency,alpha1|BZD_SITE_206|SER|any_contact_frequency,alpha1|BZD_SITE_207|THR|any_contact_frequency,alpha1|BZD_SITE_210|TYR|any_contact_frequency,alpha2|BZD_GAMMA2_056|ASP|any_contact_frequency,alpha2|BZD_GAMMA2_058|TYR|any_contact_frequency,alpha2|BZD_GAMMA2_059|VAL|any_contact_frequency,alpha2|BZD_GAMMA2_060|ASN|any_contact_frequency,alpha2|BZD_GAMMA2_061|SER|any_contact_frequency,alpha2|BZD_GAMMA2_075|ASP|any_contact_frequency,alpha2|BZD_GAMMA2_077|PHE|any_contact_frequency,alpha2|BZD_GAMMA2_079|ALA|any_contact_frequency,alpha2|BZD_GAMMA2_142|THR|any_contact_frequency,alpha2|BZD_GAMMA2_144|ARG|any_contact_frequency,alpha2|BZD_GAMMA2_192|ASP|any_contact_frequency,alpha2|BZD_GAMMA2_195|SER|any_contact_frequency,alpha2|BZD_GAMMA2_196|TRP|any_contact_frequency,alpha2|BZD_SITE_100|PHE|any_contact_frequency,alpha2|BZD_SITE_102|HIS|any_contact_frequency,alpha2|BZD_SITE_103|ASN|any_contact_frequency,alpha2|BZD_SITE_138|GLU|any_contact_frequency,alpha2|BZD_SITE_154|PRO|any_contact_frequency,alpha2|BZD_SITE_156|LYS|any_contact_frequency,alpha2|BZD_SITE_160|TYR|any_contact_frequency,alpha2|BZD_SITE_201|GLU|any_contact_frequency,alpha2|BZD_SITE_203|ILE|any_contact_frequency,alpha2|BZD_SITE_204|LYS|any_contact_frequency,alpha2|BZD_SITE_206|SER|any_contact_frequency,alpha2|BZD_SITE_207|THR|any_contact_frequency,alpha2|BZD_SITE_210|TYR|any_contact_frequency,alpha2|BZD_SITE_212|VAL|any_contact_frequency
diazepam,P1,rotarod,mouse,ICR,male,oral,2.0,mg/kg,15.0,positive_or_fallen_mice,1.0,positive_mice_count,0.0,10.0,NA,archived_sd_unverified,Nishino2008,10.1254/jphs.08107FP,18603828,https://www.jstage.jst.go.jp/article/jphs/107/3/107_08107FP/_pdf,Table 1 p353; methods p349-350,archived extraction; source audit retained,exact_table_checked,Raw positive-count transcription; dose and time are not pooled across drugs.,0.5% CMC sodium,none,acute,archived_mouse_phenotype.csv:2,motor_impairment,True,Y0001,0.1,positive_count / sample_size,Nishino2008|rotarod|mouse|ICR|male|oral|2.0|mg/kg|15.0|positive_or_fallen_mice|0.5% CMC sodium|none|acute,1,same fully recorded study/assay/dose/time/route/vehicle; two drugs,True,0.0,0.9111111111111112,0.0,0.8888888888888888,0.0,0.0222222222222222,0.0888888888888888,0.0,0.0,0.3111111111111111,0.0666666666666666,0.0444444444444444,0.0,0.1555555555555555,0.2444444444444444,0.5111111111111111,0.0222222222222222,0.1777777777777777,0.0,0.1333333333333333,0.2222222222222222,0.0,0.4666666666666667,0.0222222222222222,0.0888888888888888,0.0666666666666666,0.0444444444444444,0.9777777777777776,0.0,0.0,0.0,0.0444444444444444,0.0,0.0,0.3555555555555555,0.3333333333333333,0.1333333333333333,0.0,0.0,0.0666666666666666,0.1111111111111111,0.0,0.5111111111111111,0.0,0.0,0.0,0.1111111111111111,0.0
diazepam,P1,rotarod,mouse,ICR,male,oral,2.0,mg/kg,30.0,positive_or_fallen_mice,3.0,positive_mice_count,0.0,10.0,NA,archived_sd_unverified,Nishino2008,10.1254/jphs.08107FP,18603828,https://www.jstage.jst.go.jp/article/jphs/107/3/107_08107FP/_pdf,Table 1 p353; methods p349-350,archived extraction; source audit retained,exact_table_checked,Raw positive-count transcription; dose and time are not pooled across drugs.,0.5% CMC sodium,none,acute,archived_mouse_phenotype.csv:3,motor_impairment,True,Y0002,0.3,positive_count / sample_size,Nishino2008|rotarod|mouse|ICR|male|oral|2.0|mg/kg|30.0|positive_or_fallen_mice|0.5% CMC sodium|none|acute,1,same fully recorded study/assay/dose/time/route/vehicle; two drugs,True,0.0,0.9111111111111112,0.0,0.8888888888888888,0.0,0.0222222222222222,0.0888888888888888,0.0,0.0,0.3111111111111111,0.0666666666666666,0.0444444444444444,0.0,0.1555555555555555,0.2444444444444444,0.5111111111111111,0.0222222222222222,0.1777777777777777,0.0,0.1333333333333333,0.2222222222222222,0.0,0.4666666666666667,0.0222222222222222,0.0888888888888888,0.0666666666666666,0.0444444444444444,0.9777777777777776,0.0,0.0,0.0,0.0444444444444444,0.0,0.0,0.3555555555555555,0.3333333333333333,0.1333333333333333,0.0,0.0,0.0666666666666666,0.1111111111111111,0.0,0.5111111111111111,0.0,0.0,0.0,0.1111111111111111,0.0
diazepam,P1,rotarod,mouse,ICR,male,oral,2.0,mg/kg,60.0,positive_or_fallen_mice,4.0,positive_mice_count,0.0,10.0,NA,archived_sd_unverified,Nishino2008,10.1254/jphs.08107FP,18603828,https://www.jstage.jst.go.jp/article/jphs/107/3/107_08107FP/_pdf,Table 1 p353; methods p349-350,archived extraction; source audit retained,exact_table_checked,Raw positive-count transcription; dose and time are not pooled across drugs.,0.5% CMC sodium,none,acute,archived_mouse_phenotype.csv:4,motor_impairment,True,Y0003,0.4,positive_count / sample_size,Nishino2008|rotarod|mouse|ICR|male|oral|2.0|mg/kg|60.0|positive_or_fallen_mice|0.5% CMC sodium|none|acute,1,same fully recorded study/assay/dose/time/route/vehicle; two drugs,True,0.0,0.9111111111111112,0.0,0.8888888888888888,0.0,0.0222222222222222,0.0888888888888888,0.0,0.0,0.3111111111111111,0.0666666666666666,0.0444444444444444,0.0,0.1555555555555555,0.2444444444444444,0.5111111111111111,0.0222222222222222,0.1777777777777777,0.0,0.1333333333333333,0.2222222222222222,0.0,0.4666666666666667,0.0222222222222222,0.0888888888888888,0.0666666666666666,0.0444444444444444,0.9777777777777776,0.0,0.0,0.0,0.0444444444444444,0.0,0.0,0.3555555555555555,0.3333333333333333,0.1333333333333333,0.0,0.0,0.0666666666666666,0.1111111111111111,0.0,0.5111111111111111,0.0,0.0,0.0,0.1111111111111111,0.0
diazepam,P1,rotarod,mouse,ICR,male,oral,2.0,mg/kg,90.0,positive_or_fallen_mice,3.0,positive_mice_count,0.0,10.0,NA,archived_sd_unverified,Nishino2008,10.1254/jphs.08107FP,18603828,https://www.jstage.jst.go.jp/article/jphs/107/3/107_08107FP/_pdf,Table 1 p353; methods p349-350,archived extraction; source audit retained,exact_table_checked,Raw positive-count transcription; dose and time are not pooled across drugs.,0.5% CMC sodium,none,acute,archived_mouse_phenotype.csv:5,motor_impairment,True,Y0004,0.3,positive_count / sample_size,Nishino2008|rotarod|mouse|ICR|male|oral|2.0|mg/kg|90.0|positive_or_fallen_mice|0.5% CMC sodium|none|acute,1,same fully recorded study/assay/dose/time/route/vehicle; two drugs,True,0.0,0.9111111111111112,0.0,0.8888888888888888,0.0,0.0222222222222222,0.0888888888888888,0.0,0.0,0.3111111111111111,0.0666666666666666,0.0444444444444444,0.0,0.1555555555555555,0.2444444444444444,0.5111111111111111,0.0222222222222222,0.1777777777777777,0.0,0.1333333333333333,0.2222222222222222,0.0,0.4666666666666667,0.0222222222222222,0.0888888888888888,0.0666666666666666,0.0444444444444444,0.9777777777777776,0.0,0.0,0.0,0.0444444444444444,0.0,0.0,0.3555555555555555,0.3333333333333333,0.1333333333333333,0.0,0.0,0.0666666666666666,0.1111111111111111,0.0,0.5111111111111111,0.0,0.0,0.0,0.1111111111111111,0.0
diazepam,P1,rotarod,mouse,ICR,male,oral,5.0,mg/kg,15.0,positive_or_fallen_mice,2.0,positive_mice_count,0.0,10.0,NA,archived_sd_unverified,Nishino2008,10.1254/jphs.08107FP,18603828,https://www.jstage.jst.go.jp/article/jphs/107/3/107_08107FP/_pdf,Table 1 p353; methods p349-350,archived extraction; source audit retained,exact_table_checked,Raw positive-count transcription; dose and time are not pooled across drugs.,0.5% CMC sodium,none,acute,archived_mouse_phenotype.csv:6,motor_impairment,True,Y0005,0.2,positive_count / sample_size,Nishino2008|rotarod|mouse|ICR|male|oral|5.0|mg/kg|15.0|positive_or_fallen_mice|0.5% CMC sodium|none|acute,1,same fully recorded study/assay/dose/time/route/vehicle; two drugs,True,0.0,0.9111111111111112,0.0,0.8888888888888888,0.0,0.0222222222222222,0.0888888888888888,0.0,0.0,0.3111111111111111,0.0666666666666666,0.0444444444444444,0.0,0.1555555555555555,0.2444444444444444,0.5111111111111111,0.0222222222222222,0.1777777777777777,0.0,0.1333333333333333,0.2222222222222222,0.0,0.4666666666666667,0.0222222222222222,0.0888888888888888,0.0666666666666666,0.0444444444444444,0.9777777777777776,0.0,0.0,0.0,0.0444444444444444,0.0,0.0,0.3555555555555555,0.3333333333333333,0.1333333333333333,0.0,0.0,0.0666666666666666,0.1111111111111111,0.0,0.5111111111111111,0.0,0.0,0.0,0.1111111111111111,0.0
diazepam,P1,rotarod,mouse,ICR,male,oral,5.0,mg/kg,30.0,positive_or_fallen_mice,4.0,positive_mice_count,0.0,10.0,NA,archived_sd_unverified,Nishino2008,10.1254/jphs.08107FP,18603828,https://www.jstage.jst.go.jp/article/jphs/107/3/107_08107FP/_pdf,Table 1 p353; methods p349-350,archived extraction; source audit retained,exact_table_checked,Raw positive-count transcription; dose and time are not pooled across drugs.,0.5% CMC sodium,none,acute,archived_mouse_phenotype.csv:7,motor_impairment,True,Y0006,0.4,positive_count / sample_size,Nishino2008|rotarod|mouse|ICR|male|oral|5.0|mg/kg|30.0|positive_or_fallen_mice|0.5% CMC sodium|none|acute,1,same fully recorded study/assay/dose/time/route/vehicle; two drugs,True,0.0,0.9111111111111112,0.0,0.8888888888888888,0.0,0.0222222222222222,0.0888888888888888,0.0,0.0,0.3111111111111111,0.0666666666666666,0.0444444444444444,0.0,0.1555555555555555,0.2444444444444444,0.5111111111111111,0.0222222222222222,0.1777777777777777,0.0,0.1333333333333333,0.2222222222222222,0.0,0.4666666666666667,0.0222222222222222,0.0888888888888888,0.0666666666666666,0.0444444444444444,0.9777777777777776,0.0,0.0,0.0,0.0444444444444444,0.0,0.0,0.3555555555555555,0.3333333333333333,0.1333333333333333,0.0,0.0,0.0666666666666666,0.1111111111111111,0.0,0.5111111111111111,0.0,0.0,0.0,0.1111111111111111,0.0
diazepam,P1,rotarod,mouse,ICR,male,oral,5.0,mg/kg,60.0,positive_or_fallen_mice,5.0,positive_mice_count,0.0,10.0,NA,archived_sd_unverified,Nishino2008,10.1254/jphs.08107FP,18603828,https://www.jstage.jst.go.jp/article/jphs/107/3/107_08107FP/_pdf,Table 1 p353; methods p349-350,archived extraction; source audit retained,exact_table_checked,Raw positive-count transcription; dose and time are not pooled across drugs.,0.5% CMC sodium,none,acute,archived_mouse_phenotype.csv:8,motor_impairment,True,Y0007,0.5,positive_count / sample_size,Nishino2008|rotarod|mouse|ICR|male|oral|5.0|mg/kg|60.0|positive_or_fallen_mice|0.5% CMC sodium|none|acute,1,same fully recorded study/assay/dose/time/route/vehicle; two drugs,True,0.0,0.9111111111111112,0.0,0.8888888888888888,0.0,0.0222222222222222,0.0888888888888888,0.0,0.0,0.3111111111111111,0.0666666666666666,0.0444444444444444,0.0,0.1555555555555555,0.2444444444444444,0.5111111111111111,0.0222222222222222,0.1777777777777777,0.0,0.1333333333333333,0.2222222222222222,0.0,0.4666666666666667,0.0222222222222222,0.0888888888888888,0.0666666666666666,0.0444444444444444,0.9777777777777776,0.0,0.0,0.0,0.0444444444444444,0.0,0.0,0.3555555555555555,0.3333333333333333,0.1333333333333333,0.0,0.0,0.0666666666666666,0.1111111111111111,0.0,0.5111111111111111,0.0,0.0,0.0,0.1111111111111111,0.0
diazepam,P1,rotarod,mouse,ICR,male,oral,5.0,mg/kg,90.0,positive_or_fallen_mice,4.0,positive_mice_count,0.0,10.0,NA,archived_sd_unverified,Nishino2008,10.1254/jphs.08107FP,18603828,https://www.jstage.jst.go.jp/article/jphs/107/3/107_08107FP/_pdf,Table 1 p353; methods p349-350,archived extraction; source audit retained,exact_table_checked,Raw positive-count transcription; dose and time are not pooled across drugs.,0.5% CMC sodium,none,acute,archived_mouse_phenotype.csv:9,motor_impairment,True,Y0008,0.4,positive_count / sample_size,Nishino2008|rotarod|mouse|ICR|male|oral|5.0|mg/kg|90.0|positive_or_fallen_mice|0.5% CMC sodium|none|acute,1,same fully recorded study/assay/dose/time/route/vehicle; two drugs,True,0.0,0.9111111111111112,0.0,0.8888888888888888,0.0,0.0222222222222222,0.0888888888888888,0.0,0.0,0.3111111111111111,0.0666666666666666,0.0444444444444444,0.0,0.1555555555555555,0.2444444444444444,0.5111111111111111,0.0222222222222222,0.1777777777777777,0.0,0.1333333333333333,0.2222222222222222,0.0,0.4666666666666667,0.0222222222222222,0.0888888888888888,0.0666666666666666,0.0444444444444444,0.9777777777777776,0.0,0.0,0.0,0.0444444444444444,0.0,0.0,0.3555555555555555,0.3333333333333333,0.1333333333333333,0.0,0.0,0.0666666666666666,0.1111111111111111,0.0,0.5111111111111111,0.0,0.0,0.0,0.1111111111111111,0.0
diazepam,P1,rotarod,mouse,ICR,male,oral,10.0,mg/kg,15.0,positive_or_fallen_mice,4.0,positive_mice_count,0.0,10.0,NA,archived_sd_unverified,Nishino2008,10.1254/jphs.08107FP,18603828,https://www.jstage.jst.go.jp/article/jphs/107/3/107_08107FP/_pdf,Table 1 p353; methods p349-350,archived extraction; source audit retained,exact_table_checked,Raw positive-count transcription; dose and time are not pooled across drugs.,0.5% CMC sodium,none,acute,archived_mouse_phenotype.csv:10,motor_impairment,True,Y0009,0.4,positive_count / sample_size,Nishino2008|rotarod|mouse|ICR|male|oral|10.0|mg/kg|15.0|positive_or_fallen_mice|0.5% CMC sodium|none|acute,2,numeric but unmatched dose/vehicle/age/study or single panel drug,False,0.0,0.9111111111111112,0.0,0.8888888888888888,0.0,0.0222222222222222,0.0888888888888888,0.0,0.0,0.3111111111111111,0.0666666666666666,0.0444444444444444,0.0,0.1555555555555555,0.2444444444444444,0.5111111111111111,0.0222222222222222,0.1777777777777777,0.0,0.1333333333333333,0.2222222222222222,0.0,0.4666666666666667,0.0222222222222222,0.0888888888888888,0.0666666666666666,0.0444444444444444,0.9777777777777776,0.0,0.0,0.0,0.0444444444444444,0.0,0.0,0.3555555555555555,0.3333333333333333,0.1333333333333333,0.0,0.0,0.0666666666666666,0.1111111111111111,0.0,0.5111111111111111,0.0,0.0,0.0,0.1111111111111111,0.0
diazepam,P1,rotarod,mouse,ICR,male,oral,10.0,mg/kg,30.0,positive_or_fallen_mice,7.0,positive_mice_count,0.0,10.0,NA,archived_sd_unverified,Nishino2008,10.1254/jphs.08107FP,18603828,https://www.jstage.jst.go.jp/article/jphs/107/3/107_08107FP/_pdf,Table 1 p353; methods p349-350,archived extraction; source audit retained,exact_table_checked,Raw positive-count transcription; dose and time are not pooled across drugs.,0.5% CMC sodium,none,acute,archived_mouse_phenotype.csv:11,motor_impairment,True,Y0010,0.7,positive_count / sample_size,Nishino2008|rotarod|mouse|ICR|male|oral|10.0|mg/kg|30.0|positive_or_fallen_mice|0.5% CMC sodium|none|acute,2,numeric but unmatched dose/vehicle/age/study or single panel drug,False,0.0,0.9111111111111112,0.0,0.8888888888888888,0.0,0.0222222222222222,0.0888888888888888,0.0,0.0,0.3111111111111111,0.0666666666666666,0.0444444444444444,0.0,0.1555555555555555,0.2444444444444444,0.5111111111111111,0.0222222222222222,0.1777777777777777,0.0,0.1333333333333333,0.2222222222222222,0.0,0.4666666666666667,0.0222222222222222,0.0888888888888888,0.0666666666666666,0.0444444444444444,0.9777777777777776,0.0,0.0,0.0,0.0444444444444444,0.0,0.0,0.3555555555555555,0.3333333333333333,0.1333333333333333,0.0,0.0,0.0666666666666666,0.1111111111111111,0.0,0.5111111111111111,0.0,0.0,0.0,0.1111111111111111,0.0
diazepam,P1,rotarod,mouse,ICR,male,oral,10.0,mg/kg,60.0,positive_or_fallen_mice,9.0,positive_mice_count,0.0,10.0,NA,archived_sd_unverified,Nishino2008,10.1254/jphs.08107FP,18603828,https://www.jstage.jst.go.jp/article/jphs/107/3/107_08107FP/_pdf,Table 1 p353; methods p349-350,archived extraction; source audit retained,exact_table_checked,Raw positive-count transcription; dose and time are not pooled across drugs.,0.5% CMC sodium,none,acute,archived_mouse_phenotype.csv:12,motor_impairment,True,Y0011,0.9,positive_count / sample_size,Nishino2008|rotarod|mouse|ICR|male|oral|10.0|mg/kg|60.0|positive_or_fallen_mice|0.5% CMC sodium|none|acute,2,numeric but unmatched dose/vehicle/age/study or single panel drug,False,0.0,0.9111111111111112,0.0,0.8888888888888888,0.0,0.0222222222222222,0.0888888888888888,0.0,0.0,0.3111111111111111,0.0666666666666666,0.0444444444444444,0.0,0.1555555555555555,0.2444444444444444,0.5111111111111111,0.0222222222222222,0.1777777777777777,0.0,0.1333333333333333,0.2222222222222222,0.0,0.4666666666666667,0.0222222222222222,0.0888888888888888,0.0666666666666666,0.0444444444444444,0.9777777777777776,0.0,0.0,0.0,0.0444444444444444,0.0,0.0,0.3555555555555555,0.3333333333333333,0.1333333333333333,0.0,0.0,0.0666666666666666,0.1111111111111111,0.0,0.5111111111111111,0.0,0.0,0.0,0.1111111111111111,0.0
diazepam,P1,rotarod,mouse,ICR,male,oral,10.0,mg/kg,90.0,positive_or_fallen_mice,8.0,positive_mice_count,0.0,10.0,NA,archived_sd_unverified,Nishino2008,10.1254/jphs.08107FP,18603828,https://www.jstage.jst.go.jp/article/jphs/107/3/107_08107FP/_pdf,Table 1 p353; methods p349-350,archived extraction; source audit retained,exact_table_checked,Raw positive-count transcription; dose and time are not pooled across drugs.,0.5% CMC sodium,none,acute,archived_mouse_phenotype.csv:13,motor_impairment,True,Y0012,0.8,positive_count / sample_size,Nishino2008|rotarod|mouse|ICR|male|oral|10.0|mg/kg|90.0|positive_or_fallen_mice|0.5% CMC sodium|none|acute,2,numeric but unmatched dose/vehicle/age/study or single panel drug,False,0.0,0.9111111111111112,0.0,0.8888888888888888,0.0,0.0222222222222222,0.0888888888888888,0.0,0.0,0.3111111111111111,0.0666666666666666,0.0444444444444444,0.0,0.1555555555555555,0.2444444444444444,0.5111111111111111,0.0222222222222222,0.1777777777777777,0.0,0.1333333333333333,0.2222222222222222,0.0,0.4666666666666667,0.0222222222222222,0.0888888888888888,0.0666666666666666,0.0444444444444444,0.9777777777777776,0.0,0.0,0.0,0.0444444444444444,0.0,0.0,0.3555555555555555,0.3333333333333333,0.1333333333333333,0.0,0.0,0.0666666666666666,0.1111111111111111,0.0,0.5111111111111111,0.0,0.0,0.0,0.1111111111111111,0.0
diazepam,P1,rotarod,mouse,ICR,male,oral,20.0,mg/kg,15.0,positive_or_fallen_mice,9.0,positive_mice_count,0.0,10.0,NA,archived_sd_unverified,Nishino2008,10.1254/jphs.08107FP,18603828,https://www.jstage.jst.go.jp/article/jphs/107/3/107_08107FP/_pdf,Table 1 p353; methods p349-350,archived extraction; source audit retained,exact_table_checked,Raw positive-count transcription; dose and time are not pooled across drugs.,0.5% CMC sodium,none,acute,archived_mouse_phenotype.csv:14,motor_impairment,True,Y0013,0.9,positive_count / sample_size,Nishino2008|rotarod|mouse|ICR|male|oral|20.0|mg/kg|15.0|positive_or_fallen_mice|0.5% CMC sodium|none|acute,2,numeric but unmatched dose/vehicle/age/study or single panel drug,False,0.0,0.9111111111111112,0.0,0.8888888888888888,0.0,0.0222222222222222,0.0888888888888888,0.0,0.0,0.3111111111111111,0.0666666666666666,0.0444444444444444,0.0,0.1555555555555555,0.2444444444444444,0.5111111111111111,0.0222222222222222,0.1777777777777777,0.0,0.1333333333333333,0.2222222222222222,0.0,0.4666666666666667,0.0222222222222222,0.0888888888888888,0.0666666666666666,0.0444444444444444,0.9777777777777776,0.0,0.0,0.0,0.0444444444444444,0.0,0.0,0.3555555555555555,0.3333333333333333,0.1333333333333333,0.0,0.0,0.0666666666666666,0.1111111111111111,0.0,0.5111111111111111,0.0,0.0,0.0,0.1111111111111111,0.0
diazepam,P1,rotarod,mouse,ICR,male,oral,20.0,mg/kg,30.0,positive_or_fallen_mice,10.0,positive_mice_count,0.0,10.0,NA,archived_sd_unverified,Nishino2008,10.1254/jphs.08107FP,18603828,https://www.jstage.jst.go.jp/article/jphs/107/3/107_08107FP/_pdf,Table 1 p353; methods p349-350,archived extraction; source audit retained,exact_table_checked,Raw positive-count transcription; dose and time are not pooled across drugs.,0.5% CMC sodium,none,acute,archived_mouse_phenotype.csv:15,motor_impairment,True,Y0014,1.0,positive_count / sample_size,Nishino2008|rotarod|mouse|ICR|male|oral|20.0|mg/kg|30.0|positive_or_fallen_mice|0.5% CMC sodium|none|acute,2,numeric but unmatched dose/vehicle/age/study or single panel drug,False,0.0,0.9111111111111112,0.0,0.8888888888888888,0.0,0.0222222222222222,0.0888888888888888,0.0,0.0,0.3111111111111111,0.0666666666666666,0.0444444444444444,0.0,0.1555555555555555,0.2444444444444444,0.5111111111111111,0.0222222222222222,0.1777777777777777,0.0,0.1333333333333333,0.2222222222222222,0.0,0.4666666666666667,0.0222222222222222,0.0888888888888888,0.0666666666666666,0.0444444444444444,0.9777777777777776,0.0,0.0,0.0,0.0444444444444444,0.0,0.0,0.3555555555555555,0.3333333333333333,0.1333333333333333,0.0,0.0,0.0666666666666666,0.1111111111111111,0.0,0.5111111111111111,0.0,0.0,0.0,0.1111111111111111,0.0
diazepam,P1,rotarod,mouse,ICR,male,oral,20.0,mg/kg,60.0,positive_or_fallen_mice,10.0,positive_mice_count,0.0,10.0,NA,archived_sd_unverified,Nishino2008,10.1254/jphs.08107FP,18603828,https://www.jstage.jst.go.jp/article/jphs/107/3/107_08107FP/_pdf,Table 1 p353; methods p349-350,archived extraction; source audit retained,exact_table_checked,Raw positive-count transcription; dose and time are not pooled across drugs.,0.5% CMC sodium,none,acute,archived_mouse_phenotype.csv:16,motor_impairment,True,Y0015,1.0,positive_count / sample_size,Nishino2008|rotarod|mouse|ICR|male|oral|20.0|mg/kg|60.0|positive_or_fallen_mice|0.5% CMC sodium|none|acute,2,numeric but unmatched dose/vehicle/age/study or single panel drug,False,0.0,0.9111111111111112,0.0,0.8888888888888888,0.0,0.0222222222222222,0.0888888888888888,0.0,0.0,0.3111111111111111,0.0666666666666666,0.0444444444444444,0.0,0.1555555555555555,0.2444444444444444,0.5111111111111111,0.0222222222222222,0.1777777777777777,0.0,0.1333333333333333,0.2222222222222222,0.0,0.4666666666666667,0.0222222222222222,0.0888888888888888,0.0666666666666666,0.0444444444444444,0.9777777777777776,0.0,0.0,0.0,0.0444444444444444,0.0,0.0,0.3555555555555555,0.3333333333333333,0.1333333333333333,0.0,0.0,0.0666666666666666,0.1111111111111111,0.0,0.5111111111111111,0.0,0.0,0.0,0.1111111111111111,0.0
diazepam,P1,rotarod,mouse,ICR,male,oral,20.0,mg/kg,90.0,positive_or_fallen_mice,9.0,positive_mice_count,0.0,10.0,NA,archived_sd_unverified,Nishino2008,10.1254/jphs.08107FP,18603828,https://www.jstage.jst.go.jp/article/jphs/107/3/107_08107FP/_pdf,Table 1 p353; methods p349-350,archived extraction; source audit retained,exact_table_checked,Raw positive-count transcription; dose and time are not pooled across drugs.,0.5% CMC sodium,none,acute,archived_mouse_phenotype.csv:17,motor_impairment,True,Y0016,0.9,positive_count / sample_size,Nishino2008|rotarod|mouse|ICR|male|oral|20.0|mg/kg|90.0|positive_or_fallen_mice|0.5% CMC sodium|none|acute,2,numeric but unmatched dose/vehicle/age/study or single panel drug,False,0.0,0.9111111111111112,0.0,0.8888888888888888,0.0,0.0222222222222222,0.0888888888888888,0.0,0.0,0.3111111111111111,0.0666666666666666,0.0444444444444444,0.0,0.1555555555555555,0.2444444444444444,0.5111111111111111,0.0222222222222222,0.1777777777777777,0.0,0.1333333333333333,0.2222222222222222,0.0,0.4666666666666667,0.0222222222222222,0.0888888888888888,0.0666666666666666,0.0444444444444444,0.9777777777777776,0.0,0.0,0.0,0.0444444444444444,0.0,0.0,0.3555555555555555,0.3333333333333333,0.1333333333333333,0.0,0.0,0.0666666666666666,0.1111111111111111,0.0,0.5111111111111111,0.0,0.0,0.0,0.1111111111111111,0.0
triazolam,P1,rotarod,mouse,ICR,male,oral,0.5,mg/kg,15.0,positive_or_fallen_mice,2.0,positive_mice_count,0.0,10.0,NA,archived_sd_unverified,Nishino2008,10.1254/jphs.08107FP,18603828,https://www.jstage.jst.go.jp/article/jphs/107/3/107_08107FP/_pdf,Table 1 p353; methods p349-350,archived extraction; source audit retained,exact_table_checked,Raw positive-count transcription; dose and time are not pooled across drugs.,0.5% CMC sodium,none,acute,archived_mouse_phenotype.csv:18,motor_impairment,True,Y0017,0.2,positive_count / sample_size,Nishino2008|rotarod|mouse|ICR|male|oral|0.5|mg/kg|15.0|positive_or_fallen_mice|0.5% CMC sodium|none|acute,2,numeric but unmatched dose/vehicle/age/study or single panel drug,False,0.0,0.775,0.025,0.75,0.0,0.15,0.05,0.0,0.0,0.175,0.3,0.0,0.0,0.2,0.225,0.675,0.0,0.25,0.05,0.0,0.4,0.0,0.2888888888888888,0.0222222222222222,0.2888888888888888,0.0,0.0666666666666666,0.4444444444444444,0.0,0.0,0.0,0.0444444444444444,0.0444444444444444,0.0,0.1111111111111111,0.3111111111111111,0.3555555555555555,0.0,0.1111111111111111,0.3111111111111111,0.0,0.0,0.6,0.0666666666666666,0.0,0.0,0.0,0.0
triazolam,P1,rotarod,mouse,ICR,male,oral,0.5,mg/kg,30.0,positive_or_fallen_mice,3.0,positive_mice_count,0.0,10.0,NA,archived_sd_unverified,Nishino2008,10.1254/jphs.08107FP,18603828,https://www.jstage.jst.go.jp/article/jphs/107/3/107_08107FP/_pdf,Table 1 p353; methods p349-350,archived extraction; source audit retained,exact_table_checked,Raw positive-count transcription; dose and time are not pooled across drugs.,0.5% CMC sodium,none,acute,archived_mouse_phenotype.csv:19,motor_impairment,True,Y0018,0.3,positive_count / sample_size,Nishino2008|rotarod|mouse|ICR|male|oral|0.5|mg/kg|30.0|positive_or_fallen_mice|0.5% CMC sodium|none|acute,2,numeric but unmatched dose/vehicle/age/study or single panel drug,False,0.0,0.775,0.025,0.75,0.0,0.15,0.05,0.0,0.0,0.175,0.3,0.0,0.0,0.2,0.225,0.675,0.0,0.25,0.05,0.0,0.4,0.0,0.2888888888888888,0.0222222222222222,0.2888888888888888,0.0,0.0666666666666666,0.4444444444444444,0.0,0.0,0.0,0.0444444444444444,0.0444444444444444,0.0,0.1111111111111111,0.3111111111111111,0.3555555555555555,0.0,0.1111111111111111,0.3111111111111111,0.0,0.0,0.6,0.0666666666666666,0.0,0.0,0.0,0.0
triazolam,P1,rotarod,mouse,ICR,male,oral,0.5,mg/kg,60.0,positive_or_fallen_mice,3.0,positive_mice_count,0.0,10.0,NA,archived_sd_unverified,Nishino2008,10.1254/jphs.08107FP,18603828,https://www.jstage.jst.go.jp/article/jphs/107/3/107_08107FP/_pdf,Table 1 p353; methods p349-350,archived extraction; source audit retained,exact_table_checked,Raw positive-count transcription; dose and time are not pooled across drugs.,0.5% CMC sodium,none,acute,archived_mouse_phenotype.csv:20,motor_impairment,True,Y0019,0.3,positive_count / sample_size,Nishino2008|rotarod|mouse|ICR|male|oral|0.5|mg/kg|60.0|positive_or_fallen_mice|0.5% CMC sodium|none|acute,2,numeric but unmatched dose/vehicle/age/study or single panel drug,False,0.0,0.775,0.025,0.75,0.0,0.15,0.05,0.0,0.0,0.175,0.3,0.0,0.0,0.2,0.225,0.675,0.0,0.25,0.05,0.0,0.4,0.0,0.2888888888888888,0.0222222222222222,0.2888888888888888,0.0,0.0666666666666666,0.4444444444444444,0.0,0.0,0.0,0.0444444444444444,0.0444444444444444,0.0,0.1111111111111111,0.3111111111111111,0.3555555555555555,0.0,0.1111111111111111,0.3111111111111111,0.0,0.0,0.6,0.0666666666666666,0.0,0.0,0.0,0.0
triazolam,P1,rotarod,mouse,ICR,male,oral,0.5,mg/kg,90.0,positive_or_fallen_mice,9.0,positive_mice_count,0.0,10.0,NA,archived_sd_unverified,Nishino2008,10.1254/jphs.08107FP,18603828,https://www.jstage.jst.go.jp/article/jphs/107/3/107_08107FP/_pdf,Table 1 p353; methods p349-350,archived extraction; source audit retained,exact_table_checked,Raw positive-count transcription; dose and time are not pooled across drugs.,0.5% CMC sodium,none,acute,archived_mouse_phenotype.csv:21,motor_impairment,True,Y0020,0.9,positive_count / sample_size,Nishino2008|rotarod|mouse|ICR|male|oral|0.5|mg/kg|90.0|positive_or_fallen_mice|0.5% CMC sodium|none|acute,2,numeric but unmatched dose/vehicle/age/study or single panel drug,False,0.0,0.775,0.025,0.75,0.0,0.15,0.05,0.0,0.0,0.175,0.3,0.0,0.0,0.2,0.225,0.675,0.0,0.25,0.05,0.0,0.4,0.0,0.2888888888888888,0.0222222222222222,0.2888888888888888,0.0,0.0666666666666666,0.4444444444444444,0.0,0.0,0.0,0.0444444444444444,0.0444444444444444,0.0,0.1111111111111111,0.3111111111111111,0.3555555555555555,0.0,0.1111111111111111,0.3111111111111111,0.0,0.0,0.6,0.0666666666666666,0.0,0.0,0.0,0.0
triazolam,P1,rotarod,mouse,ICR,male,oral,1.0,mg/kg,15.0,positive_or_fallen_mice,3.0,positive_mice_count,0.0,10.0,NA,archived_sd_unverified,Nishino2008,10.1254/jphs.08107FP,18603828,https://www.jstage.jst.go.jp/article/jphs/107/3/107_08107FP/_pdf,Table 1 p353; methods p349-350,archived extraction; source audit retained,exact_table_checked,Raw positive-count transcription; dose and time are not pooled across drugs.,0.5% CMC sodium,none,acute,archived_mouse_phenotype.csv:22,motor_impairment,True,Y0021,0.3,positive_count / sample_size,Nishino2008|rotarod|mouse|ICR|male|oral|1.0|mg/kg|15.0|positive_or_fallen_mice|0.5% CMC sodium|none|acute,2,numeric but unmatched dose/vehicle/age/study or single panel drug,False,0.0,0.775,0.025,0.75,0.0,0.15,0.05,0.0,0.0,0.175,0.3,0.0,0.0,0.2,0.225,0.675,0.0,0.25,0.05,0.0,0.4,0.0,0.2888888888888888,0.0222222222222222,0.2888888888888888,0.0,0.0666666666666666,0.4444444444444444,0.0,0.0,0.0,0.0444444444444444,0.0444444444444444,0.0,0.1111111111111111,0.3111111111111111,0.3555555555555555,0.0,0.1111111111111111,0.3111111111111111,0.0,0.0,0.6,0.0666666666666666,0.0,0.0,0.0,0.0
triazolam,P1,rotarod,mouse,ICR,male,oral,1.0,mg/kg,30.0,positive_or_fallen_mice,4.0,positive_mice_count,0.0,10.0,NA,archived_sd_unverified,Nishino2008,10.1254/jphs.08107FP,18603828,https://www.jstage.jst.go.jp/article/jphs/107/3/107_08107FP/_pdf,Table 1 p353; methods p349-350,archived extraction; source audit retained,exact_table_checked,Raw positive-count transcription; dose and time are not pooled across drugs.,0.5% CMC sodium,none,acute,archived_mouse_phenotype.csv:23,motor_impairment,True,Y0022,0.4,positive_count / sample_size,Nishino2008|rotarod|mouse|ICR|male|oral|1.0|mg/kg|30.0|positive_or_fallen_mice|0.5% CMC sodium|none|acute,2,numeric but unmatched dose/vehicle/age/study or single panel drug,False,0.0,0.775,0.025,0.75,0.0,0.15,0.05,0.0,0.0,0.175,0.3,0.0,0.0,0.2,0.225,0.675,0.0,0.25,0.05,0.0,0.4,0.0,0.2888888888888888,0.0222222222222222,0.2888888888888888,0.0,0.0666666666666666,0.4444444444444444,0.0,0.0,0.0,0.0444444444444444,0.0444444444444444,0.0,0.1111111111111111,0.3111111111111111,0.3555555555555555,0.0,0.1111111111111111,0.3111111111111111,0.0,0.0,0.6,0.0666666666666666,0.0,0.0,0.0,0.0
triazolam,P1,rotarod,mouse,ICR,male,oral,1.0,mg/kg,60.0,positive_or_fallen_mice,4.0,positive_mice_count,0.0,10.0,NA,archived_sd_unverified,Nishino2008,10.1254/jphs.08107FP,18603828,https://www.jstage.jst.go.jp/article/jphs/107/3/107_08107FP/_pdf,Table 1 p353; methods p349-350,archived extraction; source audit retained,exact_table_checked,Raw positive-count transcription; dose and time are not pooled across drugs.,0.5% CMC sodium,none,acute,archived_mouse_phenotype.csv:24,motor_impairment,True,Y0023,0.4,positive_count / sample_size,Nishino2008|rotarod|mouse|ICR|male|oral|1.0|mg/kg|60.0|positive_or_fallen_mice|0.5% CMC sodium|none|acute,2,numeric but unmatched dose/vehicle/age/study or single panel drug,False,0.0,0.775,0.025,0.75,0.0,0.15,0.05,0.0,0.0,0.175,0.3,0.0,0.0,0.2,0.225,0.675,0.0,0.25,0.05,0.0,0.4,0.0,0.2888888888888888,0.0222222222222222,0.2888888888888888,0.0,0.0666666666666666,0.4444444444444444,0.0,0.0,0.0,0.0444444444444444,0.0444444444444444,0.0,0.1111111111111111,0.3111111111111111,0.3555555555555555,0.0,0.1111111111111111,0.3111111111111111,0.0,0.0,0.6,0.0666666666666666,0.0,0.0,0.0,0.0
triazolam,P1,rotarod,mouse,ICR,male,oral,1.0,mg/kg,90.0,positive_or_fallen_mice,2.0,positive_mice_count,0.0,10.0,NA,archived_sd_unverified,Nishino2008,10.1254/jphs.08107FP,18603828,https://www.jstage.jst.go.jp/article/jphs/107/3/107_08107FP/_pdf,Table 1 p353; methods p349-350,archived extraction; source audit retained,exact_table_checked,Raw positive-count transcription; dose and time are not pooled across drugs.,0.5% CMC sodium,none,acute,archived_mouse_phenotype.csv:25,motor_impairment,True,Y0024,0.2,positive_count / sample_size,Nishino2008|rotarod|mouse|ICR|male|oral|1.0|mg/kg|90.0|positive_or_fallen_mice|0.5% CMC sodium|none|acute,2,numeric but unmatched dose/vehicle/age/study or single panel drug,False,0.0,0.775,0.025,0.75,0.0,0.15,0.05,0.0,0.0,0.175,0.3,0.0,0.0,0.2,0.225,0.675,0.0,0.25,0.05,0.0,0.4,0.0,0.2888888888888888,0.0222222222222222,0.2888888888888888,0.0,0.0666666666666666,0.4444444444444444,0.0,0.0,0.0,0.0444444444444444,0.0444444444444444,0.0,0.1111111111111111,0.3111111111111111,0.3555555555555555,0.0,0.1111111111111111,0.3111111111111111,0.0,0.0,0.6,0.0666666666666666,0.0,0.0,0.0,0.0
triazolam,P1,rotarod,mouse,ICR,male,oral,2.0,mg/kg,15.0,positive_or_fallen_mice,5.0,positive_mice_count,0.0,10.0,NA,archived_sd_unverified,Nishino2008,10.1254/jphs.08107FP,18603828,https://www.jstage.jst.go.jp/article/jphs/107/3/107_08107FP/_pdf,Table 1 p353; methods p349-350,archived extraction; source audit retained,exact_table_checked,Raw positive-count transcription; dose and time are not pooled across drugs.,0.5% CMC sodium,none,acute,archived_mouse_phenotype.csv:26,motor_impairment,True,Y0025,0.5,positive_count / sample_size,Nishino2008|rotarod|mouse|ICR|male|oral|2.0|mg/kg|15.0|positive_or_fallen_mice|0.5% CMC sodium|none|acute,1,same fully recorded study/assay/dose/time/route/vehicle; two drugs,True,0.0,0.775,0.025,0.75,0.0,0.15,0.05,0.0,0.0,0.175,0.3,0.0,0.0,0.2,0.225,0.675,0.0,0.25,0.05,0.0,0.4,0.0,0.2888888888888888,0.0222222222222222,0.2888888888888888,0.0,0.0666666666666666,0.4444444444444444,0.0,0.0,0.0,0.0444444444444444,0.0444444444444444,0.0,0.1111111111111111,0.3111111111111111,0.3555555555555555,0.0,0.1111111111111111,0.3111111111111111,0.0,0.0,0.6,0.0666666666666666,0.0,0.0,0.0,0.0
triazolam,P1,rotarod,mouse,ICR,male,oral,2.0,mg/kg,30.0,positive_or_fallen_mice,8.0,positive_mice_count,0.0,10.0,NA,archived_sd_unverified,Nishino2008,10.1254/jphs.08107FP,18603828,https://www.jstage.jst.go.jp/article/jphs/107/3/107_08107FP/_pdf,Table 1 p353; methods p349-350,archived extraction; source audit retained,exact_table_checked,Raw positive-count transcription; dose and time are not pooled across drugs.,0.5% CMC sodium,none,acute,archived_mouse_phenotype.csv:27,motor_impairment,True,Y0026,0.8,positive_count / sample_size,Nishino2008|rotarod|mouse|ICR|male|oral|2.0|mg/kg|30.0|positive_or_fallen_mice|0.5% CMC sodium|none|acute,1,same fully recorded study/assay/dose/time/route/vehicle; two drugs,True,0.0,0.775,0.025,0.75,0.0,0.15,0.05,0.0,0.0,0.175,0.3,0.0,0.0,0.2,0.225,0.675,0.0,0.25,0.05,0.0,0.4,0.0,0.2888888888888888,0.0222222222222222,0.2888888888888888,0.0,0.0666666666666666,0.4444444444444444,0.0,0.0,0.0,0.0444444444444444,0.0444444444444444,0.0,0.1111111111111111,0.3111111111111111,0.3555555555555555,0.0,0.1111111111111111,0.3111111111111111,0.0,0.0,0.6,0.0666666666666666,0.0,0.0,0.0,0.0
triazolam,P1,rotarod,mouse,ICR,male,oral,2.0,mg/kg,60.0,positive_or_fallen_mice,7.0,positive_mice_count,0.0,10.0,NA,archived_sd_unverified,Nishino2008,10.1254/jphs.08107FP,18603828,https://www.jstage.jst.go.jp/article/jphs/107/3/107_08107FP/_pdf,Table 1 p353; methods p349-350,archived extraction; source audit retained,exact_table_checked,Raw positive-count transcription; dose and time are not pooled across drugs.,0.5% CMC sodium,none,acute,archived_mouse_phenotype.csv:28,motor_impairment,True,Y0027,0.7,positive_count / sample_size,Nishino2008|rotarod|mouse|ICR|male|oral|2.0|mg/kg|60.0|positive_or_fallen_mice|0.5% CMC sodium|none|acute,1,same fully recorded study/assay/dose/time/route/vehicle; two drugs,True,0.0,0.775,0.025,0.75,0.0,0.15,0.05,0.0,0.0,0.175,0.3,0.0,0.0,0.2,0.225,0.675,0.0,0.25,0.05,0.0,0.4,0.0,0.2888888888888888,0.0222222222222222,0.2888888888888888,0.0,0.0666666666666666,0.4444444444444444,0.0,0.0,0.0,0.0444444444444444,0.0444444444444444,0.0,0.1111111111111111,0.3111111111111111,0.3555555555555555,0.0,0.1111111111111111,0.3111111111111111,0.0,0.0,0.6,0.0666666666666666,0.0,0.0,0.0,0.0
triazolam,P1,rotarod,mouse,ICR,male,oral,2.0,mg/kg,90.0,positive_or_fallen_mice,5.0,positive_mice_count,0.0,10.0,NA,archived_sd_unverified,Nishino2008,10.1254/jphs.08107FP,18603828,https://www.jstage.jst.go.jp/article/jphs/107/3/107_08107FP/_pdf,Table 1 p353; methods p349-350,archived extraction; source audit retained,exact_table_checked,Raw positive-count transcription; dose and time are not pooled across drugs.,0.5% CMC sodium,none,acute,archived_mouse_phenotype.csv:29,motor_impairment,True,Y0028,0.5,positive_count / sample_size,Nishino2008|rotarod|mouse|ICR|male|oral|2.0|mg/kg|90.0|positive_or_fallen_mice|0.5% CMC sodium|none|acute,1,same fully recorded study/assay/dose/time/route/vehicle; two drugs,True,0.0,0.775,0.025,0.75,0.0,0.15,0.05,0.0,0.0,0.175,0.3,0.0,0.0,0.2,0.225,0.675,0.0,0.25,0.05,0.0,0.4,0.0,0.2888888888888888,0.0222222222222222,0.2888888888888888,0.0,0.0666666666666666,0.4444444444444444,0.0,0.0,0.0,0.0444444444444444,0.0444444444444444,0.0,0.1111111111111111,0.3111111111111111,0.3555555555555555,0.0,0.1111111111111111,0.3111111111111111,0.0,0.0,0.6,0.0666666666666666,0.0,0.0,0.0,0.0
triazolam,P1,rotarod,mouse,ICR,male,oral,5.0,mg/kg,15.0,positive_or_fallen_mice,8.0,positive_mice_count,0.0,10.0,NA,archived_sd_unverified,Nishino2008,10.1254/jphs.08107FP,18603828,https://www.jstage.jst.go.jp/article/jphs/107/3/107_08107FP/_pdf,Table 1 p353; methods p349-350,archived extraction; source audit retained,exact_table_checked,Raw positive-count transcription; dose and time are not pooled across drugs.,0.5% CMC sodium,none,acute,archived_mouse_phenotype.csv:30,motor_impairment,True,Y0029,0.8,positive_count / sample_size,Nishino2008|rotarod|mouse|ICR|male|oral|5.0|mg/kg|15.0|positive_or_fallen_mice|0.5% CMC sodium|none|acute,1,same fully recorded study/assay/dose/time/route/vehicle; two drugs,True,0.0,0.775,0.025,0.75,0.0,0.15,0.05,0.0,0.0,0.175,0.3,0.0,0.0,0.2,0.225,0.675,0.0,0.25,0.05,0.0,0.4,0.0,0.2888888888888888,0.0222222222222222,0.2888888888888888,0.0,0.0666666666666666,0.4444444444444444,0.0,0.0,0.0,0.0444444444444444,0.0444444444444444,0.0,0.1111111111111111,0.3111111111111111,0.3555555555555555,0.0,0.1111111111111111,0.3111111111111111,0.0,0.0,0.6,0.0666666666666666,0.0,0.0,0.0,0.0
triazolam,P1,rotarod,mouse,ICR,male,oral,5.0,mg/kg,30.0,positive_or_fallen_mice,9.0,positive_mice_count,0.0,10.0,NA,archived_sd_unverified,Nishino2008,10.1254/jphs.08107FP,18603828,https://www.jstage.jst.go.jp/article/jphs/107/3/107_08107FP/_pdf,Table 1 p353; methods p349-350,archived extraction; source audit retained,exact_table_checked,Raw positive-count transcription; dose and time are not pooled across drugs.,0.5% CMC sodium,none,acute,archived_mouse_phenotype.csv:31,motor_impairment,True,Y0030,0.9,positive_count / sample_size,Nishino2008|rotarod|mouse|ICR|male|oral|5.0|mg/kg|30.0|positive_or_fallen_mice|0.5% CMC sodium|none|acute,1,same fully recorded study/assay/dose/time/route/vehicle; two drugs,True,0.0,0.775,0.025,0.75,0.0,0.15,0.05,0.0,0.0,0.175,0.3,0.0,0.0,0.2,0.225,0.675,0.0,0.25,0.05,0.0,0.4,0.0,0.2888888888888888,0.0222222222222222,0.2888888888888888,0.0,0.0666666666666666,0.4444444444444444,0.0,0.0,0.0,0.0444444444444444,0.0444444444444444,0.0,0.1111111111111111,0.3111111111111111,0.3555555555555555,0.0,0.1111111111111111,0.3111111111111111,0.0,0.0,0.6,0.0666666666666666,0.0,0.0,0.0,0.0
triazolam,P1,rotarod,mouse,ICR,male,oral,5.0,mg/kg,60.0,positive_or_fallen_mice,9.0,positive_mice_count,0.0,10.0,NA,archived_sd_unverified,Nishino2008,10.1254/jphs.08107FP,18603828,https://www.jstage.jst.go.jp/article/jphs/107/3/107_08107FP/_pdf,Table 1 p353; methods p349-350,archived extraction; source audit retained,exact_table_checked,Raw positive-count transcription; dose and time are not pooled across drugs.,0.5% CMC sodium,none,acute,archived_mouse_phenotype.csv:32,motor_impairment,True,Y0031,0.9,positive_count / sample_size,Nishino2008|rotarod|mouse|ICR|male|oral|5.0|mg/kg|60.0|positive_or_fallen_mice|0.5% CMC sodium|none|acute,1,same fully recorded study/assay/dose/time/route/vehicle; two drugs,True,0.0,0.775,0.025,0.75,0.0,0.15,0.05,0.0,0.0,0.175,0.3,0.0,0.0,0.2,0.225,0.675,0.0,0.25,0.05,0.0,0.4,0.0,0.2888888888888888,0.0222222222222222,0.2888888888888888,0.0,0.0666666666666666,0.4444444444444444,0.0,0.0,0.0,0.0444444444444444,0.0444444444444444,0.0,0.1111111111111111,0.3111111111111111,0.3555555555555555,0.0,0.1111111111111111,0.3111111111111111,0.0,0.0,0.6,0.0666666666666666,0.0,0.0,0.0,0.0
triazolam,P1,rotarod,mouse,ICR,male,oral,5.0,mg/kg,90.0,positive_or_fallen_mice,4.0,positive_mice_count,0.0,10.0,NA,archived_sd_unverified,Nishino2008,10.1254/jphs.08107FP,18603828,https://www.jstage.jst.go.jp/article/jphs/107/3/107_08107FP/_pdf,Table 1 p353; methods p349-350,archived extraction; source audit retained,exact_table_checked,Raw positive-count transcription; dose and time are not pooled across drugs.,0.5% CMC sodium,none,acute,archived_mouse_phenotype.csv:33,motor_impairment,True,Y0032,0.4,positive_count / sample_size,Nishino2008|rotarod|mouse|ICR|male|oral|5.0|mg/kg|90.0|positive_or_fallen_mice|0.5% CMC sodium|none|acute,1,same fully recorded study/assay/dose/time/route/vehicle; two drugs,True,0.0,0.775,0.025,0.75,0.0,0.15,0.05,0.0,0.0,0.175,0.3,0.0,0.0,0.2,0.225,0.675,0.0,0.25,0.05,0.0,0.4,0.0,0.2888888888888888,0.0222222222222222,0.2888888888888888,0.0,0.0666666666666666,0.4444444444444444,0.0,0.0,0.0,0.0444444444444444,0.0444444444444444,0.0,0.1111111111111111,0.3111111111111111,0.3555555555555555,0.0,0.1111111111111111,0.3111111111111111,0.0,0.0,0.6,0.0666666666666666,0.0,0.0,0.0,0.0
triazolam,P1,rotarod,mouse,ddY,male,intraperitoneal,0.3,mg/kg,15/30/60 min; qualitative aggregate,qualitative_motor_coordination_result,NA,qualitative,NA,6.0,NA,archived_sd_unverified,Tanaka2008,10.1254/jphs.FP0071991,18603831,https://www.jstage.jst.go.jp/article/jphs/107/3/107_FP0071991/_pdf,Figure 1 / results p279,archived extraction; source audit retained,qualitative_primary,Same-study qualitative rotarod result; no numeric fraction inferred.,0.5% PPG,none,acute,archived_mouse_phenotype.csv:34,motor_coordination_impaired,True,Y0033,NA,unavailable,Tanaka2008|rotarod|mouse|ddY|male|intraperitoneal|0.3|mg/kg|15/30/60 min; qualitative aggregate|qualitative_motor_coordination_result|0.5% PPG|none|acute,4,qualitative only; numerical value NA,False,0.0,0.775,0.025,0.75,0.0,0.15,0.05,0.0,0.0,0.175,0.3,0.0,0.0,0.2,0.225,0.675,0.0,0.25,0.05,0.0,0.4,0.0,0.2888888888888888,0.0222222222222222,0.2888888888888888,0.0,0.0666666666666666,0.4444444444444444,0.0,0.0,0.0,0.0444444444444444,0.0444444444444444,0.0,0.1111111111111111,0.3111111111111111,0.3555555555555555,0.0,0.1111111111111111,0.3111111111111111,0.0,0.0,0.6,0.0666666666666666,0.0,0.0,0.0,0.0
zolpidem,P1,rotarod,mouse,ddY,male,intraperitoneal,3.0,mg/kg,15/30/60 min; qualitative aggregate,qualitative_motor_coordination_result,NA,qualitative,NA,6.0,NA,archived_sd_unverified,Tanaka2008,10.1254/jphs.FP0071991,18603831,https://www.jstage.jst.go.jp/article/jphs/107/3/107_FP0071991/_pdf,Figure 1 / results p279,archived extraction; source audit retained,qualitative_primary,Same-study qualitative rotarod result; no numeric fraction inferred.,saline,none,acute,archived_mouse_phenotype.csv:35,no_effect_under_test_condition,True,Y0034,NA,unavailable,Tanaka2008|rotarod|mouse|ddY|male|intraperitoneal|3.0|mg/kg|15/30/60 min; qualitative aggregate|qualitative_motor_coordination_result|saline|none|acute,4,qualitative only; numerical value NA,False,0.0,1.0,0.0666666666666666,1.0,0.1555555555555555,0.5111111111111111,0.0,0.0,0.0,0.2444444444444444,0.1777777777777777,0.0,0.0,0.1111111111111111,0.6222222222222222,0.6444444444444445,0.0,0.6666666666666666,0.0,0.2666666666666666,0.4,0.0,0.6222222222222222,0.0,0.4444444444444444,0.0,0.0,0.8222222222222222,0.0,0.0,0.0,0.1777777777777777,0.0,0.0,0.6222222222222222,0.2888888888888888,0.1333333333333333,0.0,0.0,0.0888888888888888,0.2222222222222222,0.0,0.6,0.0,0.0,0.0,0.4,0.0
zolpidem,P4,righting_reflex_with_thiopental,mouse,ddY,male,intraperitoneal,3.0,mg/kg,duration after thiopental,righting_reflex_duration,205.3,seconds_mean,113.1,7.0,62.6,SEM,Tanaka2008,10.1254/jphs.FP0071991,18603831,https://www.jstage.jst.go.jp/article/jphs/107/3/107_FP0071991/_pdf,Table 1 p279,archived extraction; source audit retained,exact_table_checked,Supporting endpoint; not merged with rotarod values.,saline,thiopental 20 mg/kg IV 10 min after drug,acute,archived_mouse_phenotype.csv:36,sedation_duration,True,Y0035,205.3,raw duration seconds; no max scaling,Tanaka2008|righting_reflex_with_thiopental|mouse|ddY|male|intraperitoneal|3.0|mg/kg|duration after thiopental|righting_reflex_duration|saline|thiopental 20 mg/kg IV 10 min after drug|acute,2,numeric but unmatched dose/vehicle/age/study or single panel drug,False,0.0,1.0,0.0666666666666666,1.0,0.1555555555555555,0.5111111111111111,0.0,0.0,0.0,0.2444444444444444,0.1777777777777777,0.0,0.0,0.1111111111111111,0.6222222222222222,0.6444444444444445,0.0,0.6666666666666666,0.0,0.2666666666666666,0.4,0.0,0.6222222222222222,0.0,0.4444444444444444,0.0,0.0,0.8222222222222222,0.0,0.0,0.0,0.1777777777777777,0.0,0.0,0.6222222222222222,0.2888888888888888,0.1333333333333333,0.0,0.0,0.0888888888888888,0.2222222222222222,0.0,0.6,0.0,0.0,0.0,0.4,0.0
zolpidem,P4,righting_reflex_with_thiopental,mouse,ddY,male,intraperitoneal,10.0,mg/kg,duration after thiopental,righting_reflex_duration,1109.1,seconds_mean,113.1,7.0,122.1,SEM,Tanaka2008,10.1254/jphs.FP0071991,18603831,https://www.jstage.jst.go.jp/article/jphs/107/3/107_FP0071991/_pdf,Table 1 p279,archived extraction; source audit retained,exact_table_checked,Supporting endpoint; not merged with rotarod values.,saline,thiopental 20 mg/kg IV 10 min after drug,acute,archived_mouse_phenotype.csv:37,sedation_duration,True,Y0036,1109.1,raw duration seconds; no max scaling,Tanaka2008|righting_reflex_with_thiopental|mouse|ddY|male|intraperitoneal|10.0|mg/kg|duration after thiopental|righting_reflex_duration|saline|thiopental 20 mg/kg IV 10 min after drug|acute,2,numeric but unmatched dose/vehicle/age/study or single panel drug,False,0.0,1.0,0.0666666666666666,1.0,0.1555555555555555,0.5111111111111111,0.0,0.0,0.0,0.2444444444444444,0.1777777777777777,0.0,0.0,0.1111111111111111,0.6222222222222222,0.6444444444444445,0.0,0.6666666666666666,0.0,0.2666666666666666,0.4,0.0,0.6222222222222222,0.0,0.4444444444444444,0.0,0.0,0.8222222222222222,0.0,0.0,0.0,0.1777777777777777,0.0,0.0,0.6222222222222222,0.2888888888888888,0.1333333333333333,0.0,0.0,0.0888888888888888,0.2222222222222222,0.0,0.6,0.0,0.0,0.0,0.4,0.0
triazolam,P4,righting_reflex_with_thiopental,mouse,ddY,male,intraperitoneal,0.3,mg/kg,duration after thiopental,righting_reflex_duration,234.8,seconds_mean,117.3,7.0,39.5,SEM,Tanaka2008,10.1254/jphs.FP0071991,18603831,https://www.jstage.jst.go.jp/article/jphs/107/3/107_FP0071991/_pdf,Table 1 p279,archived extraction; source audit retained,exact_table_checked,Supporting endpoint; not merged with rotarod values.,0.5% PPG,thiopental 20 mg/kg IV 10 min after drug,acute,archived_mouse_phenotype.csv:38,sedation_duration,True,Y0037,234.8,raw duration seconds; no max scaling,Tanaka2008|righting_reflex_with_thiopental|mouse|ddY|male|intraperitoneal|0.3|mg/kg|duration after thiopental|righting_reflex_duration|0.5% PPG|thiopental 20 mg/kg IV 10 min after drug|acute,2,numeric but unmatched dose/vehicle/age/study or single panel drug,False,0.0,0.775,0.025,0.75,0.0,0.15,0.05,0.0,0.0,0.175,0.3,0.0,0.0,0.2,0.225,0.675,0.0,0.25,0.05,0.0,0.4,0.0,0.2888888888888888,0.0222222222222222,0.2888888888888888,0.0,0.0666666666666666,0.4444444444444444,0.0,0.0,0.0,0.0444444444444444,0.0444444444444444,0.0,0.1111111111111111,0.3111111111111111,0.3555555555555555,0.0,0.1111111111111111,0.3111111111111111,0.0,0.0,0.6,0.0666666666666666,0.0,0.0,0.0,0.0
diazepam,P1,rotarod,mouse,not_reported_in_extracted_table,NA,not_reported_in_abstract,NA,mg/kg,NA,qualitative_report,NA,qualitative,NA,NA,NA,archived_sd_unverified,Bourin1992,NA,1637802,https://pubmed.ncbi.nlm.nih.gov/1637802/,abstract,archived extraction; source audit retained,qualitative_primary,Qualitative source evidence retained; no numeric value imputed.,NA,NA,NA,archived_mouse_phenotype.csv:39,single/repeated behavioral models; motor impairment reported,True,Y0038,NA,unavailable,Bourin1992|rotarod|mouse|not_reported_in_extracted_table|NA|not_reported_in_abstract|NA|mg/kg|NA|qualitative_report|NA|NA|NA,4,qualitative only; numerical value NA,False,0.0,0.9111111111111112,0.0,0.8888888888888888,0.0,0.0222222222222222,0.0888888888888888,0.0,0.0,0.3111111111111111,0.0666666666666666,0.0444444444444444,0.0,0.1555555555555555,0.2444444444444444,0.5111111111111111,0.0222222222222222,0.1777777777777777,0.0,0.1333333333333333,0.2222222222222222,0.0,0.4666666666666667,0.0222222222222222,0.0888888888888888,0.0666666666666666,0.0444444444444444,0.9777777777777776,0.0,0.0,0.0,0.0444444444444444,0.0,0.0,0.3555555555555555,0.3333333333333333,0.1333333333333333,0.0,0.0,0.0666666666666666,0.1111111111111111,0.0,0.5111111111111111,0.0,0.0,0.0,0.1111111111111111,0.0
alprazolam,P1,rotarod,mouse,not_reported_in_extracted_table,NA,not_reported_in_abstract,NA,mg/kg,NA,qualitative_report,NA,qualitative,NA,NA,NA,archived_sd_unverified,Bourin1992,NA,1637802,https://pubmed.ncbi.nlm.nih.gov/1637802/,abstract,archived extraction; source audit retained,qualitative_primary,Qualitative source evidence retained; no numeric value imputed.,NA,NA,NA,archived_mouse_phenotype.csv:40,myorelaxing/motor effects reported; no extracted numeric endpoint,True,Y0039,NA,unavailable,Bourin1992|rotarod|mouse|not_reported_in_extracted_table|NA|not_reported_in_abstract|NA|mg/kg|NA|qualitative_report|NA|NA|NA,4,qualitative only; numerical value NA,False,0.0,0.8857142857142857,0.1142857142857142,0.8857142857142857,0.0,0.1714285714285714,0.0857142857142857,0.0,0.0,0.1714285714285714,0.3142857142857143,0.0,0.0,0.2,0.2571428571428571,0.6285714285714286,0.1714285714285714,0.3428571428571428,0.0857142857142857,0.0285714285714285,0.5142857142857142,0.0,0.2888888888888888,0.0,0.1777777777777777,0.0222222222222222,0.0444444444444444,0.6,0.0,0.0222222222222222,0.0,0.0222222222222222,0.0,0.0,0.1777777777777777,0.2666666666666666,0.2222222222222222,0.0,0.1333333333333333,0.2888888888888888,0.0222222222222222,0.0,0.4888888888888889,0.0444444444444444,0.0,0.0,0.0666666666666666,0.0
diazepam,P1,rotarod,mouse,not_reported_in_extracted_table,NA,not_reported_in_abstract,NA,mg/kg,NA,qualitative_report,NA,qualitative,NA,NA,NA,archived_sd_unverified,Bayley1996,10.1177/026988119601000305,22302946,https://pubmed.ncbi.nlm.nih.gov/22302946/,abstract,archived extraction; source audit retained,qualitative_primary,Qualitative source evidence retained; no numeric value imputed.,NA,NA,NA,archived_mouse_phenotype.csv:41,dose-related impairment in mice,True,Y0040,NA,unavailable,Bayley1996|rotarod|mouse|not_reported_in_extracted_table|NA|not_reported_in_abstract|NA|mg/kg|NA|qualitative_report|NA|NA|NA,4,qualitative only; numerical value NA,False,0.0,0.9111111111111112,0.0,0.8888888888888888,0.0,0.0222222222222222,0.0888888888888888,0.0,0.0,0.3111111111111111,0.0666666666666666,0.0444444444444444,0.0,0.1555555555555555,0.2444444444444444,0.5111111111111111,0.0222222222222222,0.1777777777777777,0.0,0.1333333333333333,0.2222222222222222,0.0,0.4666666666666667,0.0222222222222222,0.0888888888888888,0.0666666666666666,0.0444444444444444,0.9777777777777776,0.0,0.0,0.0,0.0444444444444444,0.0,0.0,0.3555555555555555,0.3333333333333333,0.1333333333333333,0.0,0.0,0.0666666666666666,0.1111111111111111,0.0,0.5111111111111111,0.0,0.0,0.0,0.1111111111111111,0.0
zolpidem,P1,rotarod,mouse,not_reported_in_extracted_table,NA,not_reported_in_abstract,NA,mg/kg,NA,qualitative_report,NA,qualitative,NA,NA,NA,archived_sd_unverified,Bayley1996,10.1177/026988119601000305,22302946,https://pubmed.ncbi.nlm.nih.gov/22302946/,abstract,archived extraction; source audit retained,qualitative_primary,Qualitative source evidence retained; no numeric value imputed.,NA,NA,NA,archived_mouse_phenotype.csv:42,dose-related impairment in mice,True,Y0041,NA,unavailable,Bayley1996|rotarod|mouse|not_reported_in_extracted_table|NA|not_reported_in_abstract|NA|mg/kg|NA|qualitative_report|NA|NA|NA,4,qualitative only; numerical value NA,False,0.0,1.0,0.0666666666666666,1.0,0.1555555555555555,0.5111111111111111,0.0,0.0,0.0,0.2444444444444444,0.1777777777777777,0.0,0.0,0.1111111111111111,0.6222222222222222,0.6444444444444445,0.0,0.6666666666666666,0.0,0.2666666666666666,0.4,0.0,0.6222222222222222,0.0,0.4444444444444444,0.0,0.0,0.8222222222222222,0.0,0.0,0.0,0.1777777777777777,0.0,0.0,0.6222222222222222,0.2888888888888888,0.1333333333333333,0.0,0.0,0.0888888888888888,0.2222222222222222,0.0,0.6,0.0,0.0,0.0,0.4,0.0
alprazolam,P1,rotarod,mouse,not_reported_in_extracted_table,NA,not_reported_in_abstract,NA,mg/kg,NA,qualitative_report,NA,qualitative,NA,NA,NA,archived_sd_unverified,Henauer1984,10.1016/0024-3205(84)90564-2,6493004,https://pubmed.ncbi.nlm.nih.gov/6493004/,abstract,archived extraction; source audit retained,qualitative_primary,Qualitative source evidence retained; no numeric value imputed.,NA,NA,NA,archived_mouse_phenotype.csv:43,rotarod neurologic deficit at 2 mg/kg; tolerance study,True,Y0042,NA,unavailable,Henauer1984|rotarod|mouse|not_reported_in_extracted_table|NA|not_reported_in_abstract|NA|mg/kg|NA|qualitative_report|NA|NA|NA,4,qualitative only; numerical value NA,False,0.0,0.8857142857142857,0.1142857142857142,0.8857142857142857,0.0,0.1714285714285714,0.0857142857142857,0.0,0.0,0.1714285714285714,0.3142857142857143,0.0,0.0,0.2,0.2571428571428571,0.6285714285714286,0.1714285714285714,0.3428571428571428,0.0857142857142857,0.0285714285714285,0.5142857142857142,0.0,0.2888888888888888,0.0,0.1777777777777777,0.0222222222222222,0.0444444444444444,0.6,0.0,0.0222222222222222,0.0,0.0222222222222222,0.0,0.0,0.1777777777777777,0.2666666666666666,0.2222222222222222,0.0,0.1333333333333333,0.2888888888888888,0.0222222222222222,0.0,0.4888888888888889,0.0444444444444444,0.0,0.0,0.0666666666666666,0.0
alprazolam,P3,open_field,mouse,not_reported_in_extracted_table,NA,not_reported_in_abstract,NA,mg/kg,NA,qualitative_report,NA,qualitative,NA,NA,NA,archived_sd_unverified,Lopez1988,10.1016/0091-3057(88)90488-1,2845448,https://pubmed.ncbi.nlm.nih.gov/2845448/,abstract,archived extraction; source audit retained,qualitative_primary,Qualitative source evidence retained; no numeric value imputed.,NA,NA,NA,archived_mouse_phenotype.csv:44,low-dose activity increase; higher doses decrease activity,True,Y0043,NA,unavailable,Lopez1988|open_field|mouse|not_reported_in_extracted_table|NA|not_reported_in_abstract|NA|mg/kg|NA|qualitative_report|NA|NA|NA,4,qualitative only; numerical value NA,False,0.0,0.8857142857142857,0.1142857142857142,0.8857142857142857,0.0,0.1714285714285714,0.0857142857142857,0.0,0.0,0.1714285714285714,0.3142857142857143,0.0,0.0,0.2,0.2571428571428571,0.6285714285714286,0.1714285714285714,0.3428571428571428,0.0857142857142857,0.0285714285714285,0.5142857142857142,0.0,0.2888888888888888,0.0,0.1777777777777777,0.0222222222222222,0.0444444444444444,0.6,0.0,0.0222222222222222,0.0,0.0222222222222222,0.0,0.0,0.1777777777777777,0.2666666666666666,0.2222222222222222,0.0,0.1333333333333333,0.2888888888888888,0.0222222222222222,0.0,0.4888888888888889,0.0444444444444444,0.0,0.0,0.0666666666666666,0.0
triazolam,P3,open_field,mouse,not_reported_in_extracted_table,NA,not_reported_in_abstract,NA,mg/kg,NA,qualitative_report,NA,qualitative,NA,NA,NA,archived_sd_unverified,Lopez1988,10.1016/0091-3057(88)90488-1,2845448,https://pubmed.ncbi.nlm.nih.gov/2845448/,abstract,archived extraction; source audit retained,qualitative_primary,Qualitative source evidence retained; no numeric value imputed.,NA,NA,NA,archived_mouse_phenotype.csv:45,activity decreased dose-dependently,True,Y0044,NA,unavailable,Lopez1988|open_field|mouse|not_reported_in_extracted_table|NA|not_reported_in_abstract|NA|mg/kg|NA|qualitative_report|NA|NA|NA,4,qualitative only; numerical value NA,False,0.0,0.775,0.025,0.75,0.0,0.15,0.05,0.0,0.0,0.175,0.3,0.0,0.0,0.2,0.225,0.675,0.0,0.25,0.05,0.0,0.4,0.0,0.2888888888888888,0.0222222222222222,0.2888888888888888,0.0,0.0666666666666666,0.4444444444444444,0.0,0.0,0.0,0.0444444444444444,0.0444444444444444,0.0,0.1111111111111111,0.3111111111111111,0.3555555555555555,0.0,0.1111111111111111,0.3111111111111111,0.0,0.0,0.6,0.0666666666666666,0.0,0.0,0.0,0.0
zopiclone,P4,righting_reflex_with_thiopental,mouse,ddY,male,intraperitoneal,3.0,mg/kg,duration after thiopental,righting_reflex_duration,146.3,seconds_mean,117.3,7.0,41.6,SEM,Tanaka2008,10.1254/jphs.FP0071991,18603831,https://www.jstage.jst.go.jp/article/jphs/107/3/107_FP0071991/_pdf,Table1 p279,manual primary-source paraphrase,exact_table_checked,Different doses and vehicles prohibit primary cross-drug matching.,0.5% PPG,thiopental 20 mg/kg IV 10 min after drug,acute,NA,longer duration = more hypnosis,True,Y0045,146.3,raw duration seconds; no max scaling,Tanaka2008|righting_reflex_with_thiopental|mouse|ddY|male|intraperitoneal|3.0|mg/kg|duration after thiopental|righting_reflex_duration|0.5% PPG|thiopental 20 mg/kg IV 10 min after drug|acute,2,numeric but unmatched dose/vehicle/age/study or single panel drug,False,0.0888888888888888,0.4444444444444444,0.5777777777777777,0.4666666666666667,0.0222222222222222,0.1555555555555555,0.0222222222222222,0.1333333333333333,0.0,0.1333333333333333,0.0888888888888888,0.0,0.0,0.4222222222222222,0.1555555555555555,0.3111111111111111,0.0,0.5111111111111111,0.0888888888888888,0.0222222222222222,0.4,0.0888888888888888,0.3111111111111111,0.0,0.2,0.0,0.0,0.4,0.0,0.0,0.0,0.2222222222222222,0.0222222222222222,0.0,0.0666666666666666,0.0444444444444444,0.0,0.0888888888888888,0.0,0.0,0.0888888888888888,0.0222222222222222,0.2444444444444444,0.0,0.0888888888888888,0.0,0.0888888888888888,0.0
zopiclone,P4,righting_reflex_with_thiopental,mouse,ddY,male,intraperitoneal,6.0,mg/kg,duration after thiopental,righting_reflex_duration,227.2,seconds_mean,117.3,9.0,67.4,SEM,Tanaka2008,10.1254/jphs.FP0071991,18603831,https://www.jstage.jst.go.jp/article/jphs/107/3/107_FP0071991/_pdf,Table1 p279,manual primary-source paraphrase,exact_table_checked,Different doses and vehicles prohibit primary cross-drug matching.,0.5% PPG,thiopental 20 mg/kg IV 10 min after drug,acute,NA,longer duration = more hypnosis,True,Y0046,227.2,raw duration seconds; no max scaling,Tanaka2008|righting_reflex_with_thiopental|mouse|ddY|male|intraperitoneal|6.0|mg/kg|duration after thiopental|righting_reflex_duration|0.5% PPG|thiopental 20 mg/kg IV 10 min after drug|acute,2,numeric but unmatched dose/vehicle/age/study or single panel drug,False,0.0888888888888888,0.4444444444444444,0.5777777777777777,0.4666666666666667,0.0222222222222222,0.1555555555555555,0.0222222222222222,0.1333333333333333,0.0,0.1333333333333333,0.0888888888888888,0.0,0.0,0.4222222222222222,0.1555555555555555,0.3111111111111111,0.0,0.5111111111111111,0.0888888888888888,0.0222222222222222,0.4,0.0888888888888888,0.3111111111111111,0.0,0.2,0.0,0.0,0.4,0.0,0.0,0.0,0.2222222222222222,0.0222222222222222,0.0,0.0666666666666666,0.0444444444444444,0.0,0.0888888888888888,0.0,0.0,0.0888888888888888,0.0222222222222222,0.2444444444444444,0.0,0.0888888888888888,0.0,0.0888888888888888,0.0
zolpidem,P2,traction,mouse,ddY,male,intraperitoneal,3.0,mg/kg,15/30/60 min; qualitative aggregate,qualitative_report,NA,qualitative,NA,6.0,NA,NA,Tanaka2008,10.1254/jphs.FP0071991,18603831,https://www.jstage.jst.go.jp/article/jphs/107/3/107_FP0071991/_pdf,Figure1; results p279,manual primary-source paraphrase,qualitative_primary,Qualitative; no numerical zero inferred.,saline,none,acute,NA,no effect reported under tested conditions,True,Y0047,NA,unavailable,Tanaka2008|traction|mouse|ddY|male|intraperitoneal|3.0|mg/kg|15/30/60 min; qualitative aggregate|qualitative_report|saline|none|acute,4,qualitative only; numerical value NA,False,0.0,1.0,0.0666666666666666,1.0,0.1555555555555555,0.5111111111111111,0.0,0.0,0.0,0.2444444444444444,0.1777777777777777,0.0,0.0,0.1111111111111111,0.6222222222222222,0.6444444444444445,0.0,0.6666666666666666,0.0,0.2666666666666666,0.4,0.0,0.6222222222222222,0.0,0.4444444444444444,0.0,0.0,0.8222222222222222,0.0,0.0,0.0,0.1777777777777777,0.0,0.0,0.6222222222222222,0.2888888888888888,0.1333333333333333,0.0,0.0,0.0888888888888888,0.2222222222222222,0.0,0.6,0.0,0.0,0.0,0.4,0.0
zopiclone,P1,rotarod,mouse,ddY,male,intraperitoneal,6.0,mg/kg,15/30/60 min; qualitative aggregate,qualitative_report,NA,qualitative,NA,6.0,NA,NA,Tanaka2008,10.1254/jphs.FP0071991,18603831,https://www.jstage.jst.go.jp/article/jphs/107/3/107_FP0071991/_pdf,Figure1; results p279,manual primary-source paraphrase,qualitative_primary,Qualitative; no numerical zero inferred.,0.5% PPG,none,acute,NA,no effect reported under tested conditions,True,Y0048,NA,unavailable,Tanaka2008|rotarod|mouse|ddY|male|intraperitoneal|6.0|mg/kg|15/30/60 min; qualitative aggregate|qualitative_report|0.5% PPG|none|acute,4,qualitative only; numerical value NA,False,0.0888888888888888,0.4444444444444444,0.5777777777777777,0.4666666666666667,0.0222222222222222,0.1555555555555555,0.0222222222222222,0.1333333333333333,0.0,0.1333333333333333,0.0888888888888888,0.0,0.0,0.4222222222222222,0.1555555555555555,0.3111111111111111,0.0,0.5111111111111111,0.0888888888888888,0.0222222222222222,0.4,0.0888888888888888,0.3111111111111111,0.0,0.2,0.0,0.0,0.4,0.0,0.0,0.0,0.2222222222222222,0.0222222222222222,0.0,0.0666666666666666,0.0444444444444444,0.0,0.0888888888888888,0.0,0.0,0.0888888888888888,0.0222222222222222,0.2444444444444444,0.0,0.0888888888888888,0.0,0.0888888888888888,0.0
zopiclone,P2,traction,mouse,ddY,male,intraperitoneal,6.0,mg/kg,15/30/60 min; qualitative aggregate,qualitative_report,NA,qualitative,NA,6.0,NA,NA,Tanaka2008,10.1254/jphs.FP0071991,18603831,https://www.jstage.jst.go.jp/article/jphs/107/3/107_FP0071991/_pdf,Figure1; results p279,manual primary-source paraphrase,qualitative_primary,Qualitative; no numerical zero inferred.,0.5% PPG,none,acute,NA,no effect reported under tested conditions,True,Y0049,NA,unavailable,Tanaka2008|traction|mouse|ddY|male|intraperitoneal|6.0|mg/kg|15/30/60 min; qualitative aggregate|qualitative_report|0.5% PPG|none|acute,4,qualitative only; numerical value NA,False,0.0888888888888888,0.4444444444444444,0.5777777777777777,0.4666666666666667,0.0222222222222222,0.1555555555555555,0.0222222222222222,0.1333333333333333,0.0,0.1333333333333333,0.0888888888888888,0.0,0.0,0.4222222222222222,0.1555555555555555,0.3111111111111111,0.0,0.5111111111111111,0.0888888888888888,0.0222222222222222,0.4,0.0888888888888888,0.3111111111111111,0.0,0.2,0.0,0.0,0.4,0.0,0.0,0.0,0.2222222222222222,0.0222222222222222,0.0,0.0666666666666666,0.0444444444444444,0.0,0.0888888888888888,0.0,0.0,0.0888888888888888,0.0222222222222222,0.2444444444444444,0.0,0.0888888888888888,0.0,0.0888888888888888,0.0
triazolam,P2,traction,mouse,ddY,male,intraperitoneal,0.3,mg/kg,15/30/60 min; qualitative aggregate,qualitative_report,NA,qualitative,NA,6.0,NA,NA,Tanaka2008,10.1254/jphs.FP0071991,18603831,https://www.jstage.jst.go.jp/article/jphs/107/3/107_FP0071991/_pdf,Figure1; results p279,manual primary-source paraphrase,qualitative_primary,Qualitative; no numerical zero inferred.,0.5% PPG,none,acute,NA,impairment reported,True,Y0050,NA,unavailable,Tanaka2008|traction|mouse|ddY|male|intraperitoneal|0.3|mg/kg|15/30/60 min; qualitative aggregate|qualitative_report|0.5% PPG|none|acute,4,qualitative only; numerical value NA,False,0.0,0.775,0.025,0.75,0.0,0.15,0.05,0.0,0.0,0.175,0.3,0.0,0.0,0.2,0.225,0.675,0.0,0.25,0.05,0.0,0.4,0.0,0.2888888888888888,0.0222222222222222,0.2888888888888888,0.0,0.0666666666666666,0.4444444444444444,0.0,0.0,0.0,0.0444444444444444,0.0444444444444444,0.0,0.1111111111111111,0.3111111111111111,0.3555555555555555,0.0,0.1111111111111111,0.3111111111111111,0.0,0.0,0.6,0.0666666666666666,0.0,0.0,0.0,0.0
zolpidem,P1,rotarod,mouse,NA,NA,NA,NA,mg/kg,NA,qualitative_report,NA,qualitative,NA,NA,NA,NA,Sanger1996,10.1016/0014-2999(96)00510-9,8905326,https://pubmed.ncbi.nlm.nih.gov/8905326/,abstract,manual primary-source paraphrase,qualitative_primary,Abstract only. Loaded grid assigned P2 with mixed motor/strength construct warning; no exact dose/time extracted.,NA,NA,NA,NA,deficit / suppression reported,True,Y0051,NA,unavailable,Sanger1996|rotarod|mouse|NA|NA|NA|NA|mg/kg|NA|qualitative_report|NA|NA|NA,4,qualitative only; numerical value NA,False,0.0,1.0,0.0666666666666666,1.0,0.1555555555555555,0.5111111111111111,0.0,0.0,0.0,0.2444444444444444,0.1777777777777777,0.0,0.0,0.1111111111111111,0.6222222222222222,0.6444444444444445,0.0,0.6666666666666666,0.0,0.2666666666666666,0.4,0.0,0.6222222222222222,0.0,0.4444444444444444,0.0,0.0,0.8222222222222222,0.0,0.0,0.0,0.1777777777777777,0.0,0.0,0.6222222222222222,0.2888888888888888,0.1333333333333333,0.0,0.0,0.0888888888888888,0.2222222222222222,0.0,0.6,0.0,0.0,0.0,0.4,0.0
zolpidem,P2,loaded_grid,mouse,NA,NA,NA,NA,mg/kg,NA,qualitative_report,NA,qualitative,NA,NA,NA,NA,Sanger1996,10.1016/0014-2999(96)00510-9,8905326,https://pubmed.ncbi.nlm.nih.gov/8905326/,abstract,manual primary-source paraphrase,qualitative_primary,Abstract only. Loaded grid assigned P2 with mixed motor/strength construct warning; no exact dose/time extracted.,NA,NA,NA,NA,deficit / suppression reported,True,Y0052,NA,unavailable,Sanger1996|loaded_grid|mouse|NA|NA|NA|NA|mg/kg|NA|qualitative_report|NA|NA|NA,4,qualitative only; numerical value NA,False,0.0,1.0,0.0666666666666666,1.0,0.1555555555555555,0.5111111111111111,0.0,0.0,0.0,0.2444444444444444,0.1777777777777777,0.0,0.0,0.1111111111111111,0.6222222222222222,0.6444444444444445,0.0,0.6666666666666666,0.0,0.2666666666666666,0.4,0.0,0.6222222222222222,0.0,0.4444444444444444,0.0,0.0,0.8222222222222222,0.0,0.0,0.0,0.1777777777777777,0.0,0.0,0.6222222222222222,0.2888888888888888,0.1333333333333333,0.0,0.0,0.0888888888888888,0.2222222222222222,0.0,0.6,0.0,0.0,0.0,0.4,0.0
zolpidem,P3,locomotor_activity,mouse,NA,NA,NA,NA,mg/kg,NA,qualitative_report,NA,qualitative,NA,NA,NA,NA,Sanger1996,10.1016/0014-2999(96)00510-9,8905326,https://pubmed.ncbi.nlm.nih.gov/8905326/,abstract,manual primary-source paraphrase,qualitative_primary,Abstract only. Loaded grid assigned P2 with mixed motor/strength construct warning; no exact dose/time extracted.,NA,NA,NA,NA,deficit / suppression reported,True,Y0053,NA,unavailable,Sanger1996|locomotor_activity|mouse|NA|NA|NA|NA|mg/kg|NA|qualitative_report|NA|NA|NA,4,qualitative only; numerical value NA,False,0.0,1.0,0.0666666666666666,1.0,0.1555555555555555,0.5111111111111111,0.0,0.0,0.0,0.2444444444444444,0.1777777777777777,0.0,0.0,0.1111111111111111,0.6222222222222222,0.6444444444444445,0.0,0.6666666666666666,0.0,0.2666666666666666,0.4,0.0,0.6222222222222222,0.0,0.4444444444444444,0.0,0.0,0.8222222222222222,0.0,0.0,0.0,0.1777777777777777,0.0,0.0,0.6222222222222222,0.2888888888888888,0.1333333333333333,0.0,0.0,0.0888888888888888,0.2222222222222222,0.0,0.6,0.0,0.0,0.0,0.4,0.0
zaleplon,P1,rotarod,mouse,NA,NA,NA,NA,mg/kg,NA,qualitative_report,NA,qualitative,NA,NA,NA,NA,Sanger1996,10.1016/0014-2999(96)00510-9,8905326,https://pubmed.ncbi.nlm.nih.gov/8905326/,abstract,manual primary-source paraphrase,qualitative_primary,Abstract only. Loaded grid assigned P2 with mixed motor/strength construct warning; no exact dose/time extracted.,NA,NA,NA,NA,deficit / suppression reported,True,Y0054,NA,unavailable,Sanger1996|rotarod|mouse|NA|NA|NA|NA|mg/kg|NA|qualitative_report|NA|NA|NA,4,qualitative only; numerical value NA,False,0.0,0.9555555555555556,0.1777777777777777,1.0,0.0888888888888888,0.4,0.0,0.0,0.0,0.2666666666666666,0.1777777777777777,0.0,0.0,0.2,0.4666666666666667,0.6,0.0,0.1333333333333333,0.0888888888888888,0.2,0.4444444444444444,0.0222222222222222,0.6666666666666666,0.0,0.1111111111111111,0.0,0.0,0.8888888888888888,0.0222222222222222,0.2222222222222222,0.0,0.0,0.0,0.0,0.2888888888888888,0.2888888888888888,0.1111111111111111,0.0,0.0,0.0,0.5333333333333333,0.0,0.6666666666666666,0.0,0.1777777777777777,0.2444444444444444,0.6888888888888889,0.0444444444444444
zaleplon,P2,loaded_grid,mouse,NA,NA,NA,NA,mg/kg,NA,qualitative_report,NA,qualitative,NA,NA,NA,NA,Sanger1996,10.1016/0014-2999(96)00510-9,8905326,https://pubmed.ncbi.nlm.nih.gov/8905326/,abstract,manual primary-source paraphrase,qualitative_primary,Abstract only. Loaded grid assigned P2 with mixed motor/strength construct warning; no exact dose/time extracted.,NA,NA,NA,NA,deficit / suppression reported,True,Y0055,NA,unavailable,Sanger1996|loaded_grid|mouse|NA|NA|NA|NA|mg/kg|NA|qualitative_report|NA|NA|NA,4,qualitative only; numerical value NA,False,0.0,0.9555555555555556,0.1777777777777777,1.0,0.0888888888888888,0.4,0.0,0.0,0.0,0.2666666666666666,0.1777777777777777,0.0,0.0,0.2,0.4666666666666667,0.6,0.0,0.1333333333333333,0.0888888888888888,0.2,0.4444444444444444,0.0222222222222222,0.6666666666666666,0.0,0.1111111111111111,0.0,0.0,0.8888888888888888,0.0222222222222222,0.2222222222222222,0.0,0.0,0.0,0.0,0.2888888888888888,0.2888888888888888,0.1111111111111111,0.0,0.0,0.0,0.5333333333333333,0.0,0.6666666666666666,0.0,0.1777777777777777,0.2444444444444444,0.6888888888888889,0.0444444444444444
zaleplon,P3,locomotor_activity,mouse,NA,NA,NA,NA,mg/kg,NA,qualitative_report,NA,qualitative,NA,NA,NA,NA,Sanger1996,10.1016/0014-2999(96)00510-9,8905326,https://pubmed.ncbi.nlm.nih.gov/8905326/,abstract,manual primary-source paraphrase,qualitative_primary,Abstract only. Loaded grid assigned P2 with mixed motor/strength construct warning; no exact dose/time extracted.,NA,NA,NA,NA,deficit / suppression reported,True,Y0056,NA,unavailable,Sanger1996|locomotor_activity|mouse|NA|NA|NA|NA|mg/kg|NA|qualitative_report|NA|NA|NA,4,qualitative only; numerical value NA,False,0.0,0.9555555555555556,0.1777777777777777,1.0,0.0888888888888888,0.4,0.0,0.0,0.0,0.2666666666666666,0.1777777777777777,0.0,0.0,0.2,0.4666666666666667,0.6,0.0,0.1333333333333333,0.0888888888888888,0.2,0.4444444444444444,0.0222222222222222,0.6666666666666666,0.0,0.1111111111111111,0.0,0.0,0.8888888888888888,0.0222222222222222,0.2222222222222222,0.0,0.0,0.0,0.0,0.2888888888888888,0.2888888888888888,0.1111111111111111,0.0,0.0,0.0,0.5333333333333333,0.0,0.6666666666666666,0.0,0.1777777777777777,0.2444444444444444,0.6888888888888889,0.0444444444444444
diazepam,P1,rotarod,mouse,NA,NA,NA,NA,mg/kg,NA,qualitative_report,NA,qualitative,NA,NA,NA,NA,Stanley2005,10.1177/0269881105051524,15888506,https://pubmed.ncbi.nlm.nih.gov/15888506/,abstract,manual primary-source paraphrase,qualitative_primary,Receptor occupancy percentages are not phenotype scores and not normalized.,NA,NA,NA,NA,impairment reported,True,Y0057,NA,unavailable,Stanley2005|rotarod|mouse|NA|NA|NA|NA|mg/kg|NA|qualitative_report|NA|NA|NA,4,qualitative only; numerical value NA,False,0.0,0.9111111111111112,0.0,0.8888888888888888,0.0,0.0222222222222222,0.0888888888888888,0.0,0.0,0.3111111111111111,0.0666666666666666,0.0444444444444444,0.0,0.1555555555555555,0.2444444444444444,0.5111111111111111,0.0222222222222222,0.1777777777777777,0.0,0.1333333333333333,0.2222222222222222,0.0,0.4666666666666667,0.0222222222222222,0.0888888888888888,0.0666666666666666,0.0444444444444444,0.9777777777777776,0.0,0.0,0.0,0.0444444444444444,0.0,0.0,0.3555555555555555,0.3333333333333333,0.1333333333333333,0.0,0.0,0.0666666666666666,0.1111111111111111,0.0,0.5111111111111111,0.0,0.0,0.0,0.1111111111111111,0.0
diazepam,P1,beam_walking,mouse,NA,NA,NA,NA,mg/kg,NA,qualitative_report,NA,qualitative,NA,NA,NA,NA,Stanley2005,10.1177/0269881105051524,15888506,https://pubmed.ncbi.nlm.nih.gov/15888506/,abstract,manual primary-source paraphrase,qualitative_primary,Receptor occupancy percentages are not phenotype scores and not normalized.,NA,NA,NA,NA,impairment reported,True,Y0058,NA,unavailable,Stanley2005|beam_walking|mouse|NA|NA|NA|NA|mg/kg|NA|qualitative_report|NA|NA|NA,4,qualitative only; numerical value NA,False,0.0,0.9111111111111112,0.0,0.8888888888888888,0.0,0.0222222222222222,0.0888888888888888,0.0,0.0,0.3111111111111111,0.0666666666666666,0.0444444444444444,0.0,0.1555555555555555,0.2444444444444444,0.5111111111111111,0.0222222222222222,0.1777777777777777,0.0,0.1333333333333333,0.2222222222222222,0.0,0.4666666666666667,0.0222222222222222,0.0888888888888888,0.0666666666666666,0.0444444444444444,0.9777777777777776,0.0,0.0,0.0,0.0444444444444444,0.0,0.0,0.3555555555555555,0.3333333333333333,0.1333333333333333,0.0,0.0,0.0666666666666666,0.1111111111111111,0.0,0.5111111111111111,0.0,0.0,0.0,0.1111111111111111,0.0
lorazepam,P1,rotarod,mouse,NA,NA,NA,NA,mg/kg,NA,qualitative_report,NA,qualitative,NA,NA,NA,NA,Stanley2005,10.1177/0269881105051524,15888506,https://pubmed.ncbi.nlm.nih.gov/15888506/,abstract,manual primary-source paraphrase,qualitative_primary,Receptor occupancy percentages are not phenotype scores and not normalized.,NA,NA,NA,NA,impairment reported,True,Y0059,NA,unavailable,Stanley2005|rotarod|mouse|NA|NA|NA|NA|mg/kg|NA|qualitative_report|NA|NA|NA,4,qualitative only; numerical value NA,False,0.0,0.8444444444444444,0.2444444444444444,0.6222222222222222,0.0444444444444444,0.0888888888888888,0.1111111111111111,0.2222222222222222,0.0,0.0222222222222222,0.0888888888888888,0.0222222222222222,0.0222222222222222,0.2444444444444444,0.1333333333333333,0.7777777777777778,0.0,0.1555555555555555,0.0666666666666666,0.0888888888888888,0.3333333333333333,0.0,0.4444444444444444,0.0444444444444444,0.7333333333333333,0.0,0.0444444444444444,0.4,0.0,0.0,0.0,0.2,0.2,0.0444444444444444,0.0,0.4,0.3333333333333333,0.0444444444444444,0.0,0.3111111111111111,0.0,0.0,0.3555555555555555,0.0,0.0,0.0,0.0,0.0
lorazepam,P1,beam_walking,mouse,NA,NA,NA,NA,mg/kg,NA,qualitative_report,NA,qualitative,NA,NA,NA,NA,Stanley2005,10.1177/0269881105051524,15888506,https://pubmed.ncbi.nlm.nih.gov/15888506/,abstract,manual primary-source paraphrase,qualitative_primary,Receptor occupancy percentages are not phenotype scores and not normalized.,NA,NA,NA,NA,impairment reported,True,Y0060,NA,unavailable,Stanley2005|beam_walking|mouse|NA|NA|NA|NA|mg/kg|NA|qualitative_report|NA|NA|NA,4,qualitative only; numerical value NA,False,0.0,0.8444444444444444,0.2444444444444444,0.6222222222222222,0.0444444444444444,0.0888888888888888,0.1111111111111111,0.2222222222222222,0.0,0.0222222222222222,0.0888888888888888,0.0222222222222222,0.0222222222222222,0.2444444444444444,0.1333333333333333,0.7777777777777778,0.0,0.1555555555555555,0.0666666666666666,0.0888888888888888,0.3333333333333333,0.0,0.4444444444444444,0.0444444444444444,0.7333333333333333,0.0,0.0444444444444444,0.4,0.0,0.0,0.0,0.2,0.2,0.0444444444444444,0.0,0.4,0.3333333333333333,0.0444444444444444,0.0,0.3111111111111111,0.0,0.0,0.3555555555555555,0.0,0.0,0.0,0.0,0.0
clonazepam,P3,open_field,mouse,NA,NA,oral,NA,mg/kg,NA,qualitative_report,NA,qualitative,NA,NA,NA,NA,Ono1976,10.1254/fpj.72.297,986989,https://pubmed.ncbi.nlm.nih.gov/986989/,abstract,manual primary-source paraphrase,qualitative_primary,Mouse-specific abstract result; rat result not transferred.,NA,NA,NA,NA,locomotion reduced,True,Y0061,NA,unavailable,Ono1976|open_field|mouse|NA|NA|oral|NA|mg/kg|NA|qualitative_report|NA|NA|NA,4,qualitative only; numerical value NA,False,0.0,0.8222222222222222,0.1111111111111111,0.8222222222222222,0.0,0.0222222222222222,0.0222222222222222,0.0222222222222222,0.0444444444444444,0.2222222222222222,0.2,0.0,0.0,0.1777777777777777,0.3111111111111111,0.5555555555555556,0.0222222222222222,0.2666666666666666,0.0666666666666666,0.0666666666666666,0.3111111111111111,0.0,0.3333333333333333,0.0,0.5333333333333333,0.2222222222222222,0.0,0.4444444444444444,0.0,0.0,0.0222222222222222,0.1111111111111111,0.0,0.0,0.0,0.4888888888888889,0.2888888888888888,0.1111111111111111,0.0,0.2,0.0,0.0,0.2888888888888888,0.0,0.0,0.0,0.0666666666666666,0.0
clonazepam,P1,rotarod,mouse,CD-1,male,intraperitoneal,2.0,mg/kg,multiple times up to 14 h,qualitative_report,NA,qualitative,NA,NA,NA,NA,Barnhill1990,NA,2162948,https://pubmed.ncbi.nlm.nih.gov/2162948/,abstract,manual primary-source paraphrase,qualitative_primary,"Age groups 6 weeks, 6 months, 1 and 2 years; no pooled numerical score.",NA,NA,NA,NA,ataxia greater and longer in aged animals,True,Y0062,NA,unavailable,Barnhill1990|rotarod|mouse|CD-1|male|intraperitoneal|2.0|mg/kg|multiple times up to 14 h|qualitative_report|NA|NA|NA,4,qualitative only; numerical value NA,False,0.0,0.8222222222222222,0.1111111111111111,0.8222222222222222,0.0,0.0222222222222222,0.0222222222222222,0.0222222222222222,0.0444444444444444,0.2222222222222222,0.2,0.0,0.0,0.1777777777777777,0.3111111111111111,0.5555555555555556,0.0222222222222222,0.2666666666666666,0.0666666666666666,0.0666666666666666,0.3111111111111111,0.0,0.3333333333333333,0.0,0.5333333333333333,0.2222222222222222,0.0,0.4444444444444444,0.0,0.0,0.0222222222222222,0.1111111111111111,0.0,0.0,0.0,0.4888888888888889,0.2888888888888888,0.1111111111111111,0.0,0.2,0.0,0.0,0.2888888888888888,0.0,0.0,0.0,0.0666666666666666,0.0
temazepam,P3,locomotor_activity,mouse,NA,NA,oral,10.0,mg/kg,NA,qualitative_report,NA,qualitative,NA,NA,NA,NA,Marshall1997,10.1016/s0091-3057(96)00132-3,9264062,https://pubmed.ncbi.nlm.nih.gov/9264062/,abstract,manual primary-source paraphrase,qualitative_primary,"Chronic regimen dose, not verified acute challenge dose; excluded from acute quantitative comparisons.",NA,NA,daily for 7 days; acute challenge,NA,tolerance to sedative effect reported,True,Y0063,NA,unavailable,Marshall1997|locomotor_activity|mouse|NA|NA|oral|10.0|mg/kg|NA|qualitative_report|NA|NA|daily for 7 days; acute challenge,4,qualitative only; numerical value NA,False,0.0,0.9111111111111112,0.2222222222222222,0.8222222222222222,0.0,0.2444444444444444,0.0444444444444444,0.2,0.0222222222222222,0.1111111111111111,0.3555555555555555,0.0,0.0,0.0666666666666666,0.2,0.8,0.0666666666666666,0.2444444444444444,0.2,0.0666666666666666,0.2888888888888888,0.0,0.5555555555555556,0.0,0.3555555555555555,0.0666666666666666,0.0888888888888888,0.7111111111111111,0.0,0.0,0.0666666666666666,0.4444444444444444,0.0666666666666666,0.0222222222222222,0.0222222222222222,0.0888888888888888,0.3333333333333333,0.0444444444444444,0.1333333333333333,0.2666666666666666,0.0222222222222222,0.0,0.5111111111111111,0.0444444444444444,0.0222222222222222,0.0222222222222222,0.0444444444444444,0.0
midazolam,P4,loss_of_righting_reflex,mouse,C57BL/6,male,intraperitoneal,90.0,mg/kg,within 10 min,LORR_count,6.0,positive_mice_count,NA,6.0,NA,NA,Shi2024_PMC11559241,10.1186/s40001-024-02142-6,NA,https://pmc.ncbi.nlm.nih.gov/articles/PMC11559241/,Table1; Animals; drug dose methods,manual primary-source paraphrase,exact_html_table,Juvenile 20-22 day mice. Remimazolam comparator outside fixed 10 drugs; no within-panel Tier1 comparison.,NA,none,acute dose determination,NA,higher fraction = more hypnosis,True,Y0064,1.0,positive_count / sample_size,Shi2024_PMC11559241|loss_of_righting_reflex|mouse|C57BL/6|male|intraperitoneal|90.0|mg/kg|within 10 min|LORR_count|NA|none|acute dose determination,2,numeric but unmatched dose/vehicle/age/study or single panel drug,False,0.0,0.9767441860465116,0.0,0.6511627906976745,0.0,0.0697674418604651,0.0930232558139534,0.0232558139534883,0.0,0.3023255813953488,0.2093023255813953,0.0,0.0,0.1162790697674418,0.2558139534883721,0.627906976744186,0.0,0.2093023255813953,0.0,0.0,0.4651162790697674,0.0,0.6666666666666666,0.0,0.3555555555555555,0.0,0.0666666666666666,0.7333333333333333,0.0,0.0,0.0,0.0,0.0222222222222222,0.0,0.2,0.2222222222222222,0.5111111111111111,0.0,0.0444444444444444,0.3777777777777777,0.1333333333333333,0.0,0.5555555555555556,0.0,0.0,0.0,0.1111111111111111,0.0
midazolam,P4,loss_of_righting_reflex,mouse,C57BL/6,male,intraperitoneal,71.25,mg/kg,within 10 min,LORR_count,5.0,positive_mice_count,NA,6.0,NA,NA,Shi2024_PMC11559241,10.1186/s40001-024-02142-6,NA,https://pmc.ncbi.nlm.nih.gov/articles/PMC11559241/,Table1; Animals; drug dose methods,manual primary-source paraphrase,exact_html_table,Juvenile 20-22 day mice. Remimazolam comparator outside fixed 10 drugs; no within-panel Tier1 comparison.,NA,none,acute dose determination,NA,higher fraction = more hypnosis,True,Y0065,0.8333333333333334,positive_count / sample_size,Shi2024_PMC11559241|loss_of_righting_reflex|mouse|C57BL/6|male|intraperitoneal|71.25|mg/kg|within 10 min|LORR_count|NA|none|acute dose determination,2,numeric but unmatched dose/vehicle/age/study or single panel drug,False,0.0,0.9767441860465116,0.0,0.6511627906976745,0.0,0.0697674418604651,0.0930232558139534,0.0232558139534883,0.0,0.3023255813953488,0.2093023255813953,0.0,0.0,0.1162790697674418,0.2558139534883721,0.627906976744186,0.0,0.2093023255813953,0.0,0.0,0.4651162790697674,0.0,0.6666666666666666,0.0,0.3555555555555555,0.0,0.0666666666666666,0.7333333333333333,0.0,0.0,0.0,0.0,0.0222222222222222,0.0,0.2,0.2222222222222222,0.5111111111111111,0.0,0.0444444444444444,0.3777777777777777,0.1333333333333333,0.0,0.5555555555555556,0.0,0.0,0.0,0.1111111111111111,0.0
midazolam,P4,loss_of_righting_reflex,mouse,C57BL/6,male,intraperitoneal,58.0,mg/kg,within 10 min,LORR_count,5.0,positive_mice_count,NA,6.0,NA,NA,Shi2024_PMC11559241,10.1186/s40001-024-02142-6,NA,https://pmc.ncbi.nlm.nih.gov/articles/PMC11559241/,Table1; Animals; drug dose methods,manual primary-source paraphrase,exact_html_table,Juvenile 20-22 day mice. Remimazolam comparator outside fixed 10 drugs; no within-panel Tier1 comparison.,NA,none,acute dose determination,NA,higher fraction = more hypnosis,True,Y0066,0.8333333333333334,positive_count / sample_size,Shi2024_PMC11559241|loss_of_righting_reflex|mouse|C57BL/6|male|intraperitoneal|58.0|mg/kg|within 10 min|LORR_count|NA|none|acute dose determination,2,numeric but unmatched dose/vehicle/age/study or single panel drug,False,0.0,0.9767441860465116,0.0,0.6511627906976745,0.0,0.0697674418604651,0.0930232558139534,0.0232558139534883,0.0,0.3023255813953488,0.2093023255813953,0.0,0.0,0.1162790697674418,0.2558139534883721,0.627906976744186,0.0,0.2093023255813953,0.0,0.0,0.4651162790697674,0.0,0.6666666666666666,0.0,0.3555555555555555,0.0,0.0666666666666666,0.7333333333333333,0.0,0.0,0.0,0.0,0.0222222222222222,0.0,0.2,0.2222222222222222,0.5111111111111111,0.0,0.0444444444444444,0.3777777777777777,0.1333333333333333,0.0,0.5555555555555556,0.0,0.0,0.0,0.1111111111111111,0.0
midazolam,P4,loss_of_righting_reflex,mouse,C57BL/6,male,intraperitoneal,46.56,mg/kg,within 10 min,LORR_count,3.0,positive_mice_count,NA,6.0,NA,NA,Shi2024_PMC11559241,10.1186/s40001-024-02142-6,NA,https://pmc.ncbi.nlm.nih.gov/articles/PMC11559241/,Table1; Animals; drug dose methods,manual primary-source paraphrase,exact_html_table,Juvenile 20-22 day mice. Remimazolam comparator outside fixed 10 drugs; no within-panel Tier1 comparison.,NA,none,acute dose determination,NA,higher fraction = more hypnosis,True,Y0067,0.5,positive_count / sample_size,Shi2024_PMC11559241|loss_of_righting_reflex|mouse|C57BL/6|male|intraperitoneal|46.56|mg/kg|within 10 min|LORR_count|NA|none|acute dose determination,2,numeric but unmatched dose/vehicle/age/study or single panel drug,False,0.0,0.9767441860465116,0.0,0.6511627906976745,0.0,0.0697674418604651,0.0930232558139534,0.0232558139534883,0.0,0.3023255813953488,0.2093023255813953,0.0,0.0,0.1162790697674418,0.2558139534883721,0.627906976744186,0.0,0.2093023255813953,0.0,0.0,0.4651162790697674,0.0,0.6666666666666666,0.0,0.3555555555555555,0.0,0.0666666666666666,0.7333333333333333,0.0,0.0,0.0,0.0,0.0222222222222222,0.0,0.2,0.2222222222222222,0.5111111111111111,0.0,0.0444444444444444,0.3777777777777777,0.1333333333333333,0.0,0.5555555555555556,0.0,0.0,0.0,0.1111111111111111,0.0
midazolam,P4,loss_of_righting_reflex,mouse,C57BL/6,male,intraperitoneal,37.38,mg/kg,within 10 min,LORR_count,2.0,positive_mice_count,NA,6.0,NA,NA,Shi2024_PMC11559241,10.1186/s40001-024-02142-6,NA,https://pmc.ncbi.nlm.nih.gov/articles/PMC11559241/,Table1; Animals; drug dose methods,manual primary-source paraphrase,exact_html_table,Juvenile 20-22 day mice. Remimazolam comparator outside fixed 10 drugs; no within-panel Tier1 comparison.,NA,none,acute dose determination,NA,higher fraction = more hypnosis,True,Y0068,0.3333333333333333,positive_count / sample_size,Shi2024_PMC11559241|loss_of_righting_reflex|mouse|C57BL/6|male|intraperitoneal|37.38|mg/kg|within 10 min|LORR_count|NA|none|acute dose determination,2,numeric but unmatched dose/vehicle/age/study or single panel drug,False,0.0,0.9767441860465116,0.0,0.6511627906976745,0.0,0.0697674418604651,0.0930232558139534,0.0232558139534883,0.0,0.3023255813953488,0.2093023255813953,0.0,0.0,0.1162790697674418,0.2558139534883721,0.627906976744186,0.0,0.2093023255813953,0.0,0.0,0.4651162790697674,0.0,0.6666666666666666,0.0,0.3555555555555555,0.0,0.0666666666666666,0.7333333333333333,0.0,0.0,0.0,0.0,0.0222222222222222,0.0,0.2,0.2222222222222222,0.5111111111111111,0.0,0.0444444444444444,0.3777777777777777,0.1333333333333333,0.0,0.5555555555555556,0.0,0.0,0.0,0.1111111111111111,0.0
midazolam,P4,loss_of_righting_reflex,mouse,C57BL/6,male,intraperitoneal,30.0,mg/kg,within 10 min,LORR_count,1.0,positive_mice_count,NA,6.0,NA,NA,Shi2024_PMC11559241,10.1186/s40001-024-02142-6,NA,https://pmc.ncbi.nlm.nih.gov/articles/PMC11559241/,Table1; Animals; drug dose methods,manual primary-source paraphrase,exact_html_table,Juvenile 20-22 day mice. Remimazolam comparator outside fixed 10 drugs; no within-panel Tier1 comparison.,NA,none,acute dose determination,NA,higher fraction = more hypnosis,True,Y0069,0.16666666666666666,positive_count / sample_size,Shi2024_PMC11559241|loss_of_righting_reflex|mouse|C57BL/6|male|intraperitoneal|30.0|mg/kg|within 10 min|LORR_count|NA|none|acute dose determination,2,numeric but unmatched dose/vehicle/age/study or single panel drug,False,0.0,0.9767441860465116,0.0,0.6511627906976745,0.0,0.0697674418604651,0.0930232558139534,0.0232558139534883,0.0,0.3023255813953488,0.2093023255813953,0.0,0.0,0.1162790697674418,0.2558139534883721,0.627906976744186,0.0,0.2093023255813953,0.0,0.0,0.4651162790697674,0.0,0.6666666666666666,0.0,0.3555555555555555,0.0,0.0666666666666666,0.7333333333333333,0.0,0.0,0.0,0.0,0.0222222222222222,0.0,0.2,0.2222222222222222,0.5111111111111111,0.0,0.0444444444444444,0.3777777777777777,0.1333333333333333,0.0,0.5555555555555556,0.0,0.0,0.0,0.1111111111111111,0.0
