feature_id,feature_label,clinical_axis,clinical_term,spearman_rho,n_effective
F01,alpha1|BZD_GAMMA2_056|ASP|any_contact_frequency,C3,Somnolence,0.5222329678670935,10
F01,alpha1|BZD_GAMMA2_056|ASP|any_contact_frequency,C3,Sedation,-0.1740776559556978,10
F01,alpha1|BZD_GAMMA2_056|ASP|any_contact_frequency,C4,Dizziness,0.1740776559556978,10
F01,alpha1|BZD_GAMMA2_056|ASP|any_contact_frequency,C4,Vertigo,-0.1740776559556978,10
F01,alpha1|BZD_GAMMA2_056|ASP|any_contact_frequency,C2,Fall,0.0580258853185659,10
F02,alpha1|BZD_GAMMA2_058|TYR|any_contact_frequency,C3,Somnolence,-0.4498501023232478,10
F02,alpha1|BZD_GAMMA2_058|TYR|any_contact_frequency,C3,Sedation,0.3161108827136336,10
F02,alpha1|BZD_GAMMA2_058|TYR|any_contact_frequency,C4,Dizziness,-0.5653521556224601,10
F02,alpha1|BZD_GAMMA2_058|TYR|any_contact_frequency,C4,Vertigo,0.1155020532992122,10
F02,alpha1|BZD_GAMMA2_058|TYR|any_contact_frequency,C2,Fall,0.0303952771840032,10
F03,alpha1|BZD_GAMMA2_060|ASN|any_contact_frequency,C3,Somnolence,0.2735574946560291,10
F03,alpha1|BZD_GAMMA2_060|ASN|any_contact_frequency,C3,Sedation,-0.1641344967936174,10
F03,alpha1|BZD_GAMMA2_060|ASN|any_contact_frequency,C4,Dizziness,0.705170430668875,10
F03,alpha1|BZD_GAMMA2_060|ASN|any_contact_frequency,C4,Vertigo,-0.0729486652416077,10
F03,alpha1|BZD_GAMMA2_060|ASN|any_contact_frequency,C2,Fall,0.516719712128055,10
F04,alpha1|BZD_GAMMA2_077|PHE|any_contact_frequency,C3,Somnolence,-0.0792697663314835,10
F04,alpha1|BZD_GAMMA2_077|PHE|any_contact_frequency,C3,Sedation,0.3048837166595521,10
F04,alpha1|BZD_GAMMA2_077|PHE|any_contact_frequency,C4,Dizziness,-0.2804930193267879,10
F04,alpha1|BZD_GAMMA2_077|PHE|any_contact_frequency,C4,Vertigo,0.7256232456497339,10
F04,alpha1|BZD_GAMMA2_077|PHE|any_contact_frequency,C2,Fall,0.3109813909927431,10
F05,alpha1|BZD_GAMMA2_079|ALA|any_contact_frequency,C3,Somnolence,0.2389760596996216,10
F05,alpha1|BZD_GAMMA2_079|ALA|any_contact_frequency,C3,Sedation,0.2389760596996216,10
F05,alpha1|BZD_GAMMA2_079|ALA|any_contact_frequency,C4,Dizziness,-0.0614509867799027,10
F05,alpha1|BZD_GAMMA2_079|ALA|any_contact_frequency,C4,Vertigo,-0.0682788741998918,10
F05,alpha1|BZD_GAMMA2_079|ALA|any_contact_frequency,C2,Fall,0.4642963445592649,10
F06,alpha1|BZD_GAMMA2_142|THR|any_contact_frequency,C3,Somnolence,-0.291794660966431,10
F06,alpha1|BZD_GAMMA2_142|THR|any_contact_frequency,C3,Sedation,-0.3829804925184407,10
F06,alpha1|BZD_GAMMA2_142|THR|any_contact_frequency,C4,Dizziness,-0.1762926076672187,10
F06,alpha1|BZD_GAMMA2_142|THR|any_contact_frequency,C4,Vertigo,0.0303952771840032,10
F06,alpha1|BZD_GAMMA2_142|THR|any_contact_frequency,C2,Fall,0.4741663240704503,10
F07,alpha1|BZD_GAMMA2_189|GLU|any_contact_frequency,C3,Somnolence,-0.1280511609970118,10
F07,alpha1|BZD_GAMMA2_189|GLU|any_contact_frequency,C3,Sedation,-0.006097674333191,10
F07,alpha1|BZD_GAMMA2_189|GLU|any_contact_frequency,C4,Dizziness,-0.0182930229995731,10
F07,alpha1|BZD_GAMMA2_189|GLU|any_contact_frequency,C4,Vertigo,-0.4085441803237997,10
F07,alpha1|BZD_GAMMA2_189|GLU|any_contact_frequency,C2,Fall,-0.7561116173156891,10
F08,alpha1|BZD_GAMMA2_192|ASP|any_contact_frequency,C3,Somnolence,0.019395245515057,10
F08,alpha1|BZD_GAMMA2_192|ASP|any_contact_frequency,C3,Sedation,-0.0323254091917617,10
F08,alpha1|BZD_GAMMA2_192|ASP|any_contact_frequency,C4,Dizziness,0.5495319562599505,10
F08,alpha1|BZD_GAMMA2_192|ASP|any_contact_frequency,C4,Vertigo,-0.5107414652298363,10
F08,alpha1|BZD_GAMMA2_192|ASP|any_contact_frequency,C2,Fall,0.1228365549286948,10
F09,alpha1|BZD_GAMMA2_195|SER|any_contact_frequency,C3,Somnolence,-0.0345999530738454,10
F09,alpha1|BZD_GAMMA2_195|SER|any_contact_frequency,C3,Sedation,0.0432499413423068,10
F09,alpha1|BZD_GAMMA2_195|SER|any_contact_frequency,C4,Dizziness,0.6227991553292184,10
F09,alpha1|BZD_GAMMA2_195|SER|any_contact_frequency,C4,Vertigo,0.2767996245907637,10
F09,alpha1|BZD_GAMMA2_195|SER|any_contact_frequency,C2,Fall,0.5103493078392206,10
F10,alpha1|BZD_SITE_100|PHE|any_contact_frequency,C3,Somnolence,-0.0666666666666666,10
F10,alpha1|BZD_SITE_100|PHE|any_contact_frequency,C3,Sedation,0.5393939393939393,10
F10,alpha1|BZD_SITE_100|PHE|any_contact_frequency,C4,Dizziness,-0.6606060606060605,10
F10,alpha1|BZD_SITE_100|PHE|any_contact_frequency,C4,Vertigo,0.3696969696969697,10
F10,alpha1|BZD_SITE_100|PHE|any_contact_frequency,C2,Fall,-0.2121212121212121,10
F11,alpha1|BZD_SITE_102|HIS|any_contact_frequency,C3,Somnolence,-0.7561116173156891,10
F11,alpha1|BZD_SITE_102|HIS|any_contact_frequency,C3,Sedation,-0.6829395253173965,10
F11,alpha1|BZD_SITE_102|HIS|any_contact_frequency,C4,Dizziness,-0.0243906973327641,10
F11,alpha1|BZD_SITE_102|HIS|any_contact_frequency,C4,Vertigo,-0.152441858329776,10
F11,alpha1|BZD_SITE_102|HIS|any_contact_frequency,C2,Fall,-0.006097674333191,10
F12,alpha1|BZD_SITE_103|ASN|any_contact_frequency,C3,Somnolence,0.4497993899599911,10
F12,alpha1|BZD_SITE_103|ASN|any_contact_frequency,C3,Sedation,0.5449492609130662,10
F12,alpha1|BZD_SITE_103|ASN|any_contact_frequency,C4,Dizziness,0.1297498240269204,10
F12,alpha1|BZD_SITE_103|ASN|any_contact_frequency,C4,Vertigo,0.1556997888323046,10
F12,alpha1|BZD_SITE_103|ASN|any_contact_frequency,C2,Fall,-0.2767996245907637,10
F13,alpha1|BZD_SITE_138|GLU|any_contact_frequency,C3,Somnolence,0.1740776559556978,10
F13,alpha1|BZD_SITE_138|GLU|any_contact_frequency,C3,Sedation,0.1740776559556978,10
F13,alpha1|BZD_SITE_138|GLU|any_contact_frequency,C4,Dizziness,0.4061811972299615,10
F13,alpha1|BZD_SITE_138|GLU|any_contact_frequency,C4,Vertigo,-0.4061811972299615,10
F13,alpha1|BZD_SITE_138|GLU|any_contact_frequency,C2,Fall,-0.0580258853185659,10
F14,alpha1|BZD_SITE_156|LYS|any_contact_frequency,C3,Somnolence,0.4601573393548865,10
F14,alpha1|BZD_SITE_156|LYS|any_contact_frequency,C3,Sedation,-0.0552188807225863,10
F14,alpha1|BZD_SITE_156|LYS|any_contact_frequency,C4,Dizziness,0.3374487155269168,10
F14,alpha1|BZD_SITE_156|LYS|any_contact_frequency,C4,Vertigo,-0.1533857797849622,10
F14,alpha1|BZD_SITE_156|LYS|any_contact_frequency,C2,Fall,-0.0920314678709773,10
F15,alpha1|BZD_SITE_160|TYR|any_contact_frequency,C3,Somnolence,-0.1393939393939393,10
F15,alpha1|BZD_SITE_160|TYR|any_contact_frequency,C3,Sedation,0.2484848484848484,10
F15,alpha1|BZD_SITE_160|TYR|any_contact_frequency,C4,Dizziness,-0.3696969696969697,10
F15,alpha1|BZD_SITE_160|TYR|any_contact_frequency,C4,Vertigo,0.4545454545454545,10
F15,alpha1|BZD_SITE_160|TYR|any_contact_frequency,C2,Fall,0.1999999999999999,10
F16,alpha1|BZD_SITE_203|VAL|any_contact_frequency,C3,Somnolence,-0.6121212121212121,10
F16,alpha1|BZD_SITE_203|VAL|any_contact_frequency,C3,Sedation,-0.4909090909090908,10
F16,alpha1|BZD_SITE_203|VAL|any_contact_frequency,C4,Dizziness,0.0303030303030303,10
F16,alpha1|BZD_SITE_203|VAL|any_contact_frequency,C4,Vertigo,-0.4181818181818181,10
F16,alpha1|BZD_SITE_203|VAL|any_contact_frequency,C2,Fall,0.0787878787878787,10
F17,alpha1|BZD_SITE_204|GLN|any_contact_frequency,C3,Somnolence,0.0205629030288166,10
F17,alpha1|BZD_SITE_204|GLN|any_contact_frequency,C3,Sedation,-0.1165231171632942,10
F17,alpha1|BZD_SITE_204|GLN|any_contact_frequency,C4,Dizziness,0.3975494585571213,10
F17,alpha1|BZD_SITE_204|GLN|any_contact_frequency,C4,Vertigo,0.5551983817780488,10
F17,alpha1|BZD_SITE_204|GLN|any_contact_frequency,C2,Fall,-0.0479801070672387,10
F18,alpha1|BZD_SITE_205|SER|any_contact_frequency,C3,Somnolence,0.2484848484848484,10
F18,alpha1|BZD_SITE_205|SER|any_contact_frequency,C3,Sedation,-0.5636363636363636,10
F18,alpha1|BZD_SITE_205|SER|any_contact_frequency,C4,Dizziness,-0.0545454545454545,10
F18,alpha1|BZD_SITE_205|SER|any_contact_frequency,C4,Vertigo,-0.1151515151515151,10
F18,alpha1|BZD_SITE_205|SER|any_contact_frequency,C2,Fall,-0.0545454545454545,10
F19,alpha1|BZD_SITE_206|SER|any_contact_frequency,C3,Somnolence,-0.0246955928858878,10
F19,alpha1|BZD_SITE_206|SER|any_contact_frequency,C3,Sedation,-0.2407820306374067,10
F19,alpha1|BZD_SITE_206|SER|any_contact_frequency,C4,Dizziness,0.6420854150330846,10
F19,alpha1|BZD_SITE_206|SER|any_contact_frequency,C4,Vertigo,0.1975647430871029,10
F19,alpha1|BZD_SITE_206|SER|any_contact_frequency,C2,Fall,0.580346432818365,10
F20,alpha1|BZD_SITE_207|THR|any_contact_frequency,C3,Somnolence,0.3109813909927431,10
F20,alpha1|BZD_SITE_207|THR|any_contact_frequency,C3,Sedation,0.5914744103195311,10
F20,alpha1|BZD_SITE_207|THR|any_contact_frequency,C4,Dizziness,0.0914651149978656,10
F20,alpha1|BZD_SITE_207|THR|any_contact_frequency,C4,Vertigo,0.5548883643203848,10
F20,alpha1|BZD_SITE_207|THR|any_contact_frequency,C2,Fall,0.5304976669876206,10
F21,alpha1|BZD_SITE_210|TYR|any_contact_frequency,C3,Somnolence,-0.3988030274409017,10
F21,alpha1|BZD_SITE_210|TYR|any_contact_frequency,C3,Sedation,-0.3497195779097138,10
F21,alpha1|BZD_SITE_210|TYR|any_contact_frequency,C4,Dizziness,-0.4356156145892926,10
F21,alpha1|BZD_SITE_210|TYR|any_contact_frequency,C4,Vertigo,-0.3129069907613228,10
F21,alpha1|BZD_SITE_210|TYR|any_contact_frequency,C2,Fall,-0.3251778531441198,10
F22,alpha2|BZD_GAMMA2_056|ASP|any_contact_frequency,C3,Somnolence,0.3113995776646092,10
F22,alpha2|BZD_GAMMA2_056|ASP|any_contact_frequency,C3,Sedation,0.1297498240269204,10
F22,alpha2|BZD_GAMMA2_056|ASP|any_contact_frequency,C4,Dizziness,0.1037998592215364,10
F22,alpha2|BZD_GAMMA2_056|ASP|any_contact_frequency,C4,Vertigo,0.1297498240269204,10
F22,alpha2|BZD_GAMMA2_056|ASP|any_contact_frequency,C2,Fall,0.3978994603492228,10
F23,alpha2|BZD_GAMMA2_058|TYR|any_contact_frequency,C3,Somnolence,-0.3658604599914624,10
F23,alpha2|BZD_GAMMA2_058|TYR|any_contact_frequency,C3,Sedation,0.5426930156540026,10
F23,alpha2|BZD_GAMMA2_058|TYR|any_contact_frequency,C4,Dizziness,-0.3658604599914624,10
F23,alpha2|BZD_GAMMA2_058|TYR|any_contact_frequency,C4,Vertigo,0.0426837203323372,10
F23,alpha2|BZD_GAMMA2_058|TYR|any_contact_frequency,C2,Fall,0.2804930193267879,10
F24,alpha2|BZD_GAMMA2_059|VAL|any_contact_frequency,C3,Somnolence,0.2022599587389726,10
F24,alpha2|BZD_GAMMA2_059|VAL|any_contact_frequency,C3,Sedation,0.1348399724926484,10
F24,alpha2|BZD_GAMMA2_059|VAL|any_contact_frequency,C4,Dizziness,0.0449466574975494,10
F24,alpha2|BZD_GAMMA2_059|VAL|any_contact_frequency,C4,Vertigo,-0.1797866299901979,10
F24,alpha2|BZD_GAMMA2_059|VAL|any_contact_frequency,C2,Fall,-0.3146266024828463,10
F25,alpha2|BZD_GAMMA2_060|ASN|any_contact_frequency,C3,Somnolence,-0.0729486652416077,10
F25,alpha2|BZD_GAMMA2_060|ASN|any_contact_frequency,C3,Sedation,-0.085106776115209,10
F25,alpha2|BZD_GAMMA2_060|ASN|any_contact_frequency,C4,Dizziness,0.3282689935872349,10
F25,alpha2|BZD_GAMMA2_060|ASN|any_contact_frequency,C4,Vertigo,-0.5471149893120582,10
F25,alpha2|BZD_GAMMA2_060|ASN|any_contact_frequency,C2,Fall,0.1641344967936174,10
F26,alpha2|BZD_GAMMA2_061|SER|any_contact_frequency,C3,Somnolence,0.1987747292785606,10
F26,alpha2|BZD_GAMMA2_061|SER|any_contact_frequency,C3,Sedation,0.1919204282689551,10
F26,alpha2|BZD_GAMMA2_061|SER|any_contact_frequency,C4,Dizziness,0.4935096726915989,10
F26,alpha2|BZD_GAMMA2_061|SER|any_contact_frequency,C4,Vertigo,0.6374499938933152,10
F26,alpha2|BZD_GAMMA2_061|SER|any_contact_frequency,C2,Fall,0.1233774181728997,10
F27,alpha2|BZD_GAMMA2_075|ASP|any_contact_frequency,C3,Somnolence,-0.6674238124719146,10
F27,alpha2|BZD_GAMMA2_075|ASP|any_contact_frequency,C3,Sedation,-0.4322363737913352,10
F27,alpha2|BZD_GAMMA2_075|ASP|any_contact_frequency,C4,Dizziness,-0.1843361005874811,10
F27,alpha2|BZD_GAMMA2_075|ASP|any_contact_frequency,C4,Vertigo,-0.3750286184365996,10
F27,alpha2|BZD_GAMMA2_075|ASP|any_contact_frequency,C2,Fall,-0.4131671220064233,10
F28,alpha2|BZD_GAMMA2_077|PHE|any_contact_frequency,C3,Somnolence,-0.2500046476608327,10
F28,alpha2|BZD_GAMMA2_077|PHE|any_contact_frequency,C3,Sedation,0.445130226322946,10
F28,alpha2|BZD_GAMMA2_077|PHE|any_contact_frequency,C4,Dizziness,-0.5731813873199579,10
F28,alpha2|BZD_GAMMA2_077|PHE|any_contact_frequency,C4,Vertigo,0.5365953413208115,10
F28,alpha2|BZD_GAMMA2_077|PHE|any_contact_frequency,C2,Fall,0.0365860459991462,10
F29,alpha2|BZD_GAMMA2_079|ALA|any_contact_frequency,C3,Somnolence,-0.1740776559556978,10
F29,alpha2|BZD_GAMMA2_079|ALA|any_contact_frequency,C3,Sedation,0.4061811972299615,10
F29,alpha2|BZD_GAMMA2_079|ALA|any_contact_frequency,C4,Dizziness,-0.0580258853185659,10
F29,alpha2|BZD_GAMMA2_079|ALA|any_contact_frequency,C4,Vertigo,0.4061811972299615,10
F29,alpha2|BZD_GAMMA2_079|ALA|any_contact_frequency,C2,Fall,0.5222329678670935,10
F30,alpha2|BZD_GAMMA2_142|THR|any_contact_frequency,C3,Somnolence,-0.1816497536376886,10
F30,alpha2|BZD_GAMMA2_142|THR|any_contact_frequency,C3,Sedation,0.0605499178792295,10
F30,alpha2|BZD_GAMMA2_142|THR|any_contact_frequency,C4,Dizziness,-0.0086499882684613,10
F30,alpha2|BZD_GAMMA2_142|THR|any_contact_frequency,C4,Vertigo,0.4497993899599911,10
F30,alpha2|BZD_GAMMA2_142|THR|any_contact_frequency,C2,Fall,0.1556997888323046,10
F31,alpha2|BZD_GAMMA2_144|ARG|any_contact_frequency,C3,Somnolence,-0.1383998122953818,10
F31,alpha2|BZD_GAMMA2_144|ARG|any_contact_frequency,C3,Sedation,-0.0432499413423068,10
F31,alpha2|BZD_GAMMA2_144|ARG|any_contact_frequency,C4,Dizziness,0.5881992022553729,10
F31,alpha2|BZD_GAMMA2_144|ARG|any_contact_frequency,C4,Vertigo,0.2421996715169182,10
F31,alpha2|BZD_GAMMA2_144|ARG|any_contact_frequency,C2,Fall,0.5276492843761433,10
F32,alpha2|BZD_GAMMA2_192|ASP|any_contact_frequency,C3,Somnolence,0.3658604599914624,10
F32,alpha2|BZD_GAMMA2_192|ASP|any_contact_frequency,C3,Sedation,-0.2378092989944506,10
F32,alpha2|BZD_GAMMA2_192|ASP|any_contact_frequency,C4,Dizziness,0.5487906899871938,10
F32,alpha2|BZD_GAMMA2_192|ASP|any_contact_frequency,C4,Vertigo,-0.158539532662967,10
F32,alpha2|BZD_GAMMA2_192|ASP|any_contact_frequency,C2,Fall,0.3963488316574177,10
F33,alpha2|BZD_GAMMA2_195|SER|any_contact_frequency,C3,Somnolence,-0.2984245952619171,10
F33,alpha2|BZD_GAMMA2_195|SER|any_contact_frequency,C3,Sedation,-0.3957369632821074,10
F33,alpha2|BZD_GAMMA2_195|SER|any_contact_frequency,C4,Dizziness,0.2140872096444188,10
F33,alpha2|BZD_GAMMA2_195|SER|any_contact_frequency,C4,Vertigo,-0.7136240321480626,10
F33,alpha2|BZD_GAMMA2_195|SER|any_contact_frequency,C2,Fall,-0.0518999296107682,10
F34,alpha2|BZD_GAMMA2_196|TRP|any_contact_frequency,C3,Somnolence,-0.1297498240269204,10
F34,alpha2|BZD_GAMMA2_196|TRP|any_contact_frequency,C3,Sedation,-0.0518999296107682,10
F34,alpha2|BZD_GAMMA2_196|TRP|any_contact_frequency,C4,Dizziness,0.5276492843761433,10
F34,alpha2|BZD_GAMMA2_196|TRP|any_contact_frequency,C4,Vertigo,-0.2940996011276864,10
F34,alpha2|BZD_GAMMA2_196|TRP|any_contact_frequency,C2,Fall,0.2248996949799955,10
F35,alpha2|BZD_SITE_100|PHE|any_contact_frequency,C3,Somnolence,-0.1094229978624116,10
F35,alpha2|BZD_SITE_100|PHE|any_contact_frequency,C3,Sedation,0.1945297739776207,10
F35,alpha2|BZD_SITE_100|PHE|any_contact_frequency,C4,Dizziness,-0.8267515394048879,10
F35,alpha2|BZD_SITE_100|PHE|any_contact_frequency,C4,Vertigo,0.2735574946560291,10
F35,alpha2|BZD_SITE_100|PHE|any_contact_frequency,C2,Fall,-0.1945297739776207,10
F36,alpha2|BZD_SITE_102|HIS|any_contact_frequency,C3,Somnolence,0.3100318272768329,10
F36,alpha2|BZD_SITE_102|HIS|any_contact_frequency,C3,Sedation,0.4924034903808523,10
F36,alpha2|BZD_SITE_102|HIS|any_contact_frequency,C4,Dizziness,0.2431622174720258,10
F36,alpha2|BZD_SITE_102|HIS|any_contact_frequency,C4,Vertigo,0.2492412729088264,10
F36,alpha2|BZD_SITE_102|HIS|any_contact_frequency,C2,Fall,0.0364743326208038,10
F37,alpha2|BZD_SITE_103|ASN|any_contact_frequency,C3,Somnolence,-0.6646465023178235,10
F37,alpha2|BZD_SITE_103|ASN|any_contact_frequency,C3,Sedation,-0.3170790653259341,10
F37,alpha2|BZD_SITE_103|ASN|any_contact_frequency,C4,Dizziness,-0.1219534866638208,10
F37,alpha2|BZD_SITE_103|ASN|any_contact_frequency,C4,Vertigo,-0.58537673598634,10
F37,alpha2|BZD_SITE_103|ASN|any_contact_frequency,C2,Fall,-0.3963488316574177,10
F38,alpha2|BZD_SITE_138|GLU|any_contact_frequency,C3,Somnolence,0.4523838666339657,10
F38,alpha2|BZD_SITE_138|GLU|any_contact_frequency,C3,Sedation,0.0548344080768443,10
F38,alpha2|BZD_SITE_138|GLU|any_contact_frequency,C4,Dizziness,0.8430790241814815,10
F38,alpha2|BZD_SITE_138|GLU|any_contact_frequency,C4,Vertigo,-0.0548344080768443,10
F38,alpha2|BZD_SITE_138|GLU|any_contact_frequency,C2,Fall,0.4249666625955435,10
F39,alpha2|BZD_SITE_154|PRO|any_contact_frequency,C3,Somnolence,-0.6991387029797651,10
F39,alpha2|BZD_SITE_154|PRO|any_contact_frequency,C3,Sedation,-0.747118810047004,10
F39,alpha2|BZD_SITE_154|PRO|any_contact_frequency,C4,Dizziness,-0.1233774181728997,10
F39,alpha2|BZD_SITE_154|PRO|any_contact_frequency,C4,Vertigo,-0.2056290302881662,10
F39,alpha2|BZD_SITE_154|PRO|any_contact_frequency,C2,Fall,-0.3084435454322494,10
F40,alpha2|BZD_SITE_156|LYS|any_contact_frequency,C3,Somnolence,-0.5914744103195311,10
F40,alpha2|BZD_SITE_156|LYS|any_contact_frequency,C3,Sedation,-0.4024465059906087,10
F40,alpha2|BZD_SITE_156|LYS|any_contact_frequency,C4,Dizziness,-0.152441858329776,10
F40,alpha2|BZD_SITE_156|LYS|any_contact_frequency,C4,Vertigo,-0.6768418509842056,10
F40,alpha2|BZD_SITE_156|LYS|any_contact_frequency,C2,Fall,-0.5731813873199579,10
F41,alpha2|BZD_SITE_160|TYR|any_contact_frequency,C3,Somnolence,-0.1230914909793327,10
F41,alpha2|BZD_SITE_160|TYR|any_contact_frequency,C3,Sedation,0.3569653238400649,10
F41,alpha2|BZD_SITE_160|TYR|any_contact_frequency,C4,Dizziness,-0.609302880347697,10
F41,alpha2|BZD_SITE_160|TYR|any_contact_frequency,C4,Vertigo,0.2338738328607321,10
F41,alpha2|BZD_SITE_160|TYR|any_contact_frequency,C2,Fall,0.1107823418813994,10
F42,alpha2|BZD_SITE_201|GLU|any_contact_frequency,C3,Somnolence,0.5222329678670935,10
F42,alpha2|BZD_SITE_201|GLU|any_contact_frequency,C3,Sedation,-0.1740776559556978,10
F42,alpha2|BZD_SITE_201|GLU|any_contact_frequency,C4,Dizziness,0.1740776559556978,10
F42,alpha2|BZD_SITE_201|GLU|any_contact_frequency,C4,Vertigo,-0.1740776559556978,10
F42,alpha2|BZD_SITE_201|GLU|any_contact_frequency,C2,Fall,0.0580258853185659,10
F43,alpha2|BZD_SITE_203|ILE|any_contact_frequency,C3,Somnolence,-0.6280604563186774,10
F43,alpha2|BZD_SITE_203|ILE|any_contact_frequency,C3,Sedation,0.012195348666382,10
F43,alpha2|BZD_SITE_203|ILE|any_contact_frequency,C4,Dizziness,-0.7195255713165428,10
F43,alpha2|BZD_SITE_203|ILE|any_contact_frequency,C4,Vertigo,0.0548790689987193,10
F43,alpha2|BZD_SITE_203|ILE|any_contact_frequency,C2,Fall,0.1097581379974387,10
F44,alpha2|BZD_SITE_204|LYS|any_contact_frequency,C3,Somnolence,-0.4944132324730442,10
F44,alpha2|BZD_SITE_204|LYS|any_contact_frequency,C3,Sedation,-0.8090398349558905,10
F44,alpha2|BZD_SITE_204|LYS|any_contact_frequency,C4,Dizziness,-0.0224733287487747,10
F44,alpha2|BZD_SITE_204|LYS|any_contact_frequency,C4,Vertigo,-0.0898933149950989,10
F44,alpha2|BZD_SITE_204|LYS|any_contact_frequency,C2,Fall,-0.1348399724926484,10
F45,alpha2|BZD_SITE_206|SER|any_contact_frequency,C3,Somnolence,-0.0074566675173482,10
F45,alpha2|BZD_SITE_206|SER|any_contact_frequency,C3,Sedation,0.0521966726214374,10
F45,alpha2|BZD_SITE_206|SER|any_contact_frequency,C4,Dizziness,0.2162433580030978,10
F45,alpha2|BZD_SITE_206|SER|any_contact_frequency,C4,Vertigo,0.2311566930377942,10
F45,alpha2|BZD_SITE_206|SER|any_contact_frequency,C2,Fall,0.6487300740092935,10
F46,alpha2|BZD_SITE_207|THR|any_contact_frequency,C3,Somnolence,-0.4151994368861456,10
F46,alpha2|BZD_SITE_207|THR|any_contact_frequency,C3,Sedation,0.1383998122953818,10
F46,alpha2|BZD_SITE_207|THR|any_contact_frequency,C4,Dizziness,0.1470498005638432,10
F46,alpha2|BZD_SITE_207|THR|any_contact_frequency,C4,Vertigo,0.3719494955438387,10
F46,alpha2|BZD_SITE_207|THR|any_contact_frequency,C2,Fall,0.7006490497453707,10
F47,alpha2|BZD_SITE_210|TYR|any_contact_frequency,C3,Somnolence,0.0733975843417573,10
F47,alpha2|BZD_SITE_210|TYR|any_contact_frequency,C3,Sedation,0.5198995557541147,10
F47,alpha2|BZD_SITE_210|TYR|any_contact_frequency,C4,Dizziness,-0.5015501596686753,10
F47,alpha2|BZD_SITE_210|TYR|any_contact_frequency,C4,Vertigo,0.3914537831560393,10
F47,alpha2|BZD_SITE_210|TYR|any_contact_frequency,C2,Fall,0.1467951686835147,10
F48,alpha2|BZD_SITE_212|VAL|any_contact_frequency,C3,Somnolence,-0.1740776559556978,10
F48,alpha2|BZD_SITE_212|VAL|any_contact_frequency,C3,Sedation,0.4061811972299615,10
F48,alpha2|BZD_SITE_212|VAL|any_contact_frequency,C4,Dizziness,-0.0580258853185659,10
F48,alpha2|BZD_SITE_212|VAL|any_contact_frequency,C4,Vertigo,0.4061811972299615,10
F48,alpha2|BZD_SITE_212|VAL|any_contact_frequency,C2,Fall,0.5222329678670935,10
