receptor,common_position,residue_name,residue_class,site_label,receptor_label,interaction_type,row_label,diazepam,alprazolam,triazolam,zolpidem,diazepam_status,alprazolam_status,triazolam_status,zolpidem_status
alpha1,BZD_GAMMA2_058,TYR,Aromatic,gamma2 TYR58,α1,hydrophobic_interaction,gamma2 TYR58 | α1 | hydrophobic,0.7777777777777778,1.0,0.8888888888888888,0.6666666666666666,observed,observed,observed,observed
alpha1,BZD_GAMMA2_058,TYR,Aromatic,gamma2 TYR58,α1,pi_stack,gamma2 TYR58 | α1 | pi-stack,0.4444444444444444,0.4444444444444444,0.5555555555555556,0.2222222222222222,observed,observed,observed,observed
alpha2,BZD_GAMMA2_058,TYR,Aromatic,gamma2 TYR58,α2,hydrophobic_interaction,gamma2 TYR58 | α2 | hydrophobic,0.3333333333333333,0.4444444444444444,0.2222222222222222,0.4444444444444444,observed,observed,observed,observed
alpha2,BZD_GAMMA2_058,TYR,Aromatic,gamma2 TYR58,α2,pi_stack,gamma2 TYR58 | α2 | pi-stack,0.0,0.0,0.1111111111111111,0.1111111111111111,no_interaction_observed,no_interaction_observed,observed,observed
alpha1,BZD_GAMMA2_077,PHE,Aromatic,gamma2 PHE77,α1,hydrophobic_interaction,gamma2 PHE77 | α1 | hydrophobic,0.7777777777777778,0.7777777777777778,0.4444444444444444,0.8888888888888888,observed,observed,observed,observed
alpha1,BZD_GAMMA2_077,PHE,Aromatic,gamma2 PHE77,α1,pi_stack,gamma2 PHE77 | α1 | pi-stack,0.2222222222222222,0.4444444444444444,0.1111111111111111,0.1111111111111111,observed,observed,observed,observed
alpha2,BZD_GAMMA2_077,PHE,Aromatic,gamma2 PHE77,α2,hydrophobic_interaction,gamma2 PHE77 | α2 | hydrophobic,0.6666666666666666,0.6666666666666666,0.4444444444444444,0.6666666666666666,observed,observed,observed,observed
alpha1,BZD_SITE_100,PHE,Aromatic,alpha PHE100,α1,hydrophobic_interaction,alpha PHE100 | α1 | hydrophobic,0.4444444444444444,0.3333333333333333,0.0,0.0,observed,observed,no_interaction_observed,no_interaction_observed
alpha2,BZD_SITE_100,PHE,Aromatic,alpha PHE100,α2,hydrophobic_interaction,alpha PHE100 | α2 | hydrophobic,0.1111111111111111,0.2222222222222222,0.0,0.3333333333333333,observed,observed,no_interaction_observed,observed
alpha1,BZD_SITE_102,HIS,Aromatic,alpha HIS102,α1,hydrophobic_interaction,alpha HIS102 | α1 | hydrophobic,0.0,0.2222222222222222,0.1111111111111111,0.1111111111111111,no_interaction_observed,observed,observed,observed
alpha1,BZD_SITE_102,HIS,Aromatic,alpha HIS102,α1,pi_stack,alpha HIS102 | α1 | pi-stack,0.1111111111111111,0.1111111111111111,0.0,0.0,observed,observed,no_interaction_observed,no_interaction_observed
alpha2,BZD_SITE_102,HIS,Aromatic,alpha HIS102,α2,hydrophobic_interaction,alpha HIS102 | α2 | hydrophobic,0.0,0.1111111111111111,0.5555555555555556,0.2222222222222222,no_interaction_observed,observed,observed,observed
alpha2,BZD_SITE_102,HIS,Aromatic,alpha HIS102,α2,pi_stack,alpha HIS102 | α2 | pi-stack,0.2222222222222222,0.3333333333333333,0.0,0.0,observed,observed,no_interaction_observed,no_interaction_observed
alpha1,BZD_SITE_210,TYR,Aromatic,alpha TYR210,α1,hydrophobic_interaction,alpha TYR210 | α1 | hydrophobic,0.2222222222222222,0.4444444444444444,0.1111111111111111,0.0,observed,observed,observed,no_interaction_observed
alpha1,BZD_SITE_210,TYR,Aromatic,alpha TYR210,α1,pi_stack,alpha TYR210 | α1 | pi-stack,0.1111111111111111,0.0,0.0,0.0,observed,no_interaction_observed,no_interaction_observed,no_interaction_observed
alpha2,BZD_SITE_210,TYR,Aromatic,alpha TYR210,α2,hydrophobic_interaction,alpha TYR210 | α2 | hydrophobic,0.1111111111111111,0.2222222222222222,0.0,0.1111111111111111,observed,observed,no_interaction_observed,observed
alpha1,BZD_GAMMA2_060,ASN,Hydrophilic / polar,gamma2 ASN60,α1,hydrogen_bond,gamma2 ASN60 | α1 | H-bond,0.0,0.0,0.1111111111111111,0.3333333333333333,no_interaction_observed,no_interaction_observed,observed,observed
alpha1,BZD_GAMMA2_060,ASN,Hydrophilic / polar,gamma2 ASN60,α1,halogen_bond,gamma2 ASN60 | α1 | halogen,0.1111111111111111,0.0,0.1111111111111111,0.0,observed,no_interaction_observed,observed,no_interaction_observed
alpha2,BZD_GAMMA2_060,ASN,Hydrophilic / polar,gamma2 ASN60,α2,halogen_bond,gamma2 ASN60 | α2 | halogen,0.0,0.0,0.2222222222222222,0.0,no_interaction_observed,no_interaction_observed,observed,no_interaction_observed
alpha2,BZD_GAMMA2_060,ASN,Hydrophilic / polar,gamma2 ASN60,α2,hydrophobic_interaction,gamma2 ASN60 | α2 | hydrophobic,0.3333333333333333,0.4444444444444444,0.5555555555555556,0.3333333333333333,observed,observed,observed,observed
alpha1,BZD_SITE_205,SER,Hydrophilic / polar,alpha SER205,α1,hydrogen_bond,alpha SER205 | α1 | H-bond,0.2222222222222222,0.2222222222222222,0.0,0.0,observed,observed,no_interaction_observed,no_interaction_observed
alpha2,BZD_SITE_205,SER,Hydrophilic / polar,alpha SER205,α2,hydrogen_bond,alpha SER205 | α2 | H-bond,0.1111111111111111,0.0,0.0,0.0,observed,no_interaction_observed,no_interaction_observed,no_interaction_observed
alpha1,BZD_SITE_156,LYS,Charged,alpha LYS156,α1,hydrogen_bond,alpha LYS156 | α1 | H-bond,0.1111111111111111,0.1111111111111111,0.3333333333333333,0.1111111111111111,observed,observed,observed,observed
alpha1,BZD_SITE_156,LYS,Charged,alpha LYS156,α1,hydrophobic_interaction,alpha LYS156 | α1 | hydrophobic,0.0,0.1111111111111111,0.0,0.2222222222222222,no_interaction_observed,observed,no_interaction_observed,observed
alpha2,BZD_SITE_156,LYS,Charged,alpha LYS156,α2,hydrophobic_interaction,alpha LYS156 | α2 | hydrophobic,0.2222222222222222,0.5555555555555556,0.5555555555555556,0.2222222222222222,observed,observed,observed,observed
