feature_id,median_rho_across_c1_terms,min_rho,max_rho,compact_label,right_annotation
F01,0.4061811972299615,0.1369306393762915,0.4123930494211612,F01 | α1 | γ2 ASP56,4/4 +
F02,-0.4596310258709609,-0.601826488243264,-0.0598813130956629,F02 | α1 | γ2 TYR58,4/4 -
F03,0.3026798340587513,-0.1171558372258012,0.6200636545536659,F03 | α1 | γ2 ASN60,3/4 +
F04,-0.025883059674901,-0.2804930193267879,0.1077863635721932,F04 | α1 | γ2 PHE77,3/4 -
F05,-0.0437005568294956,-0.0887625364598594,0.5182674893104818,F05 | α1 | γ2 ALA79,3/4 -
F06,-0.255320328345627,-0.5941474602165634,0.2634777776209169,F06 | α1 | γ2 THR142,3/4 -
F07,-0.2623647213452031,-0.8263621207201486,-0.152441858329776,F07 | α1 | γ2 GLU189,4/4 -
F08,0.1074052630976619,-0.1218543591689884,0.4978113015531316,F08 | α1 | γ2 ASP192,mixed
F09,0.4094052698328245,0.2649788667151336,0.6227991553292184,F09 | α1 | γ2 SER195,4/4 +
F10,-0.0757575757575757,-0.4666666666666666,0.2166666666666666,F10 | α1 | site PHE100,mixed
F11,-0.3266453814253222,-0.54393781569122,-0.2195162759948775,F11 | α1 | site HIS102,4/4 -
F12,0.1816497536376886,-0.2338048823957061,0.3423265984407288,F12 | α1 | site ASN103,3/4 +
F13,-0.0290129426592829,-0.2474358296526967,0.1740776559556978,F13 | α1 | site GLU138,mixed
F14,0.2144878635886364,-0.1428571428571428,0.2883652659957289,F14 | α1 | site LYS156,3/4 +
F15,-0.109090909090909,-0.3939393939393939,0.1904761904761905,F15 | α1 | site TYR160,3/4 -
F16,-0.3219696969696969,-0.5151515151515151,-0.1666666666666667,F16 | α1 | site VAL203,4/4 -
F17,0.0773435928246961,-0.3575666109671579,0.3632779535090936,F17 | α1 | site GLN204,mixed
F18,0.006060606060606,-0.0999999999999999,0.5714285714285715,F18 | α1 | site SER205,mixed
F19,0.2499347564104576,-0.1702513061517497,0.5926942292613089,F19 | α1 | site SER206,3/4 +
F20,0.2277420659474494,0.0914651149978656,0.3952166664313755,F20 | α1 | site THR207,4/4 +
F21,-0.6074076879484503,-0.6272087408492496,-0.3233590907165799,F21 | α1 | site TYR210,4/4 -
F22,0.3330245483357625,0.1369306393762915,0.4123930494211612,F22 | α2 | γ2 ASP56,4/4 +
F23,-0.210891551978033,-0.3048837166595521,0.119047619047619,F23 | α2 | γ2 TYR58,3/4 -
F24,-0.0561833218719368,-0.2649788667151336,0.3984095364447979,F24 | α2 | γ2 VAL59,mixed
F25,0.0961585691112573,-0.1033439424256109,0.2515015150017844,F25 | α2 | γ2 ASN60,3/4 +
F26,0.4187002570794906,-0.0127702361059699,0.6031784888452876,F26 | α2 | γ2 SER61,3/4 +
F27,-0.4174278209985684,-0.6508140266182866,-0.2733259422504031,F27 | α2 | γ2 ASP75,4/4 -
F28,-0.17286299694873,-0.451227900656137,0.0,F28 | α2 | γ2 PHE77,3/4 -
F29,0.0,-0.0580258853185659,0.0580258853185659,F29 | α2 | γ2 ALA79,2/2 estimable (of 4)
F30,-0.356036167302966,-0.5773502691896258,-0.0691999061476909,F30 | α2 | γ2 THR142,4/4 -
F31,0.363427106849002,0.1369306393762915,0.5881992022553729,F31 | α2 | γ2 ARG144,4/4 +
F32,0.5232329979471162,0.1757337558387018,0.6097674333191042,F32 | α2 | γ2 ASP192,4/4 +
F33,-0.1465711583140864,-0.2011122272417267,0.1232623328255744,F33 | α2 | γ2 SER195,3/4 -
F34,-0.0433350077247232,-0.1825741858350553,0.3373495424699932,F34 | α2 | γ2 TRP196,mixed
F35,-0.3284221593785363,-0.6930123197952737,0.0838338383339281,F35 | α2 | site PHE100,3/4 -
F36,0.1458973304832155,-0.0476190476190476,0.6,F36 | α2 | site HIS102,3/4 +
F37,-0.4329348776565639,-0.554257096618662,-0.235302425908485,F37 | α2 | site ASN103,4/4 -
F38,0.5705596987527947,0.4036867138796656,0.8842048302391148,F38 | α2 | site GLU138,4/4 +
F39,-0.5045856163973874,-0.6238794669049377,-0.2878806424034327,F39 | α2 | site PRO154,4/4 -
F40,-0.5498983774353998,-0.7380952380952381,-0.4207395289901818,F40 | α2 | site LYS156,4/4 -
F41,-0.2649279151448701,-0.4492839420745644,0.2289322790381429,F41 | α2 | site TYR160,3/4 -
F42,0.4061811972299615,0.1369306393762915,0.4123930494211612,F42 | α2 | site GLU201,4/4 +
F43,-0.4255837667803901,-0.7317209199829249,-0.0598813130956629,F43 | α2 | site ILE203,4/4 -
F44,-0.2867964005859824,-0.3779644730092272,-0.1573133012414231,F44 | α2 | site LYS204,4/4 -
F45,0.3802900433847582,-0.0684653196881457,0.4052617961525573,F45 | α2 | site SER206,3/4 +
F46,0.1147642052240377,-0.273861278752583,0.1643497771007659,F46 | α2 | site THR207,3/4 +
F47,-0.0475787356732767,-0.3180561988142819,0.3253248175805189,F47 | α2 | site TYR210,mixed
F48,0.0,-0.0580258853185659,0.0580258853185659,F48 | α2 | site VAL212,2/2 estimable (of 4)
