drug_id,receptor_id,pose_id,interaction_type,residue_number,residue_chain,raw_attributes,source_row_id,receptor,common_position,mapping_status,mapping_method,mapped_residue,mapping_qc_required,raw_residue_name,integration_feature_id
diazepam,alpha1_beta3_gamma2,1,hydrophobic_interaction,58,C,"{""dist"": ""3.32"", ""id"": ""1"", ""ligcarbonidx"": ""13802"", ""protcarbonidx"": ""5801"", ""reschain"": ""C"", ""reschain_lig"": ""Z"", ""resnr"": ""58"", ""resnr_lig"": ""1"", ""restype"": ""TYR"", ""restype_lig"": ""LIG""}",0,alpha1,BZD_GAMMA2_058,mapped_gamma2_sequence_alignment,global sequence alignment (Biopython PairwiseAligner) + PDB residue lookup,TYR,False,TYR,gamma2_TYR58__hydrophobic_interaction
diazepam,alpha1_beta3_gamma2,2,hydrophobic_interaction,58,C,"{""dist"": ""3.95"", ""id"": ""1"", ""ligcarbonidx"": ""13799"", ""protcarbonidx"": ""5806"", ""reschain"": ""C"", ""reschain_lig"": ""Z"", ""resnr"": ""58"", ""resnr_lig"": ""1"", ""restype"": ""TYR"", ""restype_lig"": ""LIG""}",7,alpha1,BZD_GAMMA2_058,mapped_gamma2_sequence_alignment,global sequence alignment (Biopython PairwiseAligner) + PDB residue lookup,TYR,False,TYR,gamma2_TYR58__hydrophobic_interaction
diazepam,alpha1_beta3_gamma2,4,hydrophobic_interaction,58,C,"{""dist"": ""3.17"", ""id"": ""1"", ""ligcarbonidx"": ""13796"", ""protcarbonidx"": ""5801"", ""reschain"": ""C"", ""reschain_lig"": ""Z"", ""resnr"": ""58"", ""resnr_lig"": ""1"", ""restype"": ""TYR"", ""restype_lig"": ""LIG""}",20,alpha1,BZD_GAMMA2_058,mapped_gamma2_sequence_alignment,global sequence alignment (Biopython PairwiseAligner) + PDB residue lookup,TYR,False,TYR,gamma2_TYR58__hydrophobic_interaction
diazepam,alpha1_beta3_gamma2,5,hydrophobic_interaction,58,C,"{""dist"": ""3.50"", ""id"": ""1"", ""ligcarbonidx"": ""13796"", ""protcarbonidx"": ""5803"", ""reschain"": ""C"", ""reschain_lig"": ""Z"", ""resnr"": ""58"", ""resnr_lig"": ""1"", ""restype"": ""TYR"", ""restype_lig"": ""LIG""}",25,alpha1,BZD_GAMMA2_058,mapped_gamma2_sequence_alignment,global sequence alignment (Biopython PairwiseAligner) + PDB residue lookup,TYR,False,TYR,gamma2_TYR58__hydrophobic_interaction
diazepam,alpha1_beta3_gamma2,5,hydrophobic_interaction,58,C,"{""dist"": ""3.21"", ""id"": ""2"", ""ligcarbonidx"": ""13795"", ""protcarbonidx"": ""5801"", ""reschain"": ""C"", ""reschain_lig"": ""Z"", ""resnr"": ""58"", ""resnr_lig"": ""1"", ""restype"": ""TYR"", ""restype_lig"": ""LIG""}",26,alpha1,BZD_GAMMA2_058,mapped_gamma2_sequence_alignment,global sequence alignment (Biopython PairwiseAligner) + PDB residue lookup,TYR,False,TYR,gamma2_TYR58__hydrophobic_interaction
diazepam,alpha1_beta3_gamma2,6,hydrophobic_interaction,58,C,"{""dist"": ""3.34"", ""id"": ""1"", ""ligcarbonidx"": ""13799"", ""protcarbonidx"": ""5806"", ""reschain"": ""C"", ""reschain_lig"": ""Z"", ""resnr"": ""58"", ""resnr_lig"": ""1"", ""restype"": ""TYR"", ""restype_lig"": ""LIG""}",31,alpha1,BZD_GAMMA2_058,mapped_gamma2_sequence_alignment,global sequence alignment (Biopython PairwiseAligner) + PDB residue lookup,TYR,False,TYR,gamma2_TYR58__hydrophobic_interaction
diazepam,alpha1_beta3_gamma2,6,hydrophobic_interaction,58,C,"{""dist"": ""3.89"", ""id"": ""2"", ""ligcarbonidx"": ""13793"", ""protcarbonidx"": ""5801"", ""reschain"": ""C"", ""reschain_lig"": ""Z"", ""resnr"": ""58"", ""resnr_lig"": ""1"", ""restype"": ""TYR"", ""restype_lig"": ""LIG""}",32,alpha1,BZD_GAMMA2_058,mapped_gamma2_sequence_alignment,global sequence alignment (Biopython PairwiseAligner) + PDB residue lookup,TYR,False,TYR,gamma2_TYR58__hydrophobic_interaction
diazepam,alpha1_beta3_gamma2,7,hydrophobic_interaction,58,C,"{""dist"": ""3.49"", ""id"": ""1"", ""ligcarbonidx"": ""13796"", ""protcarbonidx"": ""5806"", ""reschain"": ""C"", ""reschain_lig"": ""Z"", ""resnr"": ""58"", ""resnr_lig"": ""1"", ""restype"": ""TYR"", ""restype_lig"": ""LIG""}",38,alpha1,BZD_GAMMA2_058,mapped_gamma2_sequence_alignment,global sequence alignment (Biopython PairwiseAligner) + PDB residue lookup,TYR,False,TYR,gamma2_TYR58__hydrophobic_interaction
diazepam,alpha1_beta3_gamma2,9,hydrophobic_interaction,58,C,"{""dist"": ""3.63"", ""id"": ""1"", ""ligcarbonidx"": ""13793"", ""protcarbonidx"": ""5805"", ""reschain"": ""C"", ""reschain_lig"": ""Z"", ""resnr"": ""58"", ""resnr_lig"": ""1"", ""restype"": ""TYR"", ""restype_lig"": ""LIG""}",46,alpha1,BZD_GAMMA2_058,mapped_gamma2_sequence_alignment,global sequence alignment (Biopython PairwiseAligner) + PDB residue lookup,TYR,False,TYR,gamma2_TYR58__hydrophobic_interaction
diazepam,alpha1_beta3_gamma2,9,hydrophobic_interaction,58,C,"{""dist"": ""3.66"", ""id"": ""2"", ""ligcarbonidx"": ""13799"", ""protcarbonidx"": ""5806"", ""reschain"": ""C"", ""reschain_lig"": ""Z"", ""resnr"": ""58"", ""resnr_lig"": ""1"", ""restype"": ""TYR"", ""restype_lig"": ""LIG""}",47,alpha1,BZD_GAMMA2_058,mapped_gamma2_sequence_alignment,global sequence alignment (Biopython PairwiseAligner) + PDB residue lookup,TYR,False,TYR,gamma2_TYR58__hydrophobic_interaction
diazepam,alpha1_beta3_gamma2,1,pi_stack,58,C,"{""angle"": ""22.39"", ""centdist"": ""4.07"", ""id"": ""1"", ""offset"": ""1.82"", ""reschain"": ""C"", ""reschain_lig"": ""Z"", ""resnr"": ""58"", ""resnr_lig"": ""1"", ""restype"": ""TYR"", ""restype_lig"": ""LIG"", ""type"": ""P""}",5,alpha1,BZD_GAMMA2_058,mapped_gamma2_sequence_alignment,global sequence alignment (Biopython PairwiseAligner) + PDB residue lookup,TYR,False,TYR,gamma2_TYR58__pi_stack
diazepam,alpha1_beta3_gamma2,3,pi_stack,58,C,"{""angle"": ""12.92"", ""centdist"": ""3.94"", ""id"": ""1"", ""offset"": ""1.55"", ""reschain"": ""C"", ""reschain_lig"": ""Z"", ""resnr"": ""58"", ""resnr_lig"": ""1"", ""restype"": ""TYR"", ""restype_lig"": ""LIG"", ""type"": ""P""}",19,alpha1,BZD_GAMMA2_058,mapped_gamma2_sequence_alignment,global sequence alignment (Biopython PairwiseAligner) + PDB residue lookup,TYR,False,TYR,gamma2_TYR58__pi_stack
diazepam,alpha1_beta3_gamma2,4,pi_stack,58,C,"{""angle"": ""13.43"", ""centdist"": ""4.13"", ""id"": ""1"", ""offset"": ""1.69"", ""reschain"": ""C"", ""reschain_lig"": ""Z"", ""resnr"": ""58"", ""resnr_lig"": ""1"", ""restype"": ""TYR"", ""restype_lig"": ""LIG"", ""type"": ""P""}",24,alpha1,BZD_GAMMA2_058,mapped_gamma2_sequence_alignment,global sequence alignment (Biopython PairwiseAligner) + PDB residue lookup,TYR,False,TYR,gamma2_TYR58__pi_stack
diazepam,alpha1_beta3_gamma2,6,pi_stack,58,C,"{""angle"": ""26.01"", ""centdist"": ""3.73"", ""id"": ""1"", ""offset"": ""1.09"", ""reschain"": ""C"", ""reschain_lig"": ""Z"", ""resnr"": ""58"", ""resnr_lig"": ""1"", ""restype"": ""TYR"", ""restype_lig"": ""LIG"", ""type"": ""P""}",35,alpha1,BZD_GAMMA2_058,mapped_gamma2_sequence_alignment,global sequence alignment (Biopython PairwiseAligner) + PDB residue lookup,TYR,False,TYR,gamma2_TYR58__pi_stack
diazepam,alpha1_beta3_gamma2,1,hydrophobic_interaction,77,C,"{""dist"": ""3.57"", ""id"": ""2"", ""ligcarbonidx"": ""13793"", ""protcarbonidx"": ""5953"", ""reschain"": ""C"", ""reschain_lig"": ""Z"", ""resnr"": ""77"", ""resnr_lig"": ""1"", ""restype"": ""PHE"", ""restype_lig"": ""LIG""}",1,alpha1,BZD_GAMMA2_077,mapped_gamma2_sequence_alignment,global sequence alignment (Biopython PairwiseAligner) + PDB residue lookup,PHE,False,PHE,gamma2_PHE77__hydrophobic_interaction
diazepam,alpha1_beta3_gamma2,1,hydrophobic_interaction,77,C,"{""dist"": ""3.52"", ""id"": ""3"", ""ligcarbonidx"": ""13799"", ""protcarbonidx"": ""5950"", ""reschain"": ""C"", ""reschain_lig"": ""Z"", ""resnr"": ""77"", ""resnr_lig"": ""1"", ""restype"": ""PHE"", ""restype_lig"": ""LIG""}",2,alpha1,BZD_GAMMA2_077,mapped_gamma2_sequence_alignment,global sequence alignment (Biopython PairwiseAligner) + PDB residue lookup,PHE,False,PHE,gamma2_PHE77__hydrophobic_interaction
diazepam,alpha1_beta3_gamma2,2,hydrophobic_interaction,77,C,"{""dist"": ""3.37"", ""id"": ""2"", ""ligcarbonidx"": ""13793"", ""protcarbonidx"": ""5953"", ""reschain"": ""C"", ""reschain_lig"": ""Z"", ""resnr"": ""77"", ""resnr_lig"": ""1"", ""restype"": ""PHE"", ""restype_lig"": ""LIG""}",8,alpha1,BZD_GAMMA2_077,mapped_gamma2_sequence_alignment,global sequence alignment (Biopython PairwiseAligner) + PDB residue lookup,PHE,False,PHE,gamma2_PHE77__hydrophobic_interaction
diazepam,alpha1_beta3_gamma2,3,hydrophobic_interaction,77,C,"{""dist"": ""3.30"", ""id"": ""1"", ""ligcarbonidx"": ""13793"", ""protcarbonidx"": ""5953"", ""reschain"": ""C"", ""reschain_lig"": ""Z"", ""resnr"": ""77"", ""resnr_lig"": ""1"", ""restype"": ""PHE"", ""restype_lig"": ""LIG""}",15,alpha1,BZD_GAMMA2_077,mapped_gamma2_sequence_alignment,global sequence alignment (Biopython PairwiseAligner) + PDB residue lookup,PHE,False,PHE,gamma2_PHE77__hydrophobic_interaction
diazepam,alpha1_beta3_gamma2,4,hydrophobic_interaction,77,C,"{""dist"": ""3.72"", ""id"": ""2"", ""ligcarbonidx"": ""13803"", ""protcarbonidx"": ""5955"", ""reschain"": ""C"", ""reschain_lig"": ""Z"", ""resnr"": ""77"", ""resnr_lig"": ""1"", ""restype"": ""PHE"", ""restype_lig"": ""LIG""}",21,alpha1,BZD_GAMMA2_077,mapped_gamma2_sequence_alignment,global sequence alignment (Biopython PairwiseAligner) + PDB residue lookup,PHE,False,PHE,gamma2_PHE77__hydrophobic_interaction
diazepam,alpha1_beta3_gamma2,4,hydrophobic_interaction,77,C,"{""dist"": ""3.41"", ""id"": ""3"", ""ligcarbonidx"": ""13796"", ""protcarbonidx"": ""5949"", ""reschain"": ""C"", ""reschain_lig"": ""Z"", ""resnr"": ""77"", ""resnr_lig"": ""1"", ""restype"": ""PHE"", ""restype_lig"": ""LIG""}",22,alpha1,BZD_GAMMA2_077,mapped_gamma2_sequence_alignment,global sequence alignment (Biopython PairwiseAligner) + PDB residue lookup,PHE,False,PHE,gamma2_PHE77__hydrophobic_interaction
diazepam,alpha1_beta3_gamma2,5,hydrophobic_interaction,77,C,"{""dist"": ""3.85"", ""id"": ""3"", ""ligcarbonidx"": ""13798"", ""protcarbonidx"": ""5955"", ""reschain"": ""C"", ""reschain_lig"": ""Z"", ""resnr"": ""77"", ""resnr_lig"": ""1"", ""restype"": ""PHE"", ""restype_lig"": ""LIG""}",27,alpha1,BZD_GAMMA2_077,mapped_gamma2_sequence_alignment,global sequence alignment (Biopython PairwiseAligner) + PDB residue lookup,PHE,False,PHE,gamma2_PHE77__hydrophobic_interaction
diazepam,alpha1_beta3_gamma2,5,hydrophobic_interaction,77,C,"{""dist"": ""3.24"", ""id"": ""4"", ""ligcarbonidx"": ""13799"", ""protcarbonidx"": ""5954"", ""reschain"": ""C"", ""reschain_lig"": ""Z"", ""resnr"": ""77"", ""resnr_lig"": ""1"", ""restype"": ""PHE"", ""restype_lig"": ""LIG""}",28,alpha1,BZD_GAMMA2_077,mapped_gamma2_sequence_alignment,global sequence alignment (Biopython PairwiseAligner) + PDB residue lookup,PHE,False,PHE,gamma2_PHE77__hydrophobic_interaction
diazepam,alpha1_beta3_gamma2,5,hydrophobic_interaction,77,C,"{""dist"": ""3.41"", ""id"": ""5"", ""ligcarbonidx"": ""13793"", ""protcarbonidx"": ""5949"", ""reschain"": ""C"", ""reschain_lig"": ""Z"", ""resnr"": ""77"", ""resnr_lig"": ""1"", ""restype"": ""PHE"", ""restype_lig"": ""LIG""}",29,alpha1,BZD_GAMMA2_077,mapped_gamma2_sequence_alignment,global sequence alignment (Biopython PairwiseAligner) + PDB residue lookup,PHE,False,PHE,gamma2_PHE77__hydrophobic_interaction
diazepam,alpha1_beta3_gamma2,7,hydrophobic_interaction,77,C,"{""dist"": ""3.81"", ""id"": ""2"", ""ligcarbonidx"": ""13793"", ""protcarbonidx"": ""5954"", ""reschain"": ""C"", ""reschain_lig"": ""Z"", ""resnr"": ""77"", ""resnr_lig"": ""1"", ""restype"": ""PHE"", ""restype_lig"": ""LIG""}",39,alpha1,BZD_GAMMA2_077,mapped_gamma2_sequence_alignment,global sequence alignment (Biopython PairwiseAligner) + PDB residue lookup,PHE,False,PHE,gamma2_PHE77__hydrophobic_interaction
diazepam,alpha1_beta3_gamma2,8,hydrophobic_interaction,77,C,"{""dist"": ""3.21"", ""id"": ""1"", ""ligcarbonidx"": ""13797"", ""protcarbonidx"": ""5955"", ""reschain"": ""C"", ""reschain_lig"": ""Z"", ""resnr"": ""77"", ""resnr_lig"": ""1"", ""restype"": ""PHE"", ""restype_lig"": ""LIG""}",42,alpha1,BZD_GAMMA2_077,mapped_gamma2_sequence_alignment,global sequence alignment (Biopython PairwiseAligner) + PDB residue lookup,PHE,False,PHE,gamma2_PHE77__hydrophobic_interaction
diazepam,alpha1_beta3_gamma2,8,hydrophobic_interaction,77,C,"{""dist"": ""3.47"", ""id"": ""2"", ""ligcarbonidx"": ""13796"", ""protcarbonidx"": ""5954"", ""reschain"": ""C"", ""reschain_lig"": ""Z"", ""resnr"": ""77"", ""resnr_lig"": ""1"", ""restype"": ""PHE"", ""restype_lig"": ""LIG""}",43,alpha1,BZD_GAMMA2_077,mapped_gamma2_sequence_alignment,global sequence alignment (Biopython PairwiseAligner) + PDB residue lookup,PHE,False,PHE,gamma2_PHE77__hydrophobic_interaction
diazepam,alpha1_beta3_gamma2,6,pi_stack,77,C,"{""angle"": ""16.90"", ""centdist"": ""4.73"", ""id"": ""2"", ""offset"": ""1.71"", ""reschain"": ""C"", ""reschain_lig"": ""Z"", ""resnr"": ""77"", ""resnr_lig"": ""1"", ""restype"": ""PHE"", ""restype_lig"": ""LIG"", ""type"": ""P""}",36,alpha1,BZD_GAMMA2_077,mapped_gamma2_sequence_alignment,global sequence alignment (Biopython PairwiseAligner) + PDB residue lookup,PHE,False,PHE,gamma2_PHE77__pi_stack
diazepam,alpha1_beta3_gamma2,8,pi_stack,77,C,"{""angle"": ""17.47"", ""centdist"": ""4.32"", ""id"": ""1"", ""offset"": ""1.09"", ""reschain"": ""C"", ""reschain_lig"": ""Z"", ""resnr"": ""77"", ""resnr_lig"": ""1"", ""restype"": ""PHE"", ""restype_lig"": ""LIG"", ""type"": ""P""}",45,alpha1,BZD_GAMMA2_077,mapped_gamma2_sequence_alignment,global sequence alignment (Biopython PairwiseAligner) + PDB residue lookup,PHE,False,PHE,gamma2_PHE77__pi_stack
diazepam,alpha1_beta3_gamma2,2,pi_stack,102,D,"{""angle"": ""75.69"", ""centdist"": ""4.81"", ""id"": ""1"", ""offset"": ""1.34"", ""reschain"": ""D"", ""reschain_lig"": ""Z"", ""resnr"": ""102"", ""resnr_lig"": ""1"", ""restype"": ""HIS"", ""restype_lig"": ""LIG"", ""type"": ""T""}",14,alpha1,BZD_SITE_102,mapped_global_sequence_alignment,global sequence alignment (Biopython PairwiseAligner) + PDB residue lookup,HIS,False,HIS,alpha_HIS102__pi_stack
diazepam,alpha1_beta3_gamma2,7,hydrogen_bond,156,D,"{""acceptoridx"": ""13788"", ""acceptortype"": ""O2"", ""dist_d-a"": ""3.68"", ""dist_h-a"": ""2.86"", ""don_angle"": ""137.26"", ""donoridx"": ""9439"", ""donortype"": ""N3"", ""id"": ""1"", ""protisdon"": ""True"", ""reschain"": ""D"", ""reschain_lig"": ""Z"", ""resnr"": ""156"", ""resnr_lig"": ""1"", ""restype"": ""LYS"", ""restype_lig"": ""LIG"", ""sidechain"": ""True""}",41,alpha1,BZD_SITE_156,mapped_global_sequence_alignment,global sequence alignment (Biopython PairwiseAligner) + PDB residue lookup,LYS,False,LYS,alpha_LYS156__hydrogen_bond
diazepam,alpha1_beta3_gamma2,6,hydrogen_bond,205,D,"{""acceptoridx"": ""13790"", ""acceptortype"": ""N2"", ""dist_d-a"": ""3.25"", ""dist_h-a"": ""2.75"", ""don_angle"": ""112.56"", ""donoridx"": ""9826"", ""donortype"": ""O3"", ""id"": ""1"", ""protisdon"": ""True"", ""reschain"": ""D"", ""reschain_lig"": ""Z"", ""resnr"": ""205"", ""resnr_lig"": ""1"", ""restype"": ""SER"", ""restype_lig"": ""LIG"", ""sidechain"": ""True""}",34,alpha1,BZD_SITE_205,mapped_global_sequence_alignment,global sequence alignment (Biopython PairwiseAligner) + PDB residue lookup,SER,False,SER,alpha_SER205__hydrogen_bond
diazepam,alpha1_beta3_gamma2,9,hydrogen_bond,205,D,"{""acceptoridx"": ""13788"", ""acceptortype"": ""O2"", ""dist_d-a"": ""3.30"", ""dist_h-a"": ""2.80"", ""don_angle"": ""112.96"", ""donoridx"": ""9826"", ""donortype"": ""O3"", ""id"": ""1"", ""protisdon"": ""True"", ""reschain"": ""D"", ""reschain_lig"": ""Z"", ""resnr"": ""205"", ""resnr_lig"": ""1"", ""restype"": ""SER"", ""restype_lig"": ""LIG"", ""sidechain"": ""True""}",49,alpha1,BZD_SITE_205,mapped_global_sequence_alignment,global sequence alignment (Biopython PairwiseAligner) + PDB residue lookup,SER,False,SER,alpha_SER205__hydrogen_bond
diazepam,alpha1_beta3_gamma2,6,halogen_bond,60,C,"{""acc_angle"": ""101.99"", ""acc_idx"": ""5822"", ""acceptortype"": ""O2"", ""dist"": ""3.15"", ""don_angle"": ""137.67"", ""don_idx"": ""13801"", ""donortype"": ""Cl"", ""id"": ""1"", ""reschain"": ""C"", ""reschain_lig"": ""Z"", ""resnr"": ""60"", ""resnr_lig"": ""1"", ""restype"": ""ASN"", ""restype_lig"": ""LIG"", ""sidechain"": ""True""}",37,alpha1,BZD_GAMMA2_060,mapped_gamma2_sequence_alignment,global sequence alignment (Biopython PairwiseAligner) + PDB residue lookup,ASN,False,ASN,gamma2_ASN60__halogen_bond
alprazolam,alpha1_beta3_gamma2,1,hydrophobic_interaction,58,C,"{""dist"": ""3.85"", ""id"": ""1"", ""ligcarbonidx"": ""13794"", ""protcarbonidx"": ""5806"", ""reschain"": ""C"", ""reschain_lig"": ""Z"", ""resnr"": ""58"", ""resnr_lig"": ""1"", ""restype"": ""TYR"", ""restype_lig"": ""LIG""}",238,alpha1,BZD_GAMMA2_058,mapped_gamma2_sequence_alignment,global sequence alignment (Biopython PairwiseAligner) + PDB residue lookup,TYR,False,TYR,gamma2_TYR58__hydrophobic_interaction
alprazolam,alpha1_beta3_gamma2,1,hydrophobic_interaction,58,C,"{""dist"": ""3.74"", ""id"": ""2"", ""ligcarbonidx"": ""13795"", ""protcarbonidx"": ""5805"", ""reschain"": ""C"", ""reschain_lig"": ""Z"", ""resnr"": ""58"", ""resnr_lig"": ""1"", ""restype"": ""TYR"", ""restype_lig"": ""LIG""}",239,alpha1,BZD_GAMMA2_058,mapped_gamma2_sequence_alignment,global sequence alignment (Biopython PairwiseAligner) + PDB residue lookup,TYR,False,TYR,gamma2_TYR58__hydrophobic_interaction
alprazolam,alpha1_beta3_gamma2,2,hydrophobic_interaction,58,C,"{""dist"": ""3.58"", ""id"": ""1"", ""ligcarbonidx"": ""13795"", ""protcarbonidx"": ""5803"", ""reschain"": ""C"", ""reschain_lig"": ""Z"", ""resnr"": ""58"", ""resnr_lig"": ""1"", ""restype"": ""TYR"", ""restype_lig"": ""LIG""}",250,alpha1,BZD_GAMMA2_058,mapped_gamma2_sequence_alignment,global sequence alignment (Biopython PairwiseAligner) + PDB residue lookup,TYR,False,TYR,gamma2_TYR58__hydrophobic_interaction
alprazolam,alpha1_beta3_gamma2,3,hydrophobic_interaction,58,C,"{""dist"": ""3.06"", ""id"": ""1"", ""ligcarbonidx"": ""13801"", ""protcarbonidx"": ""5805"", ""reschain"": ""C"", ""reschain_lig"": ""Z"", ""resnr"": ""58"", ""resnr_lig"": ""1"", ""restype"": ""TYR"", ""restype_lig"": ""LIG""}",254,alpha1,BZD_GAMMA2_058,mapped_gamma2_sequence_alignment,global sequence alignment (Biopython PairwiseAligner) + PDB residue lookup,TYR,False,TYR,gamma2_TYR58__hydrophobic_interaction
alprazolam,alpha1_beta3_gamma2,3,hydrophobic_interaction,58,C,"{""dist"": ""3.77"", ""id"": ""2"", ""ligcarbonidx"": ""13796"", ""protcarbonidx"": ""5806"", ""reschain"": ""C"", ""reschain_lig"": ""Z"", ""resnr"": ""58"", ""resnr_lig"": ""1"", ""restype"": ""TYR"", ""restype_lig"": ""LIG""}",255,alpha1,BZD_GAMMA2_058,mapped_gamma2_sequence_alignment,global sequence alignment (Biopython PairwiseAligner) + PDB residue lookup,TYR,False,TYR,gamma2_TYR58__hydrophobic_interaction
alprazolam,alpha1_beta3_gamma2,3,hydrophobic_interaction,58,C,"{""dist"": ""3.24"", ""id"": ""3"", ""ligcarbonidx"": ""13800"", ""protcarbonidx"": ""5803"", ""reschain"": ""C"", ""reschain_lig"": ""Z"", ""resnr"": ""58"", ""resnr_lig"": ""1"", ""restype"": ""TYR"", ""restype_lig"": ""LIG""}",256,alpha1,BZD_GAMMA2_058,mapped_gamma2_sequence_alignment,global sequence alignment (Biopython PairwiseAligner) + PDB residue lookup,TYR,False,TYR,gamma2_TYR58__hydrophobic_interaction
alprazolam,alpha1_beta3_gamma2,4,hydrophobic_interaction,58,C,"{""dist"": ""3.13"", ""id"": ""1"", ""ligcarbonidx"": ""13803"", ""protcarbonidx"": ""5801"", ""reschain"": ""C"", ""reschain_lig"": ""Z"", ""resnr"": ""58"", ""resnr_lig"": ""1"", ""restype"": ""TYR"", ""restype_lig"": ""LIG""}",262,alpha1,BZD_GAMMA2_058,mapped_gamma2_sequence_alignment,global sequence alignment (Biopython PairwiseAligner) + PDB residue lookup,TYR,False,TYR,gamma2_TYR58__hydrophobic_interaction
alprazolam,alpha1_beta3_gamma2,5,hydrophobic_interaction,58,C,"{""dist"": ""3.81"", ""id"": ""1"", ""ligcarbonidx"": ""13804"", ""protcarbonidx"": ""5806"", ""reschain"": ""C"", ""reschain_lig"": ""Z"", ""resnr"": ""58"", ""resnr_lig"": ""1"", ""restype"": ""TYR"", ""restype_lig"": ""LIG""}",269,alpha1,BZD_GAMMA2_058,mapped_gamma2_sequence_alignment,global sequence alignment (Biopython PairwiseAligner) + PDB residue lookup,TYR,False,TYR,gamma2_TYR58__hydrophobic_interaction
alprazolam,alpha1_beta3_gamma2,5,hydrophobic_interaction,58,C,"{""dist"": ""3.38"", ""id"": ""2"", ""ligcarbonidx"": ""13785"", ""protcarbonidx"": ""5801"", ""reschain"": ""C"", ""reschain_lig"": ""Z"", ""resnr"": ""58"", ""resnr_lig"": ""1"", ""restype"": ""TYR"", ""restype_lig"": ""LIG""}",270,alpha1,BZD_GAMMA2_058,mapped_gamma2_sequence_alignment,global sequence alignment (Biopython PairwiseAligner) + PDB residue lookup,TYR,False,TYR,gamma2_TYR58__hydrophobic_interaction
alprazolam,alpha1_beta3_gamma2,6,hydrophobic_interaction,58,C,"{""dist"": ""3.85"", ""id"": ""1"", ""ligcarbonidx"": ""13804"", ""protcarbonidx"": ""5806"", ""reschain"": ""C"", ""reschain_lig"": ""Z"", ""resnr"": ""58"", ""resnr_lig"": ""1"", ""restype"": ""TYR"", ""restype_lig"": ""LIG""}",275,alpha1,BZD_GAMMA2_058,mapped_gamma2_sequence_alignment,global sequence alignment (Biopython PairwiseAligner) + PDB residue lookup,TYR,False,TYR,gamma2_TYR58__hydrophobic_interaction
alprazolam,alpha1_beta3_gamma2,6,hydrophobic_interaction,58,C,"{""dist"": ""3.52"", ""id"": ""2"", ""ligcarbonidx"": ""13785"", ""protcarbonidx"": ""5804"", ""reschain"": ""C"", ""reschain_lig"": ""Z"", ""resnr"": ""58"", ""resnr_lig"": ""1"", ""restype"": ""TYR"", ""restype_lig"": ""LIG""}",276,alpha1,BZD_GAMMA2_058,mapped_gamma2_sequence_alignment,global sequence alignment (Biopython PairwiseAligner) + PDB residue lookup,TYR,False,TYR,gamma2_TYR58__hydrophobic_interaction
alprazolam,alpha1_beta3_gamma2,7,hydrophobic_interaction,58,C,"{""dist"": ""3.10"", ""id"": ""1"", ""ligcarbonidx"": ""13800"", ""protcarbonidx"": ""5805"", ""reschain"": ""C"", ""reschain_lig"": ""Z"", ""resnr"": ""58"", ""resnr_lig"": ""1"", ""restype"": ""TYR"", ""restype_lig"": ""LIG""}",279,alpha1,BZD_GAMMA2_058,mapped_gamma2_sequence_alignment,global sequence alignment (Biopython PairwiseAligner) + PDB residue lookup,TYR,False,TYR,gamma2_TYR58__hydrophobic_interaction
alprazolam,alpha1_beta3_gamma2,7,hydrophobic_interaction,58,C,"{""dist"": ""3.43"", ""id"": ""2"", ""ligcarbonidx"": ""13796"", ""protcarbonidx"": ""5806"", ""reschain"": ""C"", ""reschain_lig"": ""Z"", ""resnr"": ""58"", ""resnr_lig"": ""1"", ""restype"": ""TYR"", ""restype_lig"": ""LIG""}",280,alpha1,BZD_GAMMA2_058,mapped_gamma2_sequence_alignment,global sequence alignment (Biopython PairwiseAligner) + PDB residue lookup,TYR,False,TYR,gamma2_TYR58__hydrophobic_interaction
alprazolam,alpha1_beta3_gamma2,8,hydrophobic_interaction,58,C,"{""dist"": ""3.57"", ""id"": ""1"", ""ligcarbonidx"": ""13794"", ""protcarbonidx"": ""5806"", ""reschain"": ""C"", ""reschain_lig"": ""Z"", ""resnr"": ""58"", ""resnr_lig"": ""1"", ""restype"": ""TYR"", ""restype_lig"": ""LIG""}",286,alpha1,BZD_GAMMA2_058,mapped_gamma2_sequence_alignment,global sequence alignment (Biopython PairwiseAligner) + PDB residue lookup,TYR,False,TYR,gamma2_TYR58__hydrophobic_interaction
alprazolam,alpha1_beta3_gamma2,9,hydrophobic_interaction,58,C,"{""dist"": ""3.85"", ""id"": ""1"", ""ligcarbonidx"": ""13792"", ""protcarbonidx"": ""5806"", ""reschain"": ""C"", ""reschain_lig"": ""Z"", ""resnr"": ""58"", ""resnr_lig"": ""1"", ""restype"": ""TYR"", ""restype_lig"": ""LIG""}",292,alpha1,BZD_GAMMA2_058,mapped_gamma2_sequence_alignment,global sequence alignment (Biopython PairwiseAligner) + PDB residue lookup,TYR,False,TYR,gamma2_TYR58__hydrophobic_interaction
alprazolam,alpha1_beta3_gamma2,2,pi_stack,58,C,"{""angle"": ""9.52"", ""centdist"": ""3.93"", ""id"": ""1"", ""offset"": ""1.56"", ""reschain"": ""C"", ""reschain_lig"": ""Z"", ""resnr"": ""58"", ""resnr_lig"": ""1"", ""restype"": ""TYR"", ""restype_lig"": ""LIG"", ""type"": ""P""}",252,alpha1,BZD_GAMMA2_058,mapped_gamma2_sequence_alignment,global sequence alignment (Biopython PairwiseAligner) + PDB residue lookup,TYR,False,TYR,gamma2_TYR58__pi_stack
alprazolam,alpha1_beta3_gamma2,4,pi_stack,58,C,"{""angle"": ""14.48"", ""centdist"": ""4.15"", ""id"": ""1"", ""offset"": ""1.70"", ""reschain"": ""C"", ""reschain_lig"": ""Z"", ""resnr"": ""58"", ""resnr_lig"": ""1"", ""restype"": ""TYR"", ""restype_lig"": ""LIG"", ""type"": ""P""}",267,alpha1,BZD_GAMMA2_058,mapped_gamma2_sequence_alignment,global sequence alignment (Biopython PairwiseAligner) + PDB residue lookup,TYR,False,TYR,gamma2_TYR58__pi_stack
alprazolam,alpha1_beta3_gamma2,5,pi_stack,58,C,"{""angle"": ""21.92"", ""centdist"": ""4.03"", ""id"": ""1"", ""offset"": ""1.12"", ""reschain"": ""C"", ""reschain_lig"": ""Z"", ""resnr"": ""58"", ""resnr_lig"": ""1"", ""restype"": ""TYR"", ""restype_lig"": ""LIG"", ""type"": ""P""}",274,alpha1,BZD_GAMMA2_058,mapped_gamma2_sequence_alignment,global sequence alignment (Biopython PairwiseAligner) + PDB residue lookup,TYR,False,TYR,gamma2_TYR58__pi_stack
alprazolam,alpha1_beta3_gamma2,6,pi_stack,58,C,"{""angle"": ""20.17"", ""centdist"": ""4.60"", ""id"": ""1"", ""offset"": ""1.75"", ""reschain"": ""C"", ""reschain_lig"": ""Z"", ""resnr"": ""58"", ""resnr_lig"": ""1"", ""restype"": ""TYR"", ""restype_lig"": ""LIG"", ""type"": ""P""}",278,alpha1,BZD_GAMMA2_058,mapped_gamma2_sequence_alignment,global sequence alignment (Biopython PairwiseAligner) + PDB residue lookup,TYR,False,TYR,gamma2_TYR58__pi_stack
alprazolam,alpha1_beta3_gamma2,1,hydrophobic_interaction,77,C,"{""dist"": ""3.46"", ""id"": ""3"", ""ligcarbonidx"": ""13800"", ""protcarbonidx"": ""5953"", ""reschain"": ""C"", ""reschain_lig"": ""Z"", ""resnr"": ""77"", ""resnr_lig"": ""1"", ""restype"": ""PHE"", ""restype_lig"": ""LIG""}",240,alpha1,BZD_GAMMA2_077,mapped_gamma2_sequence_alignment,global sequence alignment (Biopython PairwiseAligner) + PDB residue lookup,PHE,False,PHE,gamma2_PHE77__hydrophobic_interaction
alprazolam,alpha1_beta3_gamma2,3,hydrophobic_interaction,77,C,"{""dist"": ""3.92"", ""id"": ""4"", ""ligcarbonidx"": ""13795"", ""protcarbonidx"": ""5954"", ""reschain"": ""C"", ""reschain_lig"": ""Z"", ""resnr"": ""77"", ""resnr_lig"": ""1"", ""restype"": ""PHE"", ""restype_lig"": ""LIG""}",257,alpha1,BZD_GAMMA2_077,mapped_gamma2_sequence_alignment,global sequence alignment (Biopython PairwiseAligner) + PDB residue lookup,PHE,False,PHE,gamma2_PHE77__hydrophobic_interaction
alprazolam,alpha1_beta3_gamma2,4,hydrophobic_interaction,77,C,"{""dist"": ""3.37"", ""id"": ""2"", ""ligcarbonidx"": ""13785"", ""protcarbonidx"": ""5955"", ""reschain"": ""C"", ""reschain_lig"": ""Z"", ""resnr"": ""77"", ""resnr_lig"": ""1"", ""restype"": ""PHE"", ""restype_lig"": ""LIG""}",263,alpha1,BZD_GAMMA2_077,mapped_gamma2_sequence_alignment,global sequence alignment (Biopython PairwiseAligner) + PDB residue lookup,PHE,False,PHE,gamma2_PHE77__hydrophobic_interaction
alprazolam,alpha1_beta3_gamma2,4,hydrophobic_interaction,77,C,"{""dist"": ""3.24"", ""id"": ""3"", ""ligcarbonidx"": ""13803"", ""protcarbonidx"": ""5949"", ""reschain"": ""C"", ""reschain_lig"": ""Z"", ""resnr"": ""77"", ""resnr_lig"": ""1"", ""restype"": ""PHE"", ""restype_lig"": ""LIG""}",264,alpha1,BZD_GAMMA2_077,mapped_gamma2_sequence_alignment,global sequence alignment (Biopython PairwiseAligner) + PDB residue lookup,PHE,False,PHE,gamma2_PHE77__hydrophobic_interaction
alprazolam,alpha1_beta3_gamma2,5,hydrophobic_interaction,77,C,"{""dist"": ""3.29"", ""id"": ""3"", ""ligcarbonidx"": ""13785"", ""protcarbonidx"": ""5949"", ""reschain"": ""C"", ""reschain_lig"": ""Z"", ""resnr"": ""77"", ""resnr_lig"": ""1"", ""restype"": ""PHE"", ""restype_lig"": ""LIG""}",271,alpha1,BZD_GAMMA2_077,mapped_gamma2_sequence_alignment,global sequence alignment (Biopython PairwiseAligner) + PDB residue lookup,PHE,False,PHE,gamma2_PHE77__hydrophobic_interaction
alprazolam,alpha1_beta3_gamma2,6,hydrophobic_interaction,77,C,"{""dist"": ""3.76"", ""id"": ""3"", ""ligcarbonidx"": ""13785"", ""protcarbonidx"": ""5952"", ""reschain"": ""C"", ""reschain_lig"": ""Z"", ""resnr"": ""77"", ""resnr_lig"": ""1"", ""restype"": ""PHE"", ""restype_lig"": ""LIG""}",277,alpha1,BZD_GAMMA2_077,mapped_gamma2_sequence_alignment,global sequence alignment (Biopython PairwiseAligner) + PDB residue lookup,PHE,False,PHE,gamma2_PHE77__hydrophobic_interaction
alprazolam,alpha1_beta3_gamma2,7,hydrophobic_interaction,77,C,"{""dist"": ""3.59"", ""id"": ""3"", ""ligcarbonidx"": ""13792"", ""protcarbonidx"": ""5955"", ""reschain"": ""C"", ""reschain_lig"": ""Z"", ""resnr"": ""77"", ""resnr_lig"": ""1"", ""restype"": ""PHE"", ""restype_lig"": ""LIG""}",281,alpha1,BZD_GAMMA2_077,mapped_gamma2_sequence_alignment,global sequence alignment (Biopython PairwiseAligner) + PDB residue lookup,PHE,False,PHE,gamma2_PHE77__hydrophobic_interaction
alprazolam,alpha1_beta3_gamma2,8,hydrophobic_interaction,77,C,"{""dist"": ""3.39"", ""id"": ""2"", ""ligcarbonidx"": ""13795"", ""protcarbonidx"": ""5954"", ""reschain"": ""C"", ""reschain_lig"": ""Z"", ""resnr"": ""77"", ""resnr_lig"": ""1"", ""restype"": ""PHE"", ""restype_lig"": ""LIG""}",287,alpha1,BZD_GAMMA2_077,mapped_gamma2_sequence_alignment,global sequence alignment (Biopython PairwiseAligner) + PDB residue lookup,PHE,False,PHE,gamma2_PHE77__hydrophobic_interaction
alprazolam,alpha1_beta3_gamma2,2,pi_stack,77,C,"{""angle"": ""83.64"", ""centdist"": ""4.92"", ""id"": ""2"", ""offset"": ""1.96"", ""reschain"": ""C"", ""reschain_lig"": ""Z"", ""resnr"": ""77"", ""resnr_lig"": ""1"", ""restype"": ""PHE"", ""restype_lig"": ""LIG"", ""type"": ""T""}",253,alpha1,BZD_GAMMA2_077,mapped_gamma2_sequence_alignment,global sequence alignment (Biopython PairwiseAligner) + PDB residue lookup,PHE,False,PHE,gamma2_PHE77__pi_stack
alprazolam,alpha1_beta3_gamma2,3,pi_stack,77,C,"{""angle"": ""21.49"", ""centdist"": ""3.87"", ""id"": ""1"", ""offset"": ""0.61"", ""reschain"": ""C"", ""reschain_lig"": ""Z"", ""resnr"": ""77"", ""resnr_lig"": ""1"", ""restype"": ""PHE"", ""restype_lig"": ""LIG"", ""type"": ""P""}",261,alpha1,BZD_GAMMA2_077,mapped_gamma2_sequence_alignment,global sequence alignment (Biopython PairwiseAligner) + PDB residue lookup,PHE,False,PHE,gamma2_PHE77__pi_stack
alprazolam,alpha1_beta3_gamma2,4,pi_stack,77,C,"{""angle"": ""25.47"", ""centdist"": ""4.72"", ""id"": ""2"", ""offset"": ""1.18"", ""reschain"": ""C"", ""reschain_lig"": ""Z"", ""resnr"": ""77"", ""resnr_lig"": ""1"", ""restype"": ""PHE"", ""restype_lig"": ""LIG"", ""type"": ""P""}",268,alpha1,BZD_GAMMA2_077,mapped_gamma2_sequence_alignment,global sequence alignment (Biopython PairwiseAligner) + PDB residue lookup,PHE,False,PHE,gamma2_PHE77__pi_stack
alprazolam,alpha1_beta3_gamma2,7,pi_stack,77,C,"{""angle"": ""7.22"", ""centdist"": ""4.77"", ""id"": ""1"", ""offset"": ""1.71"", ""reschain"": ""C"", ""reschain_lig"": ""Z"", ""resnr"": ""77"", ""resnr_lig"": ""1"", ""restype"": ""PHE"", ""restype_lig"": ""LIG"", ""type"": ""P""}",285,alpha1,BZD_GAMMA2_077,mapped_gamma2_sequence_alignment,global sequence alignment (Biopython PairwiseAligner) + PDB residue lookup,PHE,False,PHE,gamma2_PHE77__pi_stack
alprazolam,alpha1_beta3_gamma2,5,hydrophobic_interaction,102,D,"{""dist"": ""3.73"", ""id"": ""4"", ""ligcarbonidx"": ""13801"", ""protcarbonidx"": ""9010"", ""reschain"": ""D"", ""reschain_lig"": ""Z"", ""resnr"": ""102"", ""resnr_lig"": ""1"", ""restype"": ""HIS"", ""restype_lig"": ""LIG""}",272,alpha1,BZD_SITE_102,mapped_global_sequence_alignment,global sequence alignment (Biopython PairwiseAligner) + PDB residue lookup,HIS,False,HIS,alpha_HIS102__hydrophobic_interaction
alprazolam,alpha1_beta3_gamma2,8,hydrophobic_interaction,102,D,"{""dist"": ""3.25"", ""id"": ""3"", ""ligcarbonidx"": ""13803"", ""protcarbonidx"": ""9010"", ""reschain"": ""D"", ""reschain_lig"": ""Z"", ""resnr"": ""102"", ""resnr_lig"": ""1"", ""restype"": ""HIS"", ""restype_lig"": ""LIG""}",288,alpha1,BZD_SITE_102,mapped_global_sequence_alignment,global sequence alignment (Biopython PairwiseAligner) + PDB residue lookup,HIS,False,HIS,alpha_HIS102__hydrophobic_interaction
alprazolam,alpha1_beta3_gamma2,1,pi_stack,102,D,"{""angle"": ""60.12"", ""centdist"": ""5.21"", ""id"": ""1"", ""offset"": ""1.43"", ""reschain"": ""D"", ""reschain_lig"": ""Z"", ""resnr"": ""102"", ""resnr_lig"": ""1"", ""restype"": ""HIS"", ""restype_lig"": ""LIG"", ""type"": ""T""}",248,alpha1,BZD_SITE_102,mapped_global_sequence_alignment,global sequence alignment (Biopython PairwiseAligner) + PDB residue lookup,HIS,False,HIS,alpha_HIS102__pi_stack
alprazolam,alpha1_beta3_gamma2,1,pi_stack,102,D,"{""angle"": ""73.52"", ""centdist"": ""4.79"", ""id"": ""2"", ""offset"": ""1.45"", ""reschain"": ""D"", ""reschain_lig"": ""Z"", ""resnr"": ""102"", ""resnr_lig"": ""1"", ""restype"": ""HIS"", ""restype_lig"": ""LIG"", ""type"": ""T""}",249,alpha1,BZD_SITE_102,mapped_global_sequence_alignment,global sequence alignment (Biopython PairwiseAligner) + PDB residue lookup,HIS,False,HIS,alpha_HIS102__pi_stack
alprazolam,alpha1_beta3_gamma2,1,hydrogen_bond,156,D,"{""acceptoridx"": ""13787"", ""acceptortype"": ""Nar"", ""dist_d-a"": ""3.31"", ""dist_h-a"": ""2.79"", ""don_angle"": ""112.27"", ""donoridx"": ""9439"", ""donortype"": ""N3"", ""id"": ""1"", ""protisdon"": ""True"", ""reschain"": ""D"", ""reschain_lig"": ""Z"", ""resnr"": ""156"", ""resnr_lig"": ""1"", ""restype"": ""LYS"", ""restype_lig"": ""LIG"", ""sidechain"": ""True""}",247,alpha1,BZD_SITE_156,mapped_global_sequence_alignment,global sequence alignment (Biopython PairwiseAligner) + PDB residue lookup,LYS,False,LYS,alpha_LYS156__hydrogen_bond
alprazolam,alpha1_beta3_gamma2,8,hydrophobic_interaction,156,D,"{""dist"": ""3.43"", ""id"": ""5"", ""ligcarbonidx"": ""13803"", ""protcarbonidx"": ""9437"", ""reschain"": ""D"", ""reschain_lig"": ""Z"", ""resnr"": ""156"", ""resnr_lig"": ""1"", ""restype"": ""LYS"", ""restype_lig"": ""LIG""}",290,alpha1,BZD_SITE_156,mapped_global_sequence_alignment,global sequence alignment (Biopython PairwiseAligner) + PDB residue lookup,LYS,False,LYS,alpha_LYS156__hydrophobic_interaction
alprazolam,alpha1_beta3_gamma2,3,hydrogen_bond,205,D,"{""acceptoridx"": ""13805"", ""acceptortype"": ""N2"", ""dist_d-a"": ""3.00"", ""dist_h-a"": ""2.47"", ""don_angle"": ""113.82"", ""donoridx"": ""9826"", ""donortype"": ""O3"", ""id"": ""1"", ""protisdon"": ""True"", ""reschain"": ""D"", ""reschain_lig"": ""Z"", ""resnr"": ""205"", ""resnr_lig"": ""1"", ""restype"": ""SER"", ""restype_lig"": ""LIG"", ""sidechain"": ""True""}",260,alpha1,BZD_SITE_205,mapped_global_sequence_alignment,global sequence alignment (Biopython PairwiseAligner) + PDB residue lookup,SER,False,SER,alpha_SER205__hydrogen_bond
alprazolam,alpha1_beta3_gamma2,7,hydrogen_bond,205,D,"{""acceptoridx"": ""13788"", ""acceptortype"": ""Nar"", ""dist_d-a"": ""3.25"", ""dist_h-a"": ""2.50"", ""don_angle"": ""134.04"", ""donoridx"": ""9826"", ""donortype"": ""O3"", ""id"": ""1"", ""protisdon"": ""True"", ""reschain"": ""D"", ""reschain_lig"": ""Z"", ""resnr"": ""205"", ""resnr_lig"": ""1"", ""restype"": ""SER"", ""restype_lig"": ""LIG"", ""sidechain"": ""True""}",284,alpha1,BZD_SITE_205,mapped_global_sequence_alignment,global sequence alignment (Biopython PairwiseAligner) + PDB residue lookup,SER,False,SER,alpha_SER205__hydrogen_bond
diazepam,alpha2_beta3_gamma2_local_9CTJ,1,hydrophobic_interaction,58,E,"{""dist"": ""3.68"", ""id"": ""1"", ""ligcarbonidx"": ""7110"", ""protcarbonidx"": ""5639"", ""reschain"": ""E"", ""reschain_lig"": ""Z"", ""resnr"": ""58"", ""resnr_lig"": ""1"", ""restype"": ""TYR"", ""restype_lig"": ""LIG""}",132,alpha2,BZD_GAMMA2_058,mapped_gamma2_sequence_alignment,global sequence alignment (Biopython PairwiseAligner) + PDB residue lookup,TYR,False,TYR,gamma2_TYR58__hydrophobic_interaction
diazepam,alpha2_beta3_gamma2_local_9CTJ,2,hydrophobic_interaction,58,E,"{""dist"": ""3.88"", ""id"": ""1"", ""ligcarbonidx"": ""7113"", ""protcarbonidx"": ""5639"", ""reschain"": ""E"", ""reschain_lig"": ""Z"", ""resnr"": ""58"", ""resnr_lig"": ""1"", ""restype"": ""TYR"", ""restype_lig"": ""LIG""}",136,alpha2,BZD_GAMMA2_058,mapped_gamma2_sequence_alignment,global sequence alignment (Biopython PairwiseAligner) + PDB residue lookup,TYR,False,TYR,gamma2_TYR58__hydrophobic_interaction
diazepam,alpha2_beta3_gamma2_local_9CTJ,4,hydrophobic_interaction,58,E,"{""dist"": ""3.51"", ""id"": ""1"", ""ligcarbonidx"": ""7107"", ""protcarbonidx"": ""5639"", ""reschain"": ""E"", ""reschain_lig"": ""Z"", ""resnr"": ""58"", ""resnr_lig"": ""1"", ""restype"": ""TYR"", ""restype_lig"": ""LIG""}",147,alpha2,BZD_GAMMA2_058,mapped_gamma2_sequence_alignment,global sequence alignment (Biopython PairwiseAligner) + PDB residue lookup,TYR,False,TYR,gamma2_TYR58__hydrophobic_interaction
diazepam,alpha2_beta3_gamma2_local_9CTJ,1,hydrophobic_interaction,77,E,"{""dist"": ""3.66"", ""id"": ""2"", ""ligcarbonidx"": ""7112"", ""protcarbonidx"": ""5787"", ""reschain"": ""E"", ""reschain_lig"": ""Z"", ""resnr"": ""77"", ""resnr_lig"": ""1"", ""restype"": ""PHE"", ""restype_lig"": ""LIG""}",133,alpha2,BZD_GAMMA2_077,mapped_gamma2_sequence_alignment,global sequence alignment (Biopython PairwiseAligner) + PDB residue lookup,PHE,False,PHE,gamma2_PHE77__hydrophobic_interaction
diazepam,alpha2_beta3_gamma2_local_9CTJ,1,hydrophobic_interaction,77,E,"{""dist"": ""3.47"", ""id"": ""3"", ""ligcarbonidx"": ""7116"", ""protcarbonidx"": ""5785"", ""reschain"": ""E"", ""reschain_lig"": ""Z"", ""resnr"": ""77"", ""resnr_lig"": ""1"", ""restype"": ""PHE"", ""restype_lig"": ""LIG""}",134,alpha2,BZD_GAMMA2_077,mapped_gamma2_sequence_alignment,global sequence alignment (Biopython PairwiseAligner) + PDB residue lookup,PHE,False,PHE,gamma2_PHE77__hydrophobic_interaction
diazepam,alpha2_beta3_gamma2_local_9CTJ,2,hydrophobic_interaction,77,E,"{""dist"": ""3.90"", ""id"": ""2"", ""ligcarbonidx"": ""7108"", ""protcarbonidx"": ""5788"", ""reschain"": ""E"", ""reschain_lig"": ""Z"", ""resnr"": ""77"", ""resnr_lig"": ""1"", ""restype"": ""PHE"", ""restype_lig"": ""LIG""}",137,alpha2,BZD_GAMMA2_077,mapped_gamma2_sequence_alignment,global sequence alignment (Biopython PairwiseAligner) + PDB residue lookup,PHE,False,PHE,gamma2_PHE77__hydrophobic_interaction
diazepam,alpha2_beta3_gamma2_local_9CTJ,2,hydrophobic_interaction,77,E,"{""dist"": ""3.16"", ""id"": ""3"", ""ligcarbonidx"": ""7107"", ""protcarbonidx"": ""5787"", ""reschain"": ""E"", ""reschain_lig"": ""Z"", ""resnr"": ""77"", ""resnr_lig"": ""1"", ""restype"": ""PHE"", ""restype_lig"": ""LIG""}",138,alpha2,BZD_GAMMA2_077,mapped_gamma2_sequence_alignment,global sequence alignment (Biopython PairwiseAligner) + PDB residue lookup,PHE,False,PHE,gamma2_PHE77__hydrophobic_interaction
diazepam,alpha2_beta3_gamma2_local_9CTJ,4,hydrophobic_interaction,77,E,"{""dist"": ""3.57"", ""id"": ""2"", ""ligcarbonidx"": ""7107"", ""protcarbonidx"": ""5787"", ""reschain"": ""E"", ""reschain_lig"": ""Z"", ""resnr"": ""77"", ""resnr_lig"": ""1"", ""restype"": ""PHE"", ""restype_lig"": ""LIG""}",148,alpha2,BZD_GAMMA2_077,mapped_gamma2_sequence_alignment,global sequence alignment (Biopython PairwiseAligner) + PDB residue lookup,PHE,False,PHE,gamma2_PHE77__hydrophobic_interaction
diazepam,alpha2_beta3_gamma2_local_9CTJ,5,hydrophobic_interaction,77,E,"{""dist"": ""3.57"", ""id"": ""1"", ""ligcarbonidx"": ""7108"", ""protcarbonidx"": ""5787"", ""reschain"": ""E"", ""reschain_lig"": ""Z"", ""resnr"": ""77"", ""resnr_lig"": ""1"", ""restype"": ""PHE"", ""restype_lig"": ""LIG""}",151,alpha2,BZD_GAMMA2_077,mapped_gamma2_sequence_alignment,global sequence alignment (Biopython PairwiseAligner) + PDB residue lookup,PHE,False,PHE,gamma2_PHE77__hydrophobic_interaction
diazepam,alpha2_beta3_gamma2_local_9CTJ,6,hydrophobic_interaction,77,E,"{""dist"": ""3.87"", ""id"": ""1"", ""ligcarbonidx"": ""7116"", ""protcarbonidx"": ""5787"", ""reschain"": ""E"", ""reschain_lig"": ""Z"", ""resnr"": ""77"", ""resnr_lig"": ""1"", ""restype"": ""PHE"", ""restype_lig"": ""LIG""}",153,alpha2,BZD_GAMMA2_077,mapped_gamma2_sequence_alignment,global sequence alignment (Biopython PairwiseAligner) + PDB residue lookup,PHE,False,PHE,gamma2_PHE77__hydrophobic_interaction
diazepam,alpha2_beta3_gamma2_local_9CTJ,7,hydrophobic_interaction,77,E,"{""dist"": ""3.42"", ""id"": ""1"", ""ligcarbonidx"": ""7116"", ""protcarbonidx"": ""5787"", ""reschain"": ""E"", ""reschain_lig"": ""Z"", ""resnr"": ""77"", ""resnr_lig"": ""1"", ""restype"": ""PHE"", ""restype_lig"": ""LIG""}",156,alpha2,BZD_GAMMA2_077,mapped_gamma2_sequence_alignment,global sequence alignment (Biopython PairwiseAligner) + PDB residue lookup,PHE,False,PHE,gamma2_PHE77__hydrophobic_interaction
diazepam,alpha2_beta3_gamma2_local_9CTJ,2,pi_stack,101,D,"{""angle"": ""63.61"", ""centdist"": ""4.40"", ""id"": ""1"", ""offset"": ""1.42"", ""reschain"": ""D"", ""reschain_lig"": ""Z"", ""resnr"": ""101"", ""resnr_lig"": ""1"", ""restype"": ""HIS"", ""restype_lig"": ""LIG"", ""type"": ""T""}",141,alpha2,BZD_SITE_102,mapped_global_sequence_alignment,global sequence alignment (Biopython PairwiseAligner) + PDB residue lookup,HIS,False,HIS,alpha_HIS102__pi_stack
diazepam,alpha2_beta3_gamma2_local_9CTJ,7,pi_stack,101,D,"{""angle"": ""63.45"", ""centdist"": ""4.38"", ""id"": ""1"", ""offset"": ""0.80"", ""reschain"": ""D"", ""reschain_lig"": ""Z"", ""resnr"": ""101"", ""resnr_lig"": ""1"", ""restype"": ""HIS"", ""restype_lig"": ""LIG"", ""type"": ""T""}",159,alpha2,BZD_SITE_102,mapped_global_sequence_alignment,global sequence alignment (Biopython PairwiseAligner) + PDB residue lookup,HIS,False,HIS,alpha_HIS102__pi_stack
diazepam,alpha2_beta3_gamma2_local_9CTJ,3,hydrophobic_interaction,155,D,"{""dist"": ""3.68"", ""id"": ""4"", ""ligcarbonidx"": ""7110"", ""protcarbonidx"": ""3891"", ""reschain"": ""D"", ""reschain_lig"": ""Z"", ""resnr"": ""155"", ""resnr_lig"": ""1"", ""restype"": ""LYS"", ""restype_lig"": ""LIG""}",145,alpha2,BZD_SITE_156,mapped_global_sequence_alignment,global sequence alignment (Biopython PairwiseAligner) + PDB residue lookup,LYS,False,LYS,alpha_LYS156__hydrophobic_interaction
diazepam,alpha2_beta3_gamma2_local_9CTJ,6,hydrophobic_interaction,155,D,"{""dist"": ""3.76"", ""id"": ""3"", ""ligcarbonidx"": ""7110"", ""protcarbonidx"": ""3891"", ""reschain"": ""D"", ""reschain_lig"": ""Z"", ""resnr"": ""155"", ""resnr_lig"": ""1"", ""restype"": ""LYS"", ""restype_lig"": ""LIG""}",155,alpha2,BZD_SITE_156,mapped_global_sequence_alignment,global sequence alignment (Biopython PairwiseAligner) + PDB residue lookup,LYS,False,LYS,alpha_LYS156__hydrophobic_interaction
diazepam,alpha2_beta3_gamma2_local_9CTJ,9,hydrogen_bond,204,D,"{""acceptoridx"": ""7102"", ""acceptortype"": ""O2"", ""dist_d-a"": ""3.89"", ""dist_h-a"": ""3.33"", ""don_angle"": ""118.23"", ""donoridx"": ""4276"", ""donortype"": ""O3"", ""id"": ""1"", ""protisdon"": ""True"", ""reschain"": ""D"", ""reschain_lig"": ""Z"", ""resnr"": ""204"", ""resnr_lig"": ""1"", ""restype"": ""SER"", ""restype_lig"": ""LIG"", ""sidechain"": ""True""}",165,alpha2,BZD_SITE_205,mapped_global_sequence_alignment,global sequence alignment (Biopython PairwiseAligner) + PDB residue lookup,SER,False,SER,alpha_SER205__hydrogen_bond
diazepam,alpha2_beta3_gamma2_local_9CTJ,3,hydrophobic_interaction,60,E,"{""dist"": ""3.66"", ""id"": ""1"", ""ligcarbonidx"": ""7116"", ""protcarbonidx"": ""5653"", ""reschain"": ""E"", ""reschain_lig"": ""Z"", ""resnr"": ""60"", ""resnr_lig"": ""1"", ""restype"": ""ASN"", ""restype_lig"": ""LIG""}",142,alpha2,BZD_GAMMA2_060,mapped_gamma2_sequence_alignment,global sequence alignment (Biopython PairwiseAligner) + PDB residue lookup,ASN,False,ASN,gamma2_ASN60__hydrophobic_interaction
diazepam,alpha2_beta3_gamma2_local_9CTJ,8,hydrophobic_interaction,60,E,"{""dist"": ""3.56"", ""id"": ""1"", ""ligcarbonidx"": ""7116"", ""protcarbonidx"": ""5653"", ""reschain"": ""E"", ""reschain_lig"": ""Z"", ""resnr"": ""60"", ""resnr_lig"": ""1"", ""restype"": ""ASN"", ""restype_lig"": ""LIG""}",160,alpha2,BZD_GAMMA2_060,mapped_gamma2_sequence_alignment,global sequence alignment (Biopython PairwiseAligner) + PDB residue lookup,ASN,False,ASN,gamma2_ASN60__hydrophobic_interaction
diazepam,alpha2_beta3_gamma2_local_9CTJ,9,hydrophobic_interaction,60,E,"{""dist"": ""3.48"", ""id"": ""1"", ""ligcarbonidx"": ""7109"", ""protcarbonidx"": ""5653"", ""reschain"": ""E"", ""reschain_lig"": ""Z"", ""resnr"": ""60"", ""resnr_lig"": ""1"", ""restype"": ""ASN"", ""restype_lig"": ""LIG""}",163,alpha2,BZD_GAMMA2_060,mapped_gamma2_sequence_alignment,global sequence alignment (Biopython PairwiseAligner) + PDB residue lookup,ASN,False,ASN,gamma2_ASN60__hydrophobic_interaction
alprazolam,alpha2_beta3_gamma2_local_9CTJ,1,hydrophobic_interaction,58,E,"{""dist"": ""3.90"", ""id"": ""1"", ""ligcarbonidx"": ""7110"", ""protcarbonidx"": ""5639"", ""reschain"": ""E"", ""reschain_lig"": ""Z"", ""resnr"": ""58"", ""resnr_lig"": ""1"", ""restype"": ""TYR"", ""restype_lig"": ""LIG""}",295,alpha2,BZD_GAMMA2_058,mapped_gamma2_sequence_alignment,global sequence alignment (Biopython PairwiseAligner) + PDB residue lookup,TYR,False,TYR,gamma2_TYR58__hydrophobic_interaction
alprazolam,alpha2_beta3_gamma2_local_9CTJ,2,hydrophobic_interaction,58,E,"{""dist"": ""3.39"", ""id"": ""1"", ""ligcarbonidx"": ""7114"", ""protcarbonidx"": ""5639"", ""reschain"": ""E"", ""reschain_lig"": ""Z"", ""resnr"": ""58"", ""resnr_lig"": ""1"", ""restype"": ""TYR"", ""restype_lig"": ""LIG""}",302,alpha2,BZD_GAMMA2_058,mapped_gamma2_sequence_alignment,global sequence alignment (Biopython PairwiseAligner) + PDB residue lookup,TYR,False,TYR,gamma2_TYR58__hydrophobic_interaction
alprazolam,alpha2_beta3_gamma2_local_9CTJ,5,hydrophobic_interaction,58,E,"{""dist"": ""3.99"", ""id"": ""1"", ""ligcarbonidx"": ""7106"", ""protcarbonidx"": ""5639"", ""reschain"": ""E"", ""reschain_lig"": ""Z"", ""resnr"": ""58"", ""resnr_lig"": ""1"", ""restype"": ""TYR"", ""restype_lig"": ""LIG""}",316,alpha2,BZD_GAMMA2_058,mapped_gamma2_sequence_alignment,global sequence alignment (Biopython PairwiseAligner) + PDB residue lookup,TYR,False,TYR,gamma2_TYR58__hydrophobic_interaction
alprazolam,alpha2_beta3_gamma2_local_9CTJ,7,hydrophobic_interaction,58,E,"{""dist"": ""3.69"", ""id"": ""1"", ""ligcarbonidx"": ""7110"", ""protcarbonidx"": ""5639"", ""reschain"": ""E"", ""reschain_lig"": ""Z"", ""resnr"": ""58"", ""resnr_lig"": ""1"", ""restype"": ""TYR"", ""restype_lig"": ""LIG""}",327,alpha2,BZD_GAMMA2_058,mapped_gamma2_sequence_alignment,global sequence alignment (Biopython PairwiseAligner) + PDB residue lookup,TYR,False,TYR,gamma2_TYR58__hydrophobic_interaction
alprazolam,alpha2_beta3_gamma2_local_9CTJ,1,hydrophobic_interaction,77,E,"{""dist"": ""3.19"", ""id"": ""2"", ""ligcarbonidx"": ""7114"", ""protcarbonidx"": ""5787"", ""reschain"": ""E"", ""reschain_lig"": ""Z"", ""resnr"": ""77"", ""resnr_lig"": ""1"", ""restype"": ""PHE"", ""restype_lig"": ""LIG""}",296,alpha2,BZD_GAMMA2_077,mapped_gamma2_sequence_alignment,global sequence alignment (Biopython PairwiseAligner) + PDB residue lookup,PHE,False,PHE,gamma2_PHE77__hydrophobic_interaction
alprazolam,alpha2_beta3_gamma2_local_9CTJ,2,hydrophobic_interaction,77,E,"{""dist"": ""3.61"", ""id"": ""2"", ""ligcarbonidx"": ""7114"", ""protcarbonidx"": ""5787"", ""reschain"": ""E"", ""reschain_lig"": ""Z"", ""resnr"": ""77"", ""resnr_lig"": ""1"", ""restype"": ""PHE"", ""restype_lig"": ""LIG""}",303,alpha2,BZD_GAMMA2_077,mapped_gamma2_sequence_alignment,global sequence alignment (Biopython PairwiseAligner) + PDB residue lookup,PHE,False,PHE,gamma2_PHE77__hydrophobic_interaction
alprazolam,alpha2_beta3_gamma2_local_9CTJ,4,hydrophobic_interaction,77,E,"{""dist"": ""3.49"", ""id"": ""1"", ""ligcarbonidx"": ""7115"", ""protcarbonidx"": ""5787"", ""reschain"": ""E"", ""reschain_lig"": ""Z"", ""resnr"": ""77"", ""resnr_lig"": ""1"", ""restype"": ""PHE"", ""restype_lig"": ""LIG""}",313,alpha2,BZD_GAMMA2_077,mapped_gamma2_sequence_alignment,global sequence alignment (Biopython PairwiseAligner) + PDB residue lookup,PHE,False,PHE,gamma2_PHE77__hydrophobic_interaction
alprazolam,alpha2_beta3_gamma2_local_9CTJ,5,hydrophobic_interaction,77,E,"{""dist"": ""3.63"", ""id"": ""2"", ""ligcarbonidx"": ""7109"", ""protcarbonidx"": ""5788"", ""reschain"": ""E"", ""reschain_lig"": ""Z"", ""resnr"": ""77"", ""resnr_lig"": ""1"", ""restype"": ""PHE"", ""restype_lig"": ""LIG""}",317,alpha2,BZD_GAMMA2_077,mapped_gamma2_sequence_alignment,global sequence alignment (Biopython PairwiseAligner) + PDB residue lookup,PHE,False,PHE,gamma2_PHE77__hydrophobic_interaction
alprazolam,alpha2_beta3_gamma2_local_9CTJ,5,hydrophobic_interaction,77,E,"{""dist"": ""3.96"", ""id"": ""3"", ""ligcarbonidx"": ""7107"", ""protcarbonidx"": ""5787"", ""reschain"": ""E"", ""reschain_lig"": ""Z"", ""resnr"": ""77"", ""resnr_lig"": ""1"", ""restype"": ""PHE"", ""restype_lig"": ""LIG""}",318,alpha2,BZD_GAMMA2_077,mapped_gamma2_sequence_alignment,global sequence alignment (Biopython PairwiseAligner) + PDB residue lookup,PHE,False,PHE,gamma2_PHE77__hydrophobic_interaction
alprazolam,alpha2_beta3_gamma2_local_9CTJ,6,hydrophobic_interaction,77,E,"{""dist"": ""3.48"", ""id"": ""2"", ""ligcarbonidx"": ""7109"", ""protcarbonidx"": ""5787"", ""reschain"": ""E"", ""reschain_lig"": ""Z"", ""resnr"": ""77"", ""resnr_lig"": ""1"", ""restype"": ""PHE"", ""restype_lig"": ""LIG""}",324,alpha2,BZD_GAMMA2_077,mapped_gamma2_sequence_alignment,global sequence alignment (Biopython PairwiseAligner) + PDB residue lookup,PHE,False,PHE,gamma2_PHE77__hydrophobic_interaction
alprazolam,alpha2_beta3_gamma2_local_9CTJ,7,hydrophobic_interaction,77,E,"{""dist"": ""3.47"", ""id"": ""2"", ""ligcarbonidx"": ""7114"", ""protcarbonidx"": ""5787"", ""reschain"": ""E"", ""reschain_lig"": ""Z"", ""resnr"": ""77"", ""resnr_lig"": ""1"", ""restype"": ""PHE"", ""restype_lig"": ""LIG""}",328,alpha2,BZD_GAMMA2_077,mapped_gamma2_sequence_alignment,global sequence alignment (Biopython PairwiseAligner) + PDB residue lookup,PHE,False,PHE,gamma2_PHE77__hydrophobic_interaction
alprazolam,alpha2_beta3_gamma2_local_9CTJ,2,hydrophobic_interaction,101,D,"{""dist"": ""3.98"", ""id"": ""3"", ""ligcarbonidx"": ""7099"", ""protcarbonidx"": ""3464"", ""reschain"": ""D"", ""reschain_lig"": ""Z"", ""resnr"": ""101"", ""resnr_lig"": ""1"", ""restype"": ""HIS"", ""restype_lig"": ""LIG""}",304,alpha2,BZD_SITE_102,mapped_global_sequence_alignment,global sequence alignment (Biopython PairwiseAligner) + PDB residue lookup,HIS,False,HIS,alpha_HIS102__hydrophobic_interaction
alprazolam,alpha2_beta3_gamma2_local_9CTJ,1,pi_stack,101,D,"{""angle"": ""79.29"", ""centdist"": ""5.39"", ""id"": ""1"", ""offset"": ""1.01"", ""reschain"": ""D"", ""reschain_lig"": ""Z"", ""resnr"": ""101"", ""resnr_lig"": ""1"", ""restype"": ""HIS"", ""restype_lig"": ""LIG"", ""type"": ""T""}",300,alpha2,BZD_SITE_102,mapped_global_sequence_alignment,global sequence alignment (Biopython PairwiseAligner) + PDB residue lookup,HIS,False,HIS,alpha_HIS102__pi_stack
alprazolam,alpha2_beta3_gamma2_local_9CTJ,1,pi_stack,101,D,"{""angle"": ""67.40"", ""centdist"": ""4.36"", ""id"": ""2"", ""offset"": ""1.24"", ""reschain"": ""D"", ""reschain_lig"": ""Z"", ""resnr"": ""101"", ""resnr_lig"": ""1"", ""restype"": ""HIS"", ""restype_lig"": ""LIG"", ""type"": ""T""}",301,alpha2,BZD_SITE_102,mapped_global_sequence_alignment,global sequence alignment (Biopython PairwiseAligner) + PDB residue lookup,HIS,False,HIS,alpha_HIS102__pi_stack
alprazolam,alpha2_beta3_gamma2_local_9CTJ,4,pi_stack,101,D,"{""angle"": ""80.24"", ""centdist"": ""4.79"", ""id"": ""1"", ""offset"": ""1.79"", ""reschain"": ""D"", ""reschain_lig"": ""Z"", ""resnr"": ""101"", ""resnr_lig"": ""1"", ""restype"": ""HIS"", ""restype_lig"": ""LIG"", ""type"": ""T""}",315,alpha2,BZD_SITE_102,mapped_global_sequence_alignment,global sequence alignment (Biopython PairwiseAligner) + PDB residue lookup,HIS,False,HIS,alpha_HIS102__pi_stack
alprazolam,alpha2_beta3_gamma2_local_9CTJ,6,pi_stack,101,D,"{""angle"": ""65.29"", ""centdist"": ""4.81"", ""id"": ""1"", ""offset"": ""1.84"", ""reschain"": ""D"", ""reschain_lig"": ""Z"", ""resnr"": ""101"", ""resnr_lig"": ""1"", ""restype"": ""HIS"", ""restype_lig"": ""LIG"", ""type"": ""T""}",326,alpha2,BZD_SITE_102,mapped_global_sequence_alignment,global sequence alignment (Biopython PairwiseAligner) + PDB residue lookup,HIS,False,HIS,alpha_HIS102__pi_stack
alprazolam,alpha2_beta3_gamma2_local_9CTJ,2,hydrophobic_interaction,155,D,"{""dist"": ""3.57"", ""id"": ""5"", ""ligcarbonidx"": ""7099"", ""protcarbonidx"": ""3891"", ""reschain"": ""D"", ""reschain_lig"": ""Z"", ""resnr"": ""155"", ""resnr_lig"": ""1"", ""restype"": ""LYS"", ""restype_lig"": ""LIG""}",306,alpha2,BZD_SITE_156,mapped_global_sequence_alignment,global sequence alignment (Biopython PairwiseAligner) + PDB residue lookup,LYS,False,LYS,alpha_LYS156__hydrophobic_interaction
alprazolam,alpha2_beta3_gamma2_local_9CTJ,3,hydrophobic_interaction,155,D,"{""dist"": ""3.60"", ""id"": ""4"", ""ligcarbonidx"": ""7117"", ""protcarbonidx"": ""3891"", ""reschain"": ""D"", ""reschain_lig"": ""Z"", ""resnr"": ""155"", ""resnr_lig"": ""1"", ""restype"": ""LYS"", ""restype_lig"": ""LIG""}",312,alpha2,BZD_SITE_156,mapped_global_sequence_alignment,global sequence alignment (Biopython PairwiseAligner) + PDB residue lookup,LYS,False,LYS,alpha_LYS156__hydrophobic_interaction
alprazolam,alpha2_beta3_gamma2_local_9CTJ,5,hydrophobic_interaction,155,D,"{""dist"": ""3.71"", ""id"": ""5"", ""ligcarbonidx"": ""7117"", ""protcarbonidx"": ""3891"", ""reschain"": ""D"", ""reschain_lig"": ""Z"", ""resnr"": ""155"", ""resnr_lig"": ""1"", ""restype"": ""LYS"", ""restype_lig"": ""LIG""}",320,alpha2,BZD_SITE_156,mapped_global_sequence_alignment,global sequence alignment (Biopython PairwiseAligner) + PDB residue lookup,LYS,False,LYS,alpha_LYS156__hydrophobic_interaction
alprazolam,alpha2_beta3_gamma2_local_9CTJ,8,hydrophobic_interaction,155,D,"{""dist"": ""3.47"", ""id"": ""2"", ""ligcarbonidx"": ""7109"", ""protcarbonidx"": ""3891"", ""reschain"": ""D"", ""reschain_lig"": ""Z"", ""resnr"": ""155"", ""resnr_lig"": ""1"", ""restype"": ""LYS"", ""restype_lig"": ""LIG""}",334,alpha2,BZD_SITE_156,mapped_global_sequence_alignment,global sequence alignment (Biopython PairwiseAligner) + PDB residue lookup,LYS,False,LYS,alpha_LYS156__hydrophobic_interaction
alprazolam,alpha2_beta3_gamma2_local_9CTJ,9,hydrophobic_interaction,155,D,"{""dist"": ""3.65"", ""id"": ""3"", ""ligcarbonidx"": ""7108"", ""protcarbonidx"": ""3891"", ""reschain"": ""D"", ""reschain_lig"": ""Z"", ""resnr"": ""155"", ""resnr_lig"": ""1"", ""restype"": ""LYS"", ""restype_lig"": ""LIG""}",338,alpha2,BZD_SITE_156,mapped_global_sequence_alignment,global sequence alignment (Biopython PairwiseAligner) + PDB residue lookup,LYS,False,LYS,alpha_LYS156__hydrophobic_interaction
alprazolam,alpha2_beta3_gamma2_local_9CTJ,3,hydrophobic_interaction,60,E,"{""dist"": ""3.54"", ""id"": ""1"", ""ligcarbonidx"": ""7107"", ""protcarbonidx"": ""5653"", ""reschain"": ""E"", ""reschain_lig"": ""Z"", ""resnr"": ""60"", ""resnr_lig"": ""1"", ""restype"": ""ASN"", ""restype_lig"": ""LIG""}",309,alpha2,BZD_GAMMA2_060,mapped_gamma2_sequence_alignment,global sequence alignment (Biopython PairwiseAligner) + PDB residue lookup,ASN,False,ASN,gamma2_ASN60__hydrophobic_interaction
alprazolam,alpha2_beta3_gamma2_local_9CTJ,6,hydrophobic_interaction,60,E,"{""dist"": ""3.25"", ""id"": ""1"", ""ligcarbonidx"": ""7099"", ""protcarbonidx"": ""5653"", ""reschain"": ""E"", ""reschain_lig"": ""Z"", ""resnr"": ""60"", ""resnr_lig"": ""1"", ""restype"": ""ASN"", ""restype_lig"": ""LIG""}",323,alpha2,BZD_GAMMA2_060,mapped_gamma2_sequence_alignment,global sequence alignment (Biopython PairwiseAligner) + PDB residue lookup,ASN,False,ASN,gamma2_ASN60__hydrophobic_interaction
alprazolam,alpha2_beta3_gamma2_local_9CTJ,8,hydrophobic_interaction,60,E,"{""dist"": ""3.99"", ""id"": ""1"", ""ligcarbonidx"": ""7114"", ""protcarbonidx"": ""5653"", ""reschain"": ""E"", ""reschain_lig"": ""Z"", ""resnr"": ""60"", ""resnr_lig"": ""1"", ""restype"": ""ASN"", ""restype_lig"": ""LIG""}",333,alpha2,BZD_GAMMA2_060,mapped_gamma2_sequence_alignment,global sequence alignment (Biopython PairwiseAligner) + PDB residue lookup,ASN,False,ASN,gamma2_ASN60__hydrophobic_interaction
alprazolam,alpha2_beta3_gamma2_local_9CTJ,9,hydrophobic_interaction,60,E,"{""dist"": ""3.58"", ""id"": ""1"", ""ligcarbonidx"": ""7115"", ""protcarbonidx"": ""5653"", ""reschain"": ""E"", ""reschain_lig"": ""Z"", ""resnr"": ""60"", ""resnr_lig"": ""1"", ""restype"": ""ASN"", ""restype_lig"": ""LIG""}",336,alpha2,BZD_GAMMA2_060,mapped_gamma2_sequence_alignment,global sequence alignment (Biopython PairwiseAligner) + PDB residue lookup,ASN,False,ASN,gamma2_ASN60__hydrophobic_interaction
