interpretation_group,receptor,common_position,residue_name,residue_class,interaction_type,frequency_range,highest_frequency_drug,lowest_frequency_drug,drug_frequency_pattern,interpretation_note
aromatic_pi_stack_features,alpha1,BZD_GAMMA2_058,TYR,Aromatic,pi_stack,0.33333333333333337,triazolam,zolpidem,diazepam=0.444;alprazolam=0.444;triazolam=0.556;zolpidem=0.222,descriptive within-row pattern; no total-interaction ranking or statistical inference
aromatic_pi_stack_features,alpha1,BZD_GAMMA2_077,PHE,Aromatic,pi_stack,0.3333333333333333,alprazolam,triazolam,diazepam=0.222;alprazolam=0.444;triazolam=0.111;zolpidem=0.111,descriptive within-row pattern; no total-interaction ranking or statistical inference
aromatic_pi_stack_features,alpha2,BZD_SITE_102,HIS,Aromatic,pi_stack,0.3333333333333333,alprazolam,triazolam,diazepam=0.222;alprazolam=0.333;triazolam=0.000;zolpidem=0.000,descriptive within-row pattern; no total-interaction ranking or statistical inference
hydrophobic_interaction_features,alpha2,BZD_SITE_102,HIS,Aromatic,hydrophobic_interaction,0.5555555555555556,triazolam,diazepam,diazepam=0.000;alprazolam=0.111;triazolam=0.556;zolpidem=0.222,descriptive within-row pattern; no total-interaction ranking or statistical inference
hydrophobic_interaction_features,alpha1,BZD_GAMMA2_077,PHE,Aromatic,hydrophobic_interaction,0.4444444444444444,zolpidem,triazolam,diazepam=0.778;alprazolam=0.778;triazolam=0.444;zolpidem=0.889,descriptive within-row pattern; no total-interaction ranking or statistical inference
hydrophobic_interaction_features,alpha1,BZD_SITE_100,PHE,Aromatic,hydrophobic_interaction,0.4444444444444444,diazepam,triazolam,diazepam=0.444;alprazolam=0.333;triazolam=0.000;zolpidem=0.000,descriptive within-row pattern; no total-interaction ranking or statistical inference
hydrophilic_or_hbond_features,alpha1,BZD_GAMMA2_060,ASN,Hydrophilic / polar,hydrogen_bond,0.3333333333333333,zolpidem,diazepam,diazepam=0.000;alprazolam=0.000;triazolam=0.111;zolpidem=0.333,descriptive within-row pattern; no total-interaction ranking or statistical inference
hydrophilic_or_hbond_features,alpha1,BZD_SITE_205,SER,Hydrophilic / polar,hydrogen_bond,0.2222222222222222,diazepam,triazolam,diazepam=0.222;alprazolam=0.222;triazolam=0.000;zolpidem=0.000,descriptive within-row pattern; no total-interaction ranking or statistical inference
hydrophilic_or_hbond_features,alpha2,BZD_SITE_205,SER,Hydrophilic / polar,hydrogen_bond,0.1111111111111111,diazepam,alprazolam,diazepam=0.111;alprazolam=0.000;triazolam=0.000;zolpidem=0.000,descriptive within-row pattern; no total-interaction ranking or statistical inference
