drug_id,receptor,receptor_id,common_position,interface_subunit,residue_name,interaction_type,interaction_count,n_interacting_poses,n_poses,frequency,data_status,distance_mean,distance_median,distance_std,distance_n_observed,centdist_mean,centdist_median,centdist_std,centdist_n_observed,angle_mean,angle_median,angle_std,angle_n_observed,offset_mean,offset_median,offset_std,offset_n_observed,type_P_frequency,type_T_frequency,type_P_n_interacting_poses,type_T_n_interacting_poses
diazepam,alpha2,alpha2_beta3_gamma2_local_9CTJ,BZD_GAMMA2_058,gamma2,TYR,hydrophobic_interaction,3,3,9,0.3333333333333333,observed,3.69,3.68,0.1852025917745214,3,,,,0,,,,0,,,,0,,,,
diazepam,alpha2,alpha2_beta3_gamma2_local_9CTJ,BZD_GAMMA2_077,gamma2,PHE,hydrophobic_interaction,8,6,9,0.6666666666666666,observed,3.5775,3.57,0.24117273003862957,8,,,,0,,,,0,,,,0,,,,
diazepam,alpha2,alpha2_beta3_gamma2_local_9CTJ,BZD_SITE_203,alpha2,ILE,hydrophobic_interaction,8,6,9,0.6666666666666666,observed,3.66375,3.725,0.1325505294487459,8,,,,0,,,,0,,,,0,,,,
diazepam,alpha2,alpha2_beta3_gamma2_local_9CTJ,BZD_SITE_100,alpha2,PHE,hydrophobic_interaction,1,1,9,0.1111111111111111,observed,3.53,3.53,0.0,1,,,,0,,,,0,,,,0,,,,
diazepam,alpha2,alpha2_beta3_gamma2_local_9CTJ,BZD_SITE_210,alpha2,TYR,hydrophobic_interaction,1,1,9,0.1111111111111111,observed,3.27,3.27,0.0,1,,,,0,,,,0,,,,0,,,,
diazepam,alpha2,alpha2_beta3_gamma2_local_9CTJ,BZD_SITE_102,alpha2,HIS,pi_stack,2,2,9,0.2222222222222222,observed,,,,0,4.390000000000001,4.390000000000001,0.014142135623731277,2,63.53,63.53,0.11313708498984519,2,1.1099999999999999,1.1099999999999999,0.43840620433565936,2,0.0,0.2222222222222222,0.0,2.0
diazepam,alpha2,alpha2_beta3_gamma2_local_9CTJ,BZD_GAMMA2_060,gamma2,ASN,hydrophobic_interaction,3,3,9,0.3333333333333333,observed,3.566666666666667,3.56,0.09018499505645795,3,,,,0,,,,0,,,,0,,,,
diazepam,alpha2,alpha2_beta3_gamma2_local_9CTJ,BZD_SITE_103,alpha2,ASN,hydrophobic_interaction,2,2,9,0.2222222222222222,observed,3.7,3.7,0.33941125496954283,2,,,,0,,,,0,,,,0,,,,
diazepam,alpha2,alpha2_beta3_gamma2_local_9CTJ,BZD_SITE_154,alpha2,PRO,hydrophobic_interaction,1,1,9,0.1111111111111111,observed,3.61,3.61,0.0,1,,,,0,,,,0,,,,0,,,,
diazepam,alpha2,alpha2_beta3_gamma2_local_9CTJ,BZD_SITE_156,alpha2,LYS,hydrophobic_interaction,2,2,9,0.2222222222222222,observed,3.7199999999999998,3.7199999999999998,0.05656854249492354,2,,,,0,,,,0,,,,0,,,,
diazepam,alpha2,alpha2_beta3_gamma2_local_9CTJ,BZD_GAMMA2_195,gamma2,SER,halogen_bond,2,2,9,0.2222222222222222,observed,3.645,3.645,0.23334523779156074,2,,,,0,,,,0,,,,0,,,,
diazepam,alpha2,alpha2_beta3_gamma2_local_9CTJ,BZD_SITE_205,alpha2,SER,hydrogen_bond,1,1,9,0.1111111111111111,observed,3.89,3.89,0.0,1,,,,0,,,,0,,,,0,,,,
diazepam,alpha2,alpha2_beta3_gamma2_local_9CTJ,BZD_GAMMA2_059,gamma2,VAL,halogen_bond,0,0,9,0.0,no_interaction_observed,,,,0,,,,0,,,,0,,,,0,,,,
diazepam,alpha2,alpha2_beta3_gamma2_local_9CTJ,BZD_GAMMA2_195,gamma2,SER,hydrogen_bond,0,0,9,0.0,no_interaction_observed,,,,0,,,,0,,,,0,,,,0,,,,
diazepam,alpha2,alpha2_beta3_gamma2_local_9CTJ,BZD_GAMMA2_060,gamma2,ASN,halogen_bond,0,0,9,0.0,no_interaction_observed,,,,0,,,,0,,,,0,,,,0,,,,
diazepam,alpha2,alpha2_beta3_gamma2_local_9CTJ,BZD_SITE_102,alpha2,HIS,hydrophobic_interaction,0,0,9,0.0,no_interaction_observed,,,,0,,,,0,,,,0,,,,0,,,,
diazepam,alpha2,alpha2_beta3_gamma2_local_9CTJ,BZD_GAMMA2_192,gamma2,ASP,hydrophobic_interaction,0,0,9,0.0,no_interaction_observed,,,,0,,,,0,,,,0,,,,0,,,,
diazepam,alpha2,alpha2_beta3_gamma2_local_9CTJ,BZD_GAMMA2_058,gamma2,TYR,pi_stack,0,0,9,0.0,no_interaction_observed,,,,0,,,,0,,,,0,,,,0,0.0,0.0,0.0,0.0
diazepam,alpha2,alpha2_beta3_gamma2_local_9CTJ,BZD_GAMMA2_192,gamma2,ASP,halogen_bond,0,0,9,0.0,no_interaction_observed,,,,0,,,,0,,,,0,,,,0,,,,
diazepam,alpha2,alpha2_beta3_gamma2_local_9CTJ,BZD_GAMMA2_077,gamma2,PHE,pi_stack,0,0,9,0.0,no_interaction_observed,,,,0,,,,0,,,,0,,,,0,0.0,0.0,0.0,0.0
alprazolam,alpha2,alpha2_beta3_gamma2_local_9CTJ,BZD_GAMMA2_058,gamma2,TYR,hydrophobic_interaction,4,4,9,0.4444444444444444,observed,3.7425,3.795,0.2665051594247286,4,,,,0,,,,0,,,,0,,,,
alprazolam,alpha2,alpha2_beta3_gamma2_local_9CTJ,BZD_GAMMA2_077,gamma2,PHE,hydrophobic_interaction,7,6,9,0.6666666666666666,observed,3.5471428571428567,3.49,0.2318558665575293,7,,,,0,,,,0,,,,0,,,,
alprazolam,alpha2,alpha2_beta3_gamma2_local_9CTJ,BZD_SITE_203,alpha2,ILE,hydrophobic_interaction,9,7,9,0.7777777777777778,observed,3.4966666666666666,3.51,0.16896745248715797,9,,,,0,,,,0,,,,0,,,,
alprazolam,alpha2,alpha2_beta3_gamma2_local_9CTJ,BZD_SITE_100,alpha2,PHE,hydrophobic_interaction,2,2,9,0.2222222222222222,observed,3.7199999999999998,3.7199999999999998,0.07071067811865482,2,,,,0,,,,0,,,,0,,,,
alprazolam,alpha2,alpha2_beta3_gamma2_local_9CTJ,BZD_SITE_210,alpha2,TYR,hydrophobic_interaction,2,2,9,0.2222222222222222,observed,3.325,3.325,0.09192388155425142,2,,,,0,,,,0,,,,0,,,,
alprazolam,alpha2,alpha2_beta3_gamma2_local_9CTJ,BZD_SITE_102,alpha2,HIS,pi_stack,4,3,9,0.3333333333333333,observed,,,,0,4.8374999999999995,4.8,0.42279821822393376,4,73.055,73.345,7.8054190577230775,4,1.47,1.5150000000000001,0.4097966975627468,4,0.0,0.3333333333333333,0.0,3.0
alprazolam,alpha2,alpha2_beta3_gamma2_local_9CTJ,BZD_GAMMA2_060,gamma2,ASN,hydrophobic_interaction,4,4,9,0.4444444444444444,observed,3.5900000000000003,3.56,0.3045214825481667,4,,,,0,,,,0,,,,0,,,,
alprazolam,alpha2,alpha2_beta3_gamma2_local_9CTJ,BZD_SITE_103,alpha2,ASN,hydrophobic_interaction,3,3,9,0.3333333333333333,observed,3.7366666666666664,3.86,0.26727015047201447,3,,,,0,,,,0,,,,0,,,,
alprazolam,alpha2,alpha2_beta3_gamma2_local_9CTJ,BZD_SITE_154,alpha2,PRO,hydrophobic_interaction,2,2,9,0.2222222222222222,observed,3.7649999999999997,3.7649999999999997,0.07778174593052013,2,,,,0,,,,0,,,,0,,,,
alprazolam,alpha2,alpha2_beta3_gamma2_local_9CTJ,BZD_SITE_156,alpha2,LYS,hydrophobic_interaction,5,5,9,0.5555555555555556,observed,3.6,3.6,0.08999999999999993,5,,,,0,,,,0,,,,0,,,,
alprazolam,alpha2,alpha2_beta3_gamma2_local_9CTJ,BZD_GAMMA2_195,gamma2,SER,halogen_bond,0,0,9,0.0,no_interaction_observed,,,,0,,,,0,,,,0,,,,0,,,,
alprazolam,alpha2,alpha2_beta3_gamma2_local_9CTJ,BZD_SITE_205,alpha2,SER,hydrogen_bond,0,0,9,0.0,no_interaction_observed,,,,0,,,,0,,,,0,,,,0,,,,
alprazolam,alpha2,alpha2_beta3_gamma2_local_9CTJ,BZD_GAMMA2_059,gamma2,VAL,halogen_bond,0,0,9,0.0,no_interaction_observed,,,,0,,,,0,,,,0,,,,0,,,,
alprazolam,alpha2,alpha2_beta3_gamma2_local_9CTJ,BZD_GAMMA2_195,gamma2,SER,hydrogen_bond,1,1,9,0.1111111111111111,observed,3.83,3.83,0.0,1,,,,0,,,,0,,,,0,,,,
alprazolam,alpha2,alpha2_beta3_gamma2_local_9CTJ,BZD_GAMMA2_060,gamma2,ASN,halogen_bond,0,0,9,0.0,no_interaction_observed,,,,0,,,,0,,,,0,,,,0,,,,
alprazolam,alpha2,alpha2_beta3_gamma2_local_9CTJ,BZD_SITE_102,alpha2,HIS,hydrophobic_interaction,1,1,9,0.1111111111111111,observed,3.98,3.98,0.0,1,,,,0,,,,0,,,,0,,,,
alprazolam,alpha2,alpha2_beta3_gamma2_local_9CTJ,BZD_GAMMA2_192,gamma2,ASP,hydrophobic_interaction,0,0,9,0.0,no_interaction_observed,,,,0,,,,0,,,,0,,,,0,,,,
alprazolam,alpha2,alpha2_beta3_gamma2_local_9CTJ,BZD_GAMMA2_058,gamma2,TYR,pi_stack,0,0,9,0.0,no_interaction_observed,,,,0,,,,0,,,,0,,,,0,0.0,0.0,0.0,0.0
alprazolam,alpha2,alpha2_beta3_gamma2_local_9CTJ,BZD_GAMMA2_192,gamma2,ASP,halogen_bond,0,0,9,0.0,no_interaction_observed,,,,0,,,,0,,,,0,,,,0,,,,
alprazolam,alpha2,alpha2_beta3_gamma2_local_9CTJ,BZD_GAMMA2_077,gamma2,PHE,pi_stack,0,0,9,0.0,no_interaction_observed,,,,0,,,,0,,,,0,,,,0,0.0,0.0,0.0,0.0
triazolam,alpha2,alpha2_beta3_gamma2_local_9CTJ,BZD_GAMMA2_058,gamma2,TYR,hydrophobic_interaction,2,2,9,0.2222222222222222,observed,3.8600000000000003,3.8600000000000003,0.07071067811865482,2,,,,0,,,,0,,,,0,,,,
triazolam,alpha2,alpha2_beta3_gamma2_local_9CTJ,BZD_GAMMA2_077,gamma2,PHE,hydrophobic_interaction,4,4,9,0.4444444444444444,observed,3.7475,3.745,0.23599081903045863,4,,,,0,,,,0,,,,0,,,,
triazolam,alpha2,alpha2_beta3_gamma2_local_9CTJ,BZD_SITE_203,alpha2,ILE,hydrophobic_interaction,4,4,9,0.4444444444444444,observed,3.5225,3.535,0.12685293322058677,4,,,,0,,,,0,,,,0,,,,
triazolam,alpha2,alpha2_beta3_gamma2_local_9CTJ,BZD_SITE_100,alpha2,PHE,hydrophobic_interaction,0,0,9,0.0,no_interaction_observed,,,,0,,,,0,,,,0,,,,0,,,,
triazolam,alpha2,alpha2_beta3_gamma2_local_9CTJ,BZD_SITE_210,alpha2,TYR,hydrophobic_interaction,0,0,9,0.0,no_interaction_observed,,,,0,,,,0,,,,0,,,,0,,,,
triazolam,alpha2,alpha2_beta3_gamma2_local_9CTJ,BZD_SITE_102,alpha2,HIS,pi_stack,0,0,9,0.0,no_interaction_observed,,,,0,,,,0,,,,0,,,,0,0.0,0.0,0.0,0.0
triazolam,alpha2,alpha2_beta3_gamma2_local_9CTJ,BZD_GAMMA2_060,gamma2,ASN,hydrophobic_interaction,5,5,9,0.5555555555555556,observed,3.554,3.56,0.11970797801316335,5,,,,0,,,,0,,,,0,,,,
triazolam,alpha2,alpha2_beta3_gamma2_local_9CTJ,BZD_SITE_103,alpha2,ASN,hydrophobic_interaction,3,3,9,0.3333333333333333,observed,3.67,3.64,0.23643180835073765,3,,,,0,,,,0,,,,0,,,,
triazolam,alpha2,alpha2_beta3_gamma2_local_9CTJ,BZD_SITE_154,alpha2,PRO,hydrophobic_interaction,1,1,9,0.1111111111111111,observed,3.59,3.59,0.0,1,,,,0,,,,0,,,,0,,,,
triazolam,alpha2,alpha2_beta3_gamma2_local_9CTJ,BZD_SITE_156,alpha2,LYS,hydrophobic_interaction,5,5,9,0.5555555555555556,observed,3.718,3.86,0.3543585754571209,5,,,,0,,,,0,,,,0,,,,
triazolam,alpha2,alpha2_beta3_gamma2_local_9CTJ,BZD_GAMMA2_195,gamma2,SER,halogen_bond,1,1,9,0.1111111111111111,observed,3.8,3.8,0.0,1,,,,0,,,,0,,,,0,,,,
triazolam,alpha2,alpha2_beta3_gamma2_local_9CTJ,BZD_SITE_205,alpha2,SER,hydrogen_bond,0,0,9,0.0,no_interaction_observed,,,,0,,,,0,,,,0,,,,0,,,,
triazolam,alpha2,alpha2_beta3_gamma2_local_9CTJ,BZD_GAMMA2_059,gamma2,VAL,halogen_bond,1,1,9,0.1111111111111111,observed,3.15,3.15,0.0,1,,,,0,,,,0,,,,0,,,,
triazolam,alpha2,alpha2_beta3_gamma2_local_9CTJ,BZD_GAMMA2_195,gamma2,SER,hydrogen_bond,2,2,9,0.2222222222222222,observed,4.02,4.02,0.09899494936611643,2,,,,0,,,,0,,,,0,,,,
triazolam,alpha2,alpha2_beta3_gamma2_local_9CTJ,BZD_GAMMA2_060,gamma2,ASN,halogen_bond,2,2,9,0.2222222222222222,observed,3.495,3.495,0.12020815280171303,2,,,,0,,,,0,,,,0,,,,
triazolam,alpha2,alpha2_beta3_gamma2_local_9CTJ,BZD_SITE_102,alpha2,HIS,hydrophobic_interaction,5,5,9,0.5555555555555556,observed,3.7019999999999995,3.67,0.09679876032264055,5,,,,0,,,,0,,,,0,,,,
triazolam,alpha2,alpha2_beta3_gamma2_local_9CTJ,BZD_GAMMA2_192,gamma2,ASP,hydrophobic_interaction,1,1,9,0.1111111111111111,observed,3.87,3.87,0.0,1,,,,0,,,,0,,,,0,,,,
triazolam,alpha2,alpha2_beta3_gamma2_local_9CTJ,BZD_GAMMA2_058,gamma2,TYR,pi_stack,1,1,9,0.1111111111111111,observed,,,,0,5.39,5.39,0.0,1,88.08,88.08,0.0,1,1.11,1.11,0.0,1,0.0,0.1111111111111111,0.0,1.0
triazolam,alpha2,alpha2_beta3_gamma2_local_9CTJ,BZD_GAMMA2_192,gamma2,ASP,halogen_bond,1,1,9,0.1111111111111111,observed,3.02,3.02,0.0,1,,,,0,,,,0,,,,0,,,,
triazolam,alpha2,alpha2_beta3_gamma2_local_9CTJ,BZD_GAMMA2_077,gamma2,PHE,pi_stack,0,0,9,0.0,no_interaction_observed,,,,0,,,,0,,,,0,,,,0,0.0,0.0,0.0,0.0
zolpidem,alpha2,alpha2_beta3_gamma2_local_9CTJ,BZD_GAMMA2_058,gamma2,TYR,hydrophobic_interaction,4,4,9,0.4444444444444444,observed,3.7125,3.67,0.18209429791548482,4,,,,0,,,,0,,,,0,,,,
zolpidem,alpha2,alpha2_beta3_gamma2_local_9CTJ,BZD_GAMMA2_077,gamma2,PHE,hydrophobic_interaction,8,6,9,0.6666666666666666,observed,3.4225,3.4050000000000002,0.15599908424639644,8,,,,0,,,,0,,,,0,,,,
zolpidem,alpha2,alpha2_beta3_gamma2_local_9CTJ,BZD_SITE_203,alpha2,ILE,hydrophobic_interaction,6,6,9,0.6666666666666666,observed,3.5849999999999995,3.575,0.22810085488660492,6,,,,0,,,,0,,,,0,,,,
zolpidem,alpha2,alpha2_beta3_gamma2_local_9CTJ,BZD_SITE_100,alpha2,PHE,hydrophobic_interaction,3,3,9,0.3333333333333333,observed,3.6366666666666667,3.6,0.08144527815247073,3,,,,0,,,,0,,,,0,,,,
zolpidem,alpha2,alpha2_beta3_gamma2_local_9CTJ,BZD_SITE_210,alpha2,TYR,hydrophobic_interaction,1,1,9,0.1111111111111111,observed,3.55,3.55,0.0,1,,,,0,,,,0,,,,0,,,,
zolpidem,alpha2,alpha2_beta3_gamma2_local_9CTJ,BZD_SITE_102,alpha2,HIS,pi_stack,0,0,9,0.0,no_interaction_observed,,,,0,,,,0,,,,0,,,,0,0.0,0.0,0.0,0.0
zolpidem,alpha2,alpha2_beta3_gamma2_local_9CTJ,BZD_GAMMA2_060,gamma2,ASN,hydrophobic_interaction,3,3,9,0.3333333333333333,observed,3.6566666666666663,3.54,0.20207259421636906,3,,,,0,,,,0,,,,0,,,,
zolpidem,alpha2,alpha2_beta3_gamma2_local_9CTJ,BZD_SITE_103,alpha2,ASN,hydrophobic_interaction,2,2,9,0.2222222222222222,observed,3.6399999999999997,3.6399999999999997,0.33941125496954283,2,,,,0,,,,0,,,,0,,,,
zolpidem,alpha2,alpha2_beta3_gamma2_local_9CTJ,BZD_SITE_154,alpha2,PRO,hydrophobic_interaction,0,0,9,0.0,no_interaction_observed,,,,0,,,,0,,,,0,,,,0,,,,
zolpidem,alpha2,alpha2_beta3_gamma2_local_9CTJ,BZD_SITE_156,alpha2,LYS,hydrophobic_interaction,2,2,9,0.2222222222222222,observed,3.67,3.67,0.1131370849898477,2,,,,0,,,,0,,,,0,,,,
zolpidem,alpha2,alpha2_beta3_gamma2_local_9CTJ,BZD_GAMMA2_195,gamma2,SER,halogen_bond,0,0,9,0.0,no_interaction_observed,,,,0,,,,0,,,,0,,,,0,,,,
zolpidem,alpha2,alpha2_beta3_gamma2_local_9CTJ,BZD_SITE_205,alpha2,SER,hydrogen_bond,0,0,9,0.0,no_interaction_observed,,,,0,,,,0,,,,0,,,,0,,,,
zolpidem,alpha2,alpha2_beta3_gamma2_local_9CTJ,BZD_GAMMA2_059,gamma2,VAL,halogen_bond,0,0,9,0.0,no_interaction_observed,,,,0,,,,0,,,,0,,,,0,,,,
zolpidem,alpha2,alpha2_beta3_gamma2_local_9CTJ,BZD_GAMMA2_195,gamma2,SER,hydrogen_bond,0,0,9,0.0,no_interaction_observed,,,,0,,,,0,,,,0,,,,0,,,,
zolpidem,alpha2,alpha2_beta3_gamma2_local_9CTJ,BZD_GAMMA2_060,gamma2,ASN,halogen_bond,0,0,9,0.0,no_interaction_observed,,,,0,,,,0,,,,0,,,,0,,,,
zolpidem,alpha2,alpha2_beta3_gamma2_local_9CTJ,BZD_SITE_102,alpha2,HIS,hydrophobic_interaction,2,2,9,0.2222222222222222,observed,3.8200000000000003,3.8200000000000003,0.09899494936611673,2,,,,0,,,,0,,,,0,,,,
zolpidem,alpha2,alpha2_beta3_gamma2_local_9CTJ,BZD_GAMMA2_192,gamma2,ASP,hydrophobic_interaction,2,2,9,0.2222222222222222,observed,3.67,3.67,0.05656854249492385,2,,,,0,,,,0,,,,0,,,,
zolpidem,alpha2,alpha2_beta3_gamma2_local_9CTJ,BZD_GAMMA2_058,gamma2,TYR,pi_stack,1,1,9,0.1111111111111111,observed,,,,0,5.35,5.35,0.0,1,77.53,77.53,0.0,1,1.53,1.53,0.0,1,0.0,0.1111111111111111,0.0,1.0
zolpidem,alpha2,alpha2_beta3_gamma2_local_9CTJ,BZD_GAMMA2_192,gamma2,ASP,halogen_bond,0,0,9,0.0,no_interaction_observed,,,,0,,,,0,,,,0,,,,0,,,,
zolpidem,alpha2,alpha2_beta3_gamma2_local_9CTJ,BZD_GAMMA2_077,gamma2,PHE,pi_stack,0,0,9,0.0,no_interaction_observed,,,,0,,,,0,,,,0,,,,0,0.0,0.0,0.0,0.0
